SpnId,SpnMobId,SpnMapId,SpnX,SpnY,SpnLastDeath,SpnStartTime,SpnEndTime,SpnMobIdReplace
5,2,4711,6,6,1551192613,1,25,0
7,4,0,29,4,1566139286,25,25,0
8,2,0,39,6,1563338117,25,25,0
9,6,0,50,3,1566948262,25,25,0
10,6,0,55,7,1566711872,25,25,0
11,3,0,49,3,1565857750,25,25,0
12,4,0,80,7,1566257212,25,25,0
13,2,0,83,2,1563338117,25,25,0
14,2,0,106,1,1567280373,25,25,0
15,6,0,114,3,1567223517,25,25,0
16,6,0,116,3,1567138306,25,25,0
17,6,0,127,1,1566781584,25,25,0
18,2,0,124,1,1567133623,25,25,0
19,7,0,131,1,1563762477,25,25,0
20,1,0,135,4,1563746758,25,25,0
21,2,0,145,2,1565363586,25,25,0
22,2,0,144,6,1565363585,25,25,0
23,6,0,159,6,1566715522,25,25,0
24,2,0,157,1,1563338117,25,25,0
25,6,0,163,6,1566846061,25,25,0
26,1,0,165,6,1563338117,25,25,0
27,4,0,169,7,1563338117,25,25,0
28,4,0,196,3,1563338117,25,25,0
29,1,0,214,3,1563338117,25,25,0
30,6,0,42,12,1567136536,25,25,0
31,2,0,42,11,1567222777,25,25,0
32,7,0,48,11,1563338118,25,25,0
33,4,0,54,11,1567222772,25,25,0
34,3,0,100,15,1567235197,25,25,0
35,1,0,101,12,1567286150,25,25,0
36,6,0,120,15,1567227704,25,25,0
37,6,0,156,15,1566614048,25,25,0
38,4,0,173,10,1566940625,25,25,0
39,2,0,194,13,1566358306,25,25,0
40,6,0,204,13,1567272162,25,25,0
41,1,0,215,8,1563338117,25,25,0
42,6,0,6,19,1567135216,25,25,0
43,2,0,32,22,1566968742,25,25,0
44,6,0,63,21,1567244342,25,25,0
45,3,0,59,19,1567220842,25,25,0
46,1,0,83,17,1567223670,25,25,0
47,4,0,98,16,1567223462,25,25,0
48,1,0,98,17,1567244314,25,25,0
49,2,0,111,22,1567187277,25,25,0
50,1,0,107,16,1567259937,25,25,0
51,6,0,157,20,1566781402,25,25,0
52,2,0,6,24,1566139257,25,25,0
53,1,0,15,24,1567224855,25,25,0
54,3,0,102,27,1567224702,25,25,0
55,3,0,106,26,1567224695,25,25,0
56,1,0,109,24,1567244301,25,25,0
57,3,0,143,30,1567213642,25,25,0
58,7,0,151,31,1563338117,25,25,0
59,1,0,150,27,1567213542,25,25,0
60,2,0,156,28,1567213625,25,25,0
61,1,0,175,28,1567213336,25,25,0
62,4,0,207,27,1566358286,25,25,0
63,1,0,207,26,1564327203,25,25,0
64,2,0,215,26,1566672517,25,25,0
65,1,0,209,25,1566358284,25,25,0
66,1,0,19,32,1567224848,25,25,0
67,2,0,40,35,1567181560,25,25,0
68,3,0,58,33,1567220499,25,25,0
69,3,0,116,34,1567224710,25,25,0
70,2,0,130,32,1567244353,25,25,0
71,1,0,128,32,1567244346,25,25,0
72,1,0,174,34,1567213552,25,25,0
73,1,0,16,42,1567222806,25,25,0
74,1,0,51,46,1567051144,25,25,0
75,1,0,49,46,1567224791,25,25,0
76,4,0,89,45,1566957687,25,25,0
77,4,0,107,45,1567216428,25,25,0
78,6,0,136,43,1567244262,25,25,0
79,1,0,163,43,1563338117,25,25,0
80,4,0,183,40,1567213556,25,25,0
81,6,0,209,45,1566276147,25,25,0
82,4,0,208,44,1566511205,25,25,0
83,3,0,5,48,1566257157,25,25,0
84,6,0,15,52,1567224756,25,25,0
85,1,0,16,51,1567222814,25,25,0
86,2,0,76,48,1566965802,25,25,0
87,3,0,109,48,1567224720,25,25,0
88,6,0,141,48,1566436201,25,25,0
89,4,0,137,50,1566146147,25,25,0
90,4,0,208,51,1566940590,25,25,0
91,3,0,29,57,1567260578,25,25,0
92,1,0,32,58,1563338117,25,25,0
93,2,0,50,62,1567051069,25,25,0
94,2,0,54,61,1591409813,25,25,0
95,6,0,61,58,1566791478,25,25,0
96,2,0,68,60,1567224753,25,25,0
97,1,0,78,60,1567012074,25,25,0
98,2,0,102,58,1566965784,25,25,0
99,2,0,108,57,1567012021,25,25,0
100,4,0,114,60,1566773007,25,25,0
101,2,0,126,59,1563338118,25,25,0
102,2,0,143,56,1565534907,25,25,0
103,2,0,144,63,1566356370,25,25,0
104,3,0,159,59,1563338118,25,25,0
105,6,0,197,56,1566707985,25,25,0
106,2,0,214,57,1566257297,25,25,0
107,3,0,10,66,1566257143,25,25,0
108,2,0,34,70,1591995968,25,25,0
109,6,0,43,66,1566633622,25,25,0
110,3,0,47,67,1567224780,25,25,0
111,2,0,64,68,1566791515,25,25,0
112,4,0,100,66,1564027718,25,25,0
113,1,0,98,64,1567224731,25,25,0
114,6,0,107,65,1566791510,25,25,0
115,6,0,140,66,1566959880,25,25,0
116,1,0,144,67,1567244392,25,25,0
117,2,0,156,66,1563338118,25,25,0
118,3,0,201,67,1567222628,25,25,0
119,6,0,214,69,1566848060,25,25,0
120,2,0,214,68,1563338118,25,25,0
121,6,0,5,74,1566411943,25,25,0
122,1,0,8,76,1566619376,25,25,0
123,6,0,17,75,1592322818,25,25,0
124,4,0,40,75,1567220541,25,25,0
125,2,0,45,73,1567008231,25,25,0
126,2,0,95,76,1563338118,25,25,0
127,2,0,90,77,1563338118,25,25,0
128,3,0,111,74,1565402732,25,25,0
129,2,0,117,78,1564183507,25,25,0
130,2,0,123,74,1564183357,25,25,0
131,6,0,135,78,1566957682,25,25,0
132,2,0,128,78,1564183510,25,25,0
133,4,0,141,74,1566190212,25,25,0
134,6,0,154,74,1566836325,25,25,0
135,2,0,156,74,1567244409,25,25,0
136,1,0,152,79,1564196092,25,25,0
137,1,0,178,72,1566869385,25,25,0
138,1,0,198,79,1566925711,25,25,0
139,4,0,207,75,1567222617,25,25,0
140,6,0,216,77,1565362965,25,25,0
141,2,0,20,84,1567222833,25,25,0
142,1,0,38,87,1567037871,25,25,0
143,6,0,62,84,1567222749,25,25,0
144,2,0,60,80,1566965866,25,25,0
145,1,0,68,81,1566791525,25,25,0
146,4,0,78,80,1566968895,25,25,0
147,4,0,105,81,1563338118,25,25,0
148,6,0,113,84,1566009753,25,25,0
149,4,0,116,82,1563338118,25,25,0
150,3,0,113,83,1563338118,25,25,0
151,6,0,133,82,1567041457,25,25,0
152,6,0,144,80,1567244294,25,25,0
153,2,0,151,80,1566505831,25,25,0
154,6,0,171,80,1566866670,25,25,0
155,4,0,168,86,1564099888,25,25,0
156,3,0,200,86,1567222608,25,25,0
157,1,0,201,86,1567222610,25,25,0
158,6,0,208,87,1592346313,25,25,0
159,6,0,4,90,1567012186,25,25,0
160,1,0,13,94,1567215978,25,25,0
161,6,0,22,95,1567279970,25,25,0
162,4,0,18,90,1567222839,25,25,0
163,3,0,21,95,1567275538,25,25,0
164,1,0,34,90,1567052972,25,25,0
165,6,0,45,88,1567199589,25,25,0
166,6,0,69,94,1567279925,25,25,0
167,4,0,71,92,1566726253,25,25,0
168,2,0,78,90,1566968900,25,25,0
169,1,0,76,93,1566968899,25,25,0
170,1,0,87,90,1567055754,25,25,0
171,6,0,99,92,1567279845,25,25,0
172,6,0,99,91,1566247051,25,25,0
173,6,0,124,91,1565579533,25,25,0
174,1,0,158,93,1566606395,25,25,0
175,1,0,165,94,1566606397,25,25,0
176,2,0,197,88,1566148070,25,25,0
177,1,0,195,88,1565144659,25,25,0
178,1,0,206,91,1567187017,25,25,0
179,4,0,218,92,1565363677,25,25,0
180,6,0,2,103,1567222858,25,25,0
181,6,0,16,102,1567225456,25,25,0
182,1,0,22,98,1567107123,25,25,0
183,1,0,17,102,1567279964,25,25,0
184,6,0,41,98,1567222796,25,25,0
185,1,0,69,96,1563639911,25,25,0
186,2,0,79,96,1566965908,25,25,0
187,3,0,95,100,1563338118,25,25,0
188,4,0,107,98,1563338118,25,25,0
189,2,0,112,97,1565049304,25,25,0
190,6,0,170,103,1567223430,25,25,0
191,4,0,198,102,1567222592,25,25,0
192,2,0,205,101,1592346534,25,25,0
193,3,0,209,101,1591499098,25,25,0
194,4,0,8,110,1567212698,25,25,0
195,1,0,12,107,1567294634,25,25,0
196,1,0,18,109,1567279954,25,25,0
197,3,0,36,105,1567220789,25,25,0
198,6,0,40,107,1566765374,25,25,0
199,1,0,46,108,1567218247,25,25,0
200,1,0,50,109,1567104500,25,25,0
201,2,0,71,106,1567183543,25,25,0
202,7,0,87,107,1563338118,25,25,0
203,4,0,110,109,1566138027,25,25,0
204,2,0,141,107,1563338118,25,25,0
205,2,0,153,108,1566792720,25,25,0
206,6,0,163,109,1567188722,25,25,0
207,6,0,167,106,1566611361,25,25,0
208,2,0,164,104,1566792732,25,25,0
209,2,0,163,111,1567293843,25,25,0
210,1,0,166,108,1567293836,25,25,0
211,1,0,160,104,1566792715,25,25,0
212,7,0,179,108,1563338118,25,25,0
213,4,0,195,106,1567208779,25,25,0
214,1,0,204,108,1591499089,25,25,0
215,6,0,208,109,1566777211,25,25,0
216,3,0,2,118,1567144287,25,25,0
217,1,0,5,118,1566526862,25,25,0
218,1,0,5,112,1567215648,25,25,0
219,1,0,14,116,1567279957,25,25,0
220,6,0,23,113,1567047922,25,25,0
221,2,0,23,115,1567293357,25,25,0
222,2,0,39,112,1567033868,25,25,0
223,1,0,52,113,1567218234,25,25,0
224,1,0,95,118,1563338118,25,25,0
225,7,0,100,119,1563338118,25,25,0
226,6,0,96,113,1566724918,25,25,0
227,3,0,110,117,1566138008,25,25,0
228,6,0,114,115,1567038924,25,25,0
229,2,0,119,112,1565049295,25,25,0
230,2,0,134,114,1563338118,25,25,0
231,2,0,159,119,1563441163,25,25,0
232,1,0,171,119,1563338118,25,25,0
233,2,0,204,112,1591499089,25,25,0
234,3,0,219,114,1567223271,25,25,0
235,2,0,4,122,1567144291,25,25,0
236,6,0,9,121,1567218175,25,25,0
237,2,0,9,127,1567144300,25,25,0
238,3,0,19,120,1591499471,25,25,0
239,2,0,24,125,1567260665,25,25,0
240,1,0,103,120,1563338118,25,25,0
241,4,0,113,122,1567106459,25,25,0
242,6,0,135,125,1566356387,25,25,0
243,3,0,189,123,1567223301,25,25,0
244,6,0,193,127,1567081329,25,25,0
245,4,0,202,120,1567153408,25,25,0
246,2,0,205,121,1567180667,25,25,0
247,4,0,18,128,1567144176,25,25,0
248,4,0,51,131,1567218224,25,25,0
249,2,0,54,134,1567218226,25,25,0
250,1,0,52,134,1567223126,25,25,0
251,1,0,54,131,1567260228,25,25,0
252,2,0,61,132,1567181745,25,25,0
253,2,0,79,129,1563975179,25,25,0
254,1,0,101,132,1567279937,25,25,0
255,1,0,99,131,1567279943,25,25,0
256,1,0,102,135,1567279935,25,25,0
257,1,0,108,130,1567279930,25,25,0
258,4,0,138,128,1565192510,25,25,0
259,1,0,145,128,1566159797,25,25,0
260,1,0,145,135,1563338118,25,25,0
261,2,0,156,129,1566146654,25,25,0
262,1,0,168,128,1567223334,25,25,0
263,6,0,185,131,1566968468,25,25,0
264,6,0,194,129,1566358971,25,25,0
265,7,0,215,130,1563338117,25,25,0
266,2,0,7,136,1567144308,25,25,0
267,6,0,26,140,1567181817,25,25,0
268,1,0,39,137,1567223135,25,25,0
269,1,0,84,141,1567011464,25,25,0
270,6,0,143,138,1566894787,25,25,0
271,3,0,167,140,1567223324,25,25,0
272,2,0,171,142,1563478639,25,25,0
273,6,0,206,142,1566968450,25,25,0
274,4,0,215,142,1565363470,25,25,0
275,1,0,219,137,1565363468,25,25,0
276,4,0,4,144,1567144313,25,25,0
277,1,0,7,146,1563338118,25,25,0
278,6,0,20,151,1567227526,25,25,0
279,4,0,40,151,1567195594,25,25,0
280,1,0,52,146,1597279161,25,25,0
281,7,0,57,146,1563338118,25,25,0
282,1,0,66,144,1567223157,25,25,0
283,1,0,74,149,1567223154,25,25,0
284,2,0,135,144,1566137796,25,25,0
285,2,0,196,145,1567293254,25,25,0
286,6,0,218,151,1566757077,25,25,0
287,6,0,8,153,1566870730,25,25,0
288,4,0,10,159,1567144323,25,25,0
289,3,0,16,153,1591499502,25,25,0
290,2,0,23,153,1567260892,25,25,0
291,1,0,20,153,1567265637,25,25,0
292,6,0,25,158,1566986624,25,25,0
293,6,0,40,155,1567003737,25,25,0
294,6,0,48,156,1567218222,25,25,0
295,1,0,69,159,1567223679,25,25,0
296,4,0,111,159,1567223235,25,25,0
297,2,0,118,152,1567040424,25,25,0
298,6,0,195,152,1567224889,25,25,0
299,6,0,42,160,1567218221,25,25,0
300,1,0,45,162,1567121405,25,25,0
301,3,0,59,167,1567260465,25,25,0
302,3,0,71,165,1567223178,25,25,0
303,6,0,167,165,1566177119,25,25,0
304,2,0,171,166,1566506161,25,25,0
305,2,0,172,162,1563478330,25,25,0
306,1,0,180,165,1563338118,25,25,0
307,6,0,204,163,1566575141,25,25,0
308,4,0,216,163,1563338118,25,25,0
309,1,0,217,167,1563338118,25,25,0
310,1,0,4,172,1563338118,25,25,0
311,3,0,18,175,1567170846,25,25,0
312,1,0,46,168,1567070460,25,25,0
313,1,0,60,168,1567204875,25,25,0
314,3,0,71,174,1567223197,25,25,0
315,2,0,75,175,1566726027,25,25,0
316,4,0,86,174,1566987453,25,25,0
317,3,0,86,173,1567223209,25,25,0
318,3,0,95,174,1567223219,25,25,0
319,6,0,107,174,1567104059,25,25,0
320,6,0,111,168,1567039910,25,25,0
321,2,0,142,174,1564183630,25,25,0
322,1,0,169,168,1563338118,25,25,0
323,1,0,209,174,1566575130,25,25,0
324,2,0,219,172,1566257372,25,25,0
325,2,0,217,173,1563338118,25,25,0
326,3,0,7,180,1567144228,25,25,0
327,1,0,1,178,1563338118,25,25,0
328,4,0,10,177,1567144333,25,25,0
329,6,0,24,177,1567103515,25,25,0
330,4,0,29,183,1567079122,25,25,0
331,1,0,31,182,1567048696,25,25,0
332,7,0,118,183,1563338118,25,25,0
333,7,0,118,176,1566014331,25,25,0
334,6,0,214,176,1567224906,25,25,0
335,2,0,216,182,1563338118,25,25,0
336,6,0,1,190,1566009757,25,25,0
337,6,0,54,188,1567279824,25,25,0
338,1,0,52,189,1566791572,25,25,0
339,2,0,115,186,1566753549,25,25,0
340,1,0,114,189,1567224908,25,25,0
341,4,0,120,187,1566709382,25,25,0
342,6,0,132,187,1567011089,25,25,0
343,1,0,135,188,1566753588,25,25,0
344,2,0,172,190,1566506168,25,25,0
345,3,0,187,186,1567137002,25,25,0
346,3,0,203,186,1566965262,25,25,0
347,2,0,206,185,1566963443,25,25,0
348,1,0,219,186,1563338118,25,25,0
349,3,0,23,199,1567144235,25,25,0
350,1,0,16,197,1566968262,25,25,0
351,1,0,28,197,1566968256,25,25,0
352,6,0,34,197,1567034545,25,25,0
353,6,0,46,192,1566425670,25,25,0
354,6,0,95,192,1566875448,25,25,0
355,3,0,91,192,1567011370,25,25,0
356,2,0,102,194,1566948097,25,25,0
357,6,0,110,196,1567223397,25,25,0
358,2,0,116,192,1566753558,25,25,0
359,6,0,152,192,1567208214,25,25,0
360,2,0,189,195,1566963800,25,25,0
361,2,0,191,197,1566963803,25,25,0
362,1,0,5,205,1563338118,25,25,0
363,3,0,22,203,1567144253,25,25,0
364,2,0,56,205,1566883602,25,25,0
365,6,0,69,202,1567285699,25,25,0
366,4,0,69,201,1563338118,25,25,0
367,6,0,73,202,1567204891,25,25,0
368,3,0,75,201,1566963245,25,25,0
369,2,0,79,202,1567193566,25,25,0
370,2,0,81,205,1567193561,25,25,0
371,6,0,106,206,1567288302,25,25,0
372,2,0,106,207,1591926494,25,25,0
373,4,0,116,205,1567187386,25,25,0
374,1,0,114,202,1567224905,25,25,0
375,6,0,132,206,1567011147,25,25,0
376,6,0,167,204,1566514309,25,25,0
377,3,0,163,204,1567171249,25,25,0
378,1,0,177,200,1566968442,25,25,0
379,2,0,188,206,1567092983,25,25,0
380,2,0,196,204,1567280368,25,25,0
381,3,0,216,202,1566257390,25,25,0
382,3,0,1,211,1567144348,25,25,0
383,3,0,31,210,1567079330,25,25,0
384,2,0,47,208,1566968351,25,25,0
385,6,0,81,211,1567273046,25,25,0
386,1,0,85,208,1567208963,25,25,0
387,6,0,94,215,1567222310,25,25,0
388,3,0,90,215,1566412325,25,25,0
389,2,0,94,211,1567286067,25,25,0
390,3,0,119,209,1567220557,25,25,0
391,2,0,116,208,1567164059,25,25,0
392,1,0,124,210,1567107232,25,25,0
393,4,0,137,209,1566754872,25,25,0
394,2,0,143,215,1563338118,25,25,0
395,1,0,140,211,1567128425,25,25,0
396,2,0,146,209,1566453981,25,25,0
397,2,0,156,210,1566514299,25,25,0
398,3,0,160,214,1565857699,25,25,0
399,6,0,176,214,1566672860,25,25,0
400,6,0,178,214,1566809652,25,25,0
401,2,0,197,208,1567280335,25,25,0
402,2,0,215,209,1563338118,25,25,0
403,6,0,15,217,1567144319,25,25,0
404,6,0,38,219,1567208794,25,25,0
405,6,0,43,217,1566675624,25,25,0
406,6,0,43,216,1567027417,25,25,0
407,6,0,52,216,1567104042,25,25,0
408,4,0,55,219,1566257041,25,25,0
409,6,0,69,217,1567123854,25,25,0
410,6,0,80,219,1566758493,25,25,0
411,3,0,84,216,1566412329,25,25,0
412,2,0,92,218,1563338118,25,25,0
413,1,0,108,219,1567093807,25,25,0
414,1,0,124,216,1563338118,25,25,0
415,2,0,146,217,1566257907,25,25,0
416,6,0,204,217,1566023018,25,25,0
421,42,1321,10,8,1567108769,25,25,0
422,42,1321,13,8,1567192152,25,25,0
423,42,1321,20,11,1567192120,25,25,0
424,42,1321,18,8,1567192131,25,25,0
425,48,3040,29,3,1597614475,25,25,0
426,57,4702,23,30,1546588360,25,25,0
427,56,4702,17,31,1546588620,25,25,0
428,58,4702,23,33,1546588620,25,25,0
429,59,4702,21,20,1546588620,25,25,0
430,59,4702,25,22,1546588360,25,25,0
431,60,4702,25,20,1546588360,25,25,0
432,61,4702,3,19,1546588360,25,25,0
433,61,4702,5,20,1546588360,25,25,0
434,61,4702,8,20,1546588360,25,25,0
435,63,4702,20,5,1546588360,25,25,0
436,62,4702,21,7,1546588360,25,25,0
437,64,4702,5,6,1546588360,25,25,0
438,65,4702,8,6,1546588360,25,25,0
439,66,4703,21,22,1542196683,25,25,0
440,67,4703,6,18,1542196683,25,25,0
441,68,4703,8,8,1542196683,25,25,0
442,69,4703,22,8,1542196683,25,25,0
493,81,4,3,4,1527550411,25,25,81
494,82,4,3,4,0,25,25,0
495,83,4,3,4,0,25,25,0
496,3,330,87,21,1596763726,25,25,0
497,2,330,87,19,1596764499,25,25,0
498,2,330,87,22,1596764486,25,25,0
499,2,330,85,22,1596764481,25,25,0
500,2,330,85,20,1596764484,25,25,0
502,2,330,92,20,1596763726,25,25,0
503,2,330,94,20,1596763753,25,25,0
504,2,330,94,22,1596763755,25,25,0
505,2,330,89,21,1596764489,25,25,0
506,2,330,89,19,1596762974,25,25,0
507,2,330,98,21,1596767098,25,25,0
508,2,330,96,20,1596763752,25,25,0
509,2,330,96,22,1596763657,25,25,0
510,2,330,110,22,1596763781,25,25,0
511,3,330,113,21,1596764557,25,25,0
512,3,330,117,21,1596763616,25,25,0
513,2,330,112,22,1596764552,25,25,0
514,2,330,112,20,1596764548,25,25,0
515,2,330,114,20,1596764545,25,25,0
516,2,330,114,22,1596763612,25,25,0
517,2,330,116,20,1596764547,25,25,0
518,2,330,117,22,1596764544,25,25,0
519,2,330,118,20,1596763622,25,25,0
520,2,330,119,21,1596764548,25,25,0
521,4,330,87,28,1596764480,25,25,0
522,2,330,87,29,1597201563,25,25,0
523,2,330,85,28,1596764478,25,25,0
525,4,330,91,28,1596764476,25,25,0
526,3,330,91,26,1596764517,25,25,0
527,2,330,95,29,1596767091,25,25,0
528,2,330,93,28,1597201565,25,25,0
529,2,330,91,29,1597201564,25,25,0
530,2,330,89,28,1596764474,25,25,0
531,2,330,89,25,1596764517,25,25,0
532,3,330,101,27,1597106437,25,25,0
533,2,330,102,28,1596763795,25,25,0
534,2,330,102,26,1596764612,25,25,0
535,2,330,100,27,1597106430,25,25,0
536,2,330,100,29,1597201565,25,25,0
537,2,330,98,28,1596764612,25,25,0
538,2,330,98,26,1596763757,25,25,0
539,2,330,96,24,1596767098,25,25,0
540,2,330,96,27,1596767096,25,25,0
541,4,330,108,26,1596764555,25,25,0
542,4,330,104,28,1596764612,25,25,0
543,2,330,109,27,1596764558,25,25,0
544,2,330,107,27,1596763791,25,25,0
545,2,330,105,28,1597201566,25,25,0
546,2,330,105,26,1596762728,25,25,0
547,2,330,104,29,1596763797,25,25,0
548,2,330,14,23,1596504213,25,25,0
550,2,330,10,23,1596504213,25,25,0
552,2,330,19,20,1596504213,25,25,0
554,2,330,16,23,1596504213,25,25,0
556,2,330,29,20,1596504213,25,25,0
558,2,330,25,20,1596504213,25,25,0
560,2,330,34,20,1596504213,25,25,0
561,8,330,11,28,1547332206,25,25,0
562,8,330,9,30,1546668518,25,25,0
563,8,330,15,30,1547332230,25,25,0
564,8,330,11,24,1547575178,25,25,0
566,2,330,11,31,1596504213,25,25,0
568,2,330,11,29,1596504213,25,25,0
570,2,330,14,27,1596504213,25,25,0
572,2,330,13,25,1596504213,25,25,0
574,8,330,16,26,1547332217,25,25,0
576,2,330,20,31,1596504213,25,25,0
578,2,330,22,29,1596504213,25,25,0
580,2,330,18,29,1596504213,25,25,0
582,2,330,16,27,1596504213,25,25,0
584,2,330,19,25,1596504213,25,25,0
586,2,330,30,31,1596504213,25,25,0
588,2,330,31,27,1596504213,25,25,0
590,2,330,32,31,1596504213,25,25,0
592,2,330,34,29,1596504213,25,25,0
594,2,330,33,27,1596504213,25,25,0
596,2,330,9,32,1596504213,25,25,0
598,2,330,11,36,1596504213,25,25,0
600,2,330,11,33,1596504213,25,25,0
602,2,330,18,35,1596504213,25,25,0
604,2,330,20,36,1596504213,25,25,0
606,2,330,17,33,1596504213,25,25,0
608,2,330,22,33,1596504213,25,25,0
610,2,330,28,36,1596504213,25,25,0
612,2,330,24,33,1596504213,25,25,0
614,2,330,37,36,1596504213,25,25,0
616,2,330,35,36,1596504213,25,25,0
618,2,330,34,33,1596504213,25,25,0
619,2,330,36,33,1596504213,25,25,0
620,2,330,71,95,1596504214,25,25,0
621,2,330,78,93,1596504214,25,25,0
622,2,330,75,93,1596504214,25,25,0
623,2,330,72,93,1596504214,25,25,0
624,2,330,77,95,1596504214,25,25,0
625,2,330,74,95,1596504214,25,25,0
626,2,330,80,94,1596504214,25,25,0
627,1,330,62,97,1596504214,25,25,0
628,1,330,62,100,1596504214,25,25,0
629,1,330,62,103,1596504214,25,25,0
630,1,330,60,101,1596504214,25,25,0
631,1,330,60,98,1596504214,25,25,0
632,1,330,71,103,1596504214,25,25,0
633,1,330,71,99,1596504214,25,25,0
634,1,330,69,98,1596504214,25,25,0
635,1,330,69,101,1596504214,25,25,0
636,1,330,69,96,1596504214,25,25,0
637,1,330,66,98,1596504214,25,25,0
638,1,330,66,101,1596504214,25,25,0
639,1,330,64,102,1596504214,25,25,0
640,1,330,64,99,1596504214,25,25,0
641,2,330,79,101,1596504214,25,25,0
642,2,330,79,98,1596504214,25,25,0
643,2,330,77,102,1596504214,25,25,0
644,1,330,77,99,1596504214,25,25,0
645,1,330,78,96,1596504214,25,25,0
646,1,330,75,96,1596504214,25,25,0
647,1,330,72,96,1596504214,25,25,0
648,2,330,81,96,1596504214,25,25,0
649,2,330,82,98,1596504214,25,25,0
650,2,330,82,100,1596504214,25,25,0
651,2,330,82,102,1596504214,25,25,0
652,1,330,62,107,1596504214,25,25,0
653,1,330,60,104,1596504214,25,25,0
654,1,330,69,104,1596504214,25,25,0
655,1,330,69,107,1596504214,25,25,0
656,1,330,66,104,1596504214,25,25,0
657,1,330,66,107,1596504214,25,25,0
658,1,330,64,105,1596504214,25,25,0
659,2,330,79,107,1596504214,25,25,0
660,2,330,79,104,1596504214,25,25,0
661,1,330,77,108,1596504214,25,25,0
662,1,330,77,105,1596504214,25,25,0
663,2,330,82,105,1596504214,25,25,0
664,2,330,82,107,1596504214,25,25,0
665,9,330,92,21,1597187623,25,25,0
666,70,330,97,25,1596767095,25,25,0
667,2,330,77,118,1596504214,25,25,0
668,2,330,79,125,1596504214,25,25,0
669,2,330,76,125,1596504214,25,25,0
670,2,330,76,120,1596504214,25,25,0
671,2,330,77,122,1596504214,25,25,0
672,2,330,87,120,1596504214,25,25,0
673,2,330,86,125,1596504214,25,25,0
674,2,330,82,124,1596504214,25,25,0
675,2,330,94,125,1596504214,25,25,0
676,2,330,90,120,1596504214,25,25,0
677,2,330,90,125,1596504214,25,25,0
678,2,330,90,129,1596504214,25,25,0
679,2,330,102,119,1596504214,25,25,0
680,2,330,104,119,1596504214,25,25,0
681,2,330,101,120,1596504214,25,25,0
682,2,330,102,121,1596504214,25,25,0
683,2,330,98,125,1596504214,25,25,0
684,2,330,101,124,1596504214,25,25,0
685,2,330,104,127,1596504214,25,25,0
686,2,330,107,125,1596504214,25,25,0
687,2,330,104,123,1596504214,25,25,0
688,2,330,107,121,1596504214,25,25,0
689,2,330,93,116,1596504214,25,25,0
690,2,330,94,117,1596504214,25,25,0
691,2,330,92,117,1596504214,25,25,0
692,2,330,97,116,1596504214,25,25,0
693,2,330,101,116,1596504214,25,25,0
694,2,330,102,117,1596504214,25,25,0
695,2,330,100,117,1596504214,25,25,0
696,2,330,98,117,1596504214,25,25,0
697,2,330,96,117,1596504214,25,25,0
698,1,330,95,106,1596504214,25,25,0
699,1,330,91,106,1596504214,25,25,0
700,1,330,93,106,1596504214,25,25,0
701,1,330,90,108,1596504214,25,25,0
702,1,330,92,108,1596504214,25,25,0
703,1,330,94,108,1596504214,25,25,0
704,1,330,93,110,1596504214,25,25,0
705,1,330,91,110,1596504214,25,25,0
706,1,330,90,112,1596504214,25,25,0
707,1,330,92,112,1596504214,25,25,0
708,1,330,94,112,1596504214,25,25,0
709,1,330,107,98,1596504214,25,25,0
710,1,330,106,103,1596504214,25,25,0
711,1,330,108,108,1596504214,25,25,0
712,2,330,117,55,1596504213,25,25,0
713,2,330,121,55,1596504213,25,25,0
714,2,330,134,53,1596504213,25,25,0
715,2,330,132,53,1596504213,25,25,0
716,2,330,131,51,1596504213,25,25,0
717,2,330,133,51,1596504213,25,25,0
718,2,330,135,51,1596504213,25,25,0
719,2,330,136,53,1596504213,25,25,0
720,2,330,117,61,1596504213,25,25,0
721,2,330,118,58,1596504213,25,25,0
722,1,330,117,63,1596504213,25,25,0
723,2,330,120,61,1596504213,25,25,0
724,2,330,121,58,1596504213,25,25,0
725,2,330,125,63,1596504213,25,25,0
726,2,330,123,63,1596504213,25,25,0
727,2,330,133,57,1596504213,25,25,0
728,2,330,132,62,1596504213,25,25,0
729,2,330,136,57,1596504213,25,25,0
730,2,330,136,62,1596504213,25,25,0
731,2,330,118,65,1596504213,25,25,0
732,1,330,116,67,1596504213,25,25,0
733,2,330,123,66,1596504213,25,25,0
734,2,330,126,65,1596504213,25,25,0
735,1,330,120,67,1596504213,25,25,0
736,2,330,130,64,1596504213,25,25,0
737,2,330,132,67,1596504213,25,25,0
738,2,330,134,64,1596504213,25,25,0
739,2,330,136,67,1596504213,25,25,0
740,3,330,59,5,1596504213,25,25,0
741,1,330,58,6,1596504213,25,25,0
742,4,330,49,7,1596504213,25,25,0
743,11,330,53,10,1596504213,25,25,0
744,3,330,38,13,1596504213,25,25,0
745,1,330,15,7,1596504213,25,25,0
746,1,330,8,7,1596504213,25,25,0
747,1,330,8,5,1596504213,25,25,0
748,1,330,11,5,1596504213,25,25,0
749,1,330,14,5,1596504213,25,25,0
750,1,330,10,7,1596504213,25,25,0
751,1,330,13,7,1596504213,25,25,0
752,1,330,7,11,1596504213,25,25,0
753,1,330,12,10,1596504213,25,25,0
754,1,330,14,9,1596504213,25,25,0
755,1,330,11,9,1596504213,25,25,0
756,1,330,8,9,1596504213,25,25,0
757,1,330,10,11,1596504213,25,25,0
758,1,330,13,11,1596504213,25,25,0
759,1,330,14,13,1596504213,25,25,0
760,1,330,11,13,1596504213,25,25,0
761,1,330,8,13,1596504213,25,25,0
762,1,330,16,12,1596504213,25,25,0
763,1,330,29,13,1596504213,25,25,0
764,1,330,31,13,1596504213,25,25,0
765,1,330,33,13,1597201580,25,25,0
766,1,330,25,6,1596504213,25,25,0
767,1,330,24,8,1596504213,25,25,0
768,1,330,27,8,1596504213,25,25,0
769,10,330,92,10,1596504213,25,25,0
770,3,330,92,6,1596504213,25,25,0
771,11,330,94,7,1596504213,25,25,0
772,4,330,104,10,1596504213,25,25,0
773,49,330,101,12,1596504213,25,25,0
774,4,330,115,11,1596504213,25,25,0
775,8,330,112,13,1596504213,25,25,0
776,4,330,134,12,1596504213,25,25,0
777,4,330,131,9,1596504213,25,25,0
778,3,330,131,12,1596504213,25,25,0
779,1,330,142,13,1596504213,25,25,0
780,1,330,136,10,1596504213,25,25,0
781,49,330,140,10,1596504213,25,25,0
782,49,330,138,12,1596504213,25,25,0
783,8,330,142,23,1596504213,25,25,0
784,1,330,142,69,1596504213,25,25,0
785,1,330,142,78,1596504214,25,25,0
786,11,330,142,100,1596504214,25,25,0
787,49,330,142,152,1596504214,25,25,0
788,1,330,90,151,1596504214,25,25,0
789,11,330,46,152,1596504214,25,25,0
790,1,330,15,117,1596504214,25,25,0
791,1,330,8,118,1596504214,25,25,0
792,1,330,17,112,1596504214,25,25,0
793,11,330,10,120,1596504214,25,25,0
794,1,330,11,121,1596504214,25,25,0
795,1,330,8,121,1596504214,25,25,0
796,1,330,22,120,1596504214,25,25,0
797,1,330,20,120,1596504214,25,25,0
798,1,330,16,120,1596504214,25,25,0
799,11,330,23,127,1596504214,25,25,0
800,1,330,10,131,1596504214,25,25,0
801,1,330,23,132,1596504214,25,25,0
802,1,330,18,132,1596504214,25,25,0
803,1,330,21,135,1596504214,25,25,0
804,1,330,16,135,1596504214,25,25,0
805,1,330,13,137,1596504214,25,25,0
806,1,330,10,138,1596504214,25,25,0
807,1,330,19,137,1596504214,25,25,0
808,1,330,40,134,1596504214,25,25,0
809,1,330,38,138,1596504214,25,25,0
810,1,330,36,136,1596504214,25,25,0
811,1,330,36,139,1596504214,25,25,0
812,1,330,41,139,1596504214,25,25,0
813,1,330,41,136,1596504214,25,25,0
814,1,330,45,136,1596504214,25,25,0
815,1,330,45,139,1596504214,25,25,0
816,1,330,51,124,1596504214,25,25,0
817,1,330,53,126,1596504214,25,25,0
818,1,330,54,124,1596504214,25,25,0
819,1,330,71,119,1596504214,25,25,0
820,1,330,68,119,1596504214,25,25,0
824,1,330,70,124,1596504214,25,25,0
825,1,330,68,122,1596504214,25,25,0
826,1,330,71,122,1596504214,25,25,0
827,11,330,76,90,1596504214,25,25,0
828,2,330,94,84,1596504214,25,25,0
829,2,330,96,84,1596504214,25,25,0
830,11,330,105,63,1596504213,25,25,0
831,2,330,105,56,1596504213,25,25,0
832,11,330,109,57,1596504213,25,25,0
833,11,330,109,60,1596504213,25,25,0
834,49,330,60,32,1596504213,25,25,0
835,11,330,43,62,1596504213,25,25,0
836,1,330,46,75,1596504214,25,25,0
837,1,330,46,79,1596504214,25,25,0
838,2,330,54,78,1596504214,25,25,0
839,2,330,50,78,1596504214,25,25,0
840,1,330,49,79,1596504214,25,25,0
841,1,330,53,79,1596504214,25,25,0
842,1,330,55,79,1596504214,25,25,0
843,1,330,48,76,1596504213,25,25,0
844,1,330,51,76,1596504214,25,25,0
845,1,330,54,76,1596504214,25,25,0
846,1,330,57,76,1596504214,25,25,0
847,1,330,60,76,1596504214,25,25,0
848,8,330,47,71,1596504213,25,25,0
849,2,330,47,61,1596504213,25,25,0
850,2,330,47,64,1596504213,25,25,0
851,3,330,46,58,1596504213,25,25,0
852,2,330,57,64,1596504213,25,25,0
853,49,330,62,65,1596504213,25,25,0
854,1,330,60,78,1596504214,25,25,0
855,1,330,63,78,1596504214,25,25,0
856,1,330,65,78,1596504214,25,25,0
857,1,330,62,80,1596504214,25,25,0
858,1,330,64,80,1596504214,25,25,0
859,2,330,84,76,1596504214,25,25,0
860,1,330,86,78,1596504214,25,25,0
861,2,330,84,78,1596504214,25,25,0
862,2,330,81,78,1596504214,25,25,0
863,2,330,82,76,1596504214,25,25,0
864,11,330,87,76,1596504214,25,25,0
865,11,330,93,73,1596504213,25,25,0
866,2,330,90,73,1596504214,25,25,0
867,1,330,102,77,1596504214,25,25,0
868,2,330,100,78,1596504214,25,25,0
869,2,330,96,73,1596504214,25,25,0
870,2,330,101,80,1596504214,25,25,0
871,11,330,80,62,1596504213,25,25,0
872,2,330,79,55,1596504213,25,25,0
873,2,330,82,55,1596504213,25,25,0
874,2,330,86,54,1596504213,25,25,0
875,2,330,79,58,1596504213,25,25,0
876,2,330,84,56,1596504213,25,25,0
877,2,330,82,58,1596504213,25,25,0
878,2,330,86,58,1596504213,25,25,0
879,2,330,66,44,1596504213,25,25,0
880,2,330,61,50,1596504213,25,25,0
881,2,330,61,54,1596504213,25,25,0
882,2,330,64,57,1596504213,25,25,0
883,1,330,50,46,1596504213,25,25,0
884,2,330,53,45,1596504213,25,25,0
885,2,330,53,49,1596504213,25,25,0
886,2,330,53,53,1596504213,25,25,0
887,2,330,53,61,1596504213,25,25,0
888,2,330,53,57,1596504213,25,25,0
889,4,330,47,40,1596504213,25,25,0
890,4,330,51,41,1596504213,25,25,0
891,1,330,100,38,1596504213,25,25,0
892,2,330,98,40,1596504213,25,25,0
893,49,330,136,130,1596504214,25,25,0
894,1,330,125,140,1596504214,25,25,0
895,1,330,128,139,1596504214,25,25,0
896,1,330,131,139,1596504214,25,25,0
897,1,330,125,144,1596504214,25,25,0
898,1,330,128,144,1596504214,25,25,0
899,70,330,129,144,1596504214,25,25,0
900,84,4,3,3,1537397603,25,25,0
901,86,4,3,3,1537397580,25,25,0
902,88,4,3,3,1537500025,25,25,0
903,89,4,3,3,1537500123,25,25,0
905,120,4,3,3,1537398464,25,25,0
906,121,4,3,3,1537399851,25,25,0
907,124,4,3,3,1537400106,25,25,0
908,125,4,3,3,1537400274,25,25,0
909,139,4,3,3,1537499794,25,25,0
910,140,4,3,3,1537499751,25,25,0
911,146,4,3,3,1537397363,25,25,0
912,147,4,3,3,1537397413,25,25,0
913,134,458,5,9,1592873653,25,25,0
914,134,453,17,14,1567260198,25,25,0
915,148,157,13,2,1592617270,25,25,0
916,148,157,13,4,1592617295,25,25,0
917,148,157,13,6,1592617290,25,25,0
918,148,157,15,6,1592617259,25,25,0
919,148,157,16,5,1592617200,25,25,0
920,148,157,16,2,1592617296,25,25,0
921,148,157,18,3,1592617278,25,25,0
922,148,157,20,4,1592617264,25,25,0
923,148,157,20,2,1592617290,25,25,0
924,148,157,22,3,1592617277,25,25,0
925,148,157,23,5,1592617234,25,25,0
926,148,157,26,5,1592617278,25,25,0
927,148,157,25,6,1592617198,25,25,0
928,148,157,27,7,1592617208,25,25,0
929,148,157,26,8,1592617251,25,25,0
930,148,157,24,8,1592617247,25,25,0
931,162,4,3,3,1537917145,25,25,0
932,163,4,3,3,1538041432,25,25,0
933,11,0,140,31,1567213539,25,25,0
934,11,0,134,3,1566342296,25,25,0
935,11,0,158,7,1563338117,25,25,0
936,11,0,151,77,1566146206,25,25,0
937,11,0,35,80,1567275555,25,25,0
938,11,0,126,103,1563338118,25,25,0
939,11,0,94,107,1563338118,25,25,0
940,11,0,78,123,1565193127,25,25,0
941,11,0,42,133,1567260224,25,25,0
942,11,0,138,139,1566146634,25,25,0
943,11,0,143,166,1566137762,25,25,0
944,11,330,27,8,1596504213,25,25,0
945,11,330,79,27,1596762963,25,25,0
946,11,330,31,34,1596504213,25,25,0
947,11,330,101,34,1596504213,25,25,0
948,11,330,29,83,1596504214,25,25,0
949,11,330,67,95,1596504214,25,25,0
950,11,330,109,102,1596504214,25,25,0
951,11,330,34,118,1596504214,25,25,0
952,11,330,112,114,1596504214,25,25,0
953,11,330,49,143,1596504214,25,25,0
954,184,2544,4,2,1567132842,25,25,0
955,184,2544,14,2,1592268570,25,25,0
956,184,2544,9,2,1567126673,25,25,0
957,184,2544,19,2,1592268568,25,25,0
958,298,2570,4,0,0,25,25,0
959,298,2570,3,0,0,25,25,0
960,298,2570,3,2,1534205274,25,25,0
961,298,2570,4,2,0,25,25,0
962,298,2570,5,2,0,25,25,0
963,298,2570,5,1,0,25,25,0
964,298,2570,4,1,0,25,25,0
965,298,2570,3,1,0,25,25,0
966,299,2570,15,2,0,25,25,0
967,299,2570,14,2,0,25,25,0
968,299,2570,13,2,0,25,25,0
969,299,2570,13,1,0,25,25,0
970,299,2570,14,1,0,25,25,0
971,299,2570,15,1,0,25,25,0
972,299,2570,15,0,0,25,25,0
973,299,2570,14,0,0,25,25,0
974,299,2570,13,0,0,25,25,0
975,300,2570,22,0,0,25,25,0
976,300,2570,21,0,0,25,25,0
977,300,2570,21,2,0,25,25,0
978,300,2570,22,2,0,25,25,0
979,300,2570,23,2,0,25,25,0
980,300,2570,23,1,0,25,25,0
981,300,2570,22,1,0,25,25,0
982,300,2570,21,1,0,25,25,0
983,7,330,67,140,1596504214,25,25,0
984,316,1228,6,7,1567290703,25,25,0
985,331,4,3,3,1537855749,25,25,0
986,332,4,3,3,1537855709,25,25,0
987,338,4,3,3,1537857841,25,25,0
988,339,4,3,3,1537857792,25,25,0
989,357,4,3,3,1537400106,25,25,0
990,358,4,3,3,1537400274,25,25,0
991,364,4,3,3,1537400106,25,25,0
992,365,4,3,3,1537400274,25,25,0
993,371,4,3,3,1537917398,25,25,0
994,370,4,3,3,1537917298,25,25,0
995,377,4,3,3,1538041768,25,25,0
996,376,4,3,3,1538041779,25,25,0
997,384,4,3,3,1537920418,25,25,0
998,383,4,3,3,1537920417,25,25,0
999,391,4,3,3,1537499794,25,25,0
1000,390,4,3,3,1537499751,25,25,0
1001,396,4,3,3,1537500025,25,25,0
1002,395,4,3,3,1537500123,25,25,0
1003,401,4,3,3,1537500025,25,25,0
1004,400,4,3,3,1537500123,25,25,0
1005,407,4,3,3,1537397363,25,25,0
1006,408,4,3,3,1537397413,25,25,0
1007,414,4,3,3,1537397363,25,25,0
1008,415,4,3,3,1537397413,25,25,0
1009,421,4,3,3,1537917145,25,25,0
1010,422,4,3,3,1538041432,25,25,0
1011,427,4,3,3,1538910280,25,25,0
1012,428,4,3,3,1538910379,25,25,0
1013,429,4,3,3,1537917145,25,25,0
1014,430,4,3,3,1538041432,25,25,0
1015,437,4,3,3,1537917145,25,25,0
1016,438,4,3,3,1538041432,25,25,0
1017,444,4,3,3,1537917145,25,25,0
1018,445,4,3,3,1538041432,25,25,0
1019,447,4,3,3,1537917145,25,25,0
1020,448,4,3,3,1538041432,25,25,0
1021,454,4,3,3,1537917145,25,25,0
1022,455,4,3,3,1538041432,25,25,0
1023,461,4,3,3,1537917145,25,25,0
1024,462,4,3,3,1538041432,25,25,0
1025,176,4,3,3,1546753025,25,25,0
1026,177,4,3,3,1538041432,25,25,0
1027,178,4,3,3,1537917145,25,25,0
1028,179,4,3,3,1538041432,25,25,0
1029,180,4,3,3,1537917145,25,25,0
1030,181,4,3,3,1538041432,25,25,0
1031,170,3157,13,2,1567224527,25,25,0
1032,170,3157,13,4,1567224924,25,25,0
1033,170,3157,13,6,1566969007,25,25,0
1034,170,3157,15,6,1566968855,25,25,0
1035,170,3157,16,5,1566968788,25,25,0
1036,170,3157,16,2,1566969014,25,25,0
1037,170,3157,18,3,1567224463,25,25,0
1038,170,3157,20,4,1566968853,25,25,0
1039,170,3157,20,2,1566968963,25,25,0
1040,170,3157,22,3,1566968880,25,25,0
1041,170,3157,23,5,1566662975,25,25,0
1042,170,3157,26,5,1566969065,25,25,0
1043,170,3157,25,6,1566968911,25,25,0
1044,170,3157,27,7,1567224561,25,25,0
1045,170,3157,26,8,1566969062,25,25,0
1046,170,3157,24,8,1566969065,25,25,0
1047,175,4157,13,2,1567152755,25,25,0
1048,175,4157,13,4,1567152139,25,25,0
1049,175,4157,13,6,1567152790,25,25,0
1050,175,4157,15,6,1567152561,25,25,0
1051,175,4157,16,5,1567152823,25,25,0
1052,175,4157,16,2,1567152528,25,25,0
1053,175,4157,18,3,1567152213,25,25,0
1054,175,4157,20,4,1567152837,25,25,0
1055,175,4157,20,2,1567152657,25,25,0
1056,175,4157,22,3,1567152505,25,25,0
1057,175,4157,23,5,1567152694,25,25,0
1058,175,4157,26,5,1567152807,25,25,0
1059,175,4157,25,6,1567152391,25,25,0
1060,175,4157,27,7,1567152353,25,25,0
1061,175,4157,26,8,1567152323,25,25,0
1062,175,4157,24,8,1567152771,25,25,0
1063,467,535,3,10,1545753531,25,25,0
1064,478,4,3,3,0,25,25,0
1065,10,1005,167,22,1566513633,25,25,0
1066,10,1005,165,22,1566513633,25,25,0
1067,10,1005,167,20,1566513633,25,25,0
1068,72,1005,169,22,1542010184,25,25,0
1069,10,1005,173,23,1566513633,25,25,0
1070,10,1005,170,19,1566513633,25,25,0
1071,72,1005,181,23,1542010184,25,25,0
1072,10,1005,176,20,1566513633,25,25,0
1073,10,1005,179,22,1566513633,25,25,0
1074,10,1005,184,23,1566513633,25,25,0
1075,10,1005,165,25,1566513633,25,25,0
1076,10,1005,169,25,1566513633,25,25,0
1077,10,1005,170,28,1566513633,25,25,0
1078,72,1005,176,24,1542010184,25,25,0
1079,10,1005,176,27,1566513633,25,25,0
1080,10,1005,180,28,1567121153,25,25,0
1081,10,1005,185,25,1566513633,25,25,0
1082,513,1005,6,170,1566513633,25,25,0
1083,513,1005,4,172,1566513633,25,25,0
1084,513,1005,4,168,1566513633,25,25,0
1085,513,1005,8,168,1566513633,25,25,0
1086,465,1008,55,130,1556848770,25,25,0
1087,464,1008,54,133,1556865929,25,25,0
1088,465,1008,60,129,1556848768,25,25,0
1089,465,1008,61,132,1547924940,25,25,0
1090,464,1008,59,134,1556848804,25,25,0
1091,464,1008,63,134,1547924940,25,25,0
1092,464,1008,63,128,1556848749,25,25,0
1093,465,1008,70,131,1547924940,25,25,0
1094,464,1008,67,128,1556848799,25,25,0
1095,464,1008,67,132,1548711820,25,25,0
1096,465,1008,77,135,1558216855,25,25,0
1097,465,1008,75,132,1556865916,25,25,0
1098,464,1008,76,134,1547924940,25,25,0
1099,464,1008,73,135,1552393764,25,25,0
1100,464,1008,73,130,1552393759,25,25,0
1101,464,1008,77,130,1556848758,25,25,0
1102,464,1008,44,141,1556848738,25,25,0
1103,465,1008,53,137,1556848919,25,25,0
1104,465,1008,48,138,1556848806,25,25,0
1105,465,1008,52,140,1556848851,25,25,0
1106,464,1008,51,142,1556848886,25,25,0
1107,464,1008,49,136,1556848796,25,25,0
1108,465,1008,60,141,1547924940,25,25,0
1109,464,1008,56,142,1547924940,25,25,0
1110,464,1008,64,141,1556848858,25,25,0
1111,464,1008,74,143,1556848821,25,25,0
1112,464,1008,78,137,1558216827,25,25,0
1113,465,1008,4,151,1556848884,25,25,0
1114,464,1008,7,151,1556848959,25,25,0
1115,464,1008,1,151,1547924940,25,25,0
1116,465,1008,37,150,1557451375,25,25,0
1117,464,1008,32,151,1556848778,25,25,0
1118,465,1008,42,149,1556848791,25,25,0
1119,464,1008,40,149,1557214589,25,25,0
1120,464,1008,43,151,1557451388,25,25,0
1121,464,1008,45,145,1547924940,25,25,0
1122,464,1008,62,144,1547924940,25,25,0
1123,465,1008,65,146,1556848887,25,25,0
1124,464,1008,68,145,1556848901,25,25,0
1125,464,1008,74,149,1556848786,25,25,0
1126,465,1008,78,150,1556848940,25,25,0
1127,465,1008,72,146,1547924940,25,25,0
1128,464,1008,3,153,1565266394,25,25,0
1129,464,1008,9,154,1556848891,25,25,0
1130,465,1008,16,153,1556848922,25,25,0
1131,465,1008,29,154,1548711692,25,25,0
1132,464,1008,24,153,1565266480,25,25,0
1133,464,1008,38,153,1556848871,25,25,0
1134,465,1008,34,153,1554009525,25,25,0
1135,465,1008,71,154,1547924940,25,25,0
1136,464,1008,77,152,1547924940,25,25,0
1137,464,1008,72,152,1548711845,25,25,0
1138,2,0,158,127,1563569999,25,25,0
1139,2,0,159,124,1566146658,25,25,0
1140,2,0,158,122,1566792745,25,25,0
1141,2,0,157,124,1566792744,25,25,0
1142,2,0,156,122,1566792742,25,25,0
1143,2,0,163,124,1566855135,25,25,0
1144,2,0,165,125,1567293848,25,25,0
1145,2,0,161,125,1567212110,25,25,0
1146,2,0,160,122,1566146664,25,25,0
1147,2,0,168,125,1566867044,25,25,0
1148,2,0,171,125,1566957088,25,25,0
1149,2,0,171,127,1567293873,25,25,0
1150,2,0,168,127,1567025602,25,25,0
1151,2,0,157,135,1566146646,25,25,0
1152,2,0,157,132,1567041428,25,25,0
1153,2,0,159,130,1563478516,25,25,0
1154,2,0,162,134,1563478618,25,25,0
1155,2,0,165,133,1563738543,25,25,0
1156,2,0,162,129,1563478614,25,25,0
1157,2,0,163,131,1567041428,25,25,0
1158,2,0,160,132,1566010182,25,25,0
1159,2,0,160,128,1567041430,25,25,0
1160,2,0,168,130,1563478512,25,25,0
1161,2,0,169,133,1567223319,25,25,0
1162,2,0,159,136,1567041421,25,25,0
1163,2,0,165,139,1567223318,25,25,0
1164,2,0,167,139,1566146683,25,25,0
1165,2,0,165,137,1563478625,25,25,0
1166,2,0,172,138,1563478637,25,25,0
1167,2,0,172,142,1563478626,25,25,0
1168,2,0,170,139,1563478629,25,25,0
1169,2,0,168,137,1566146678,25,25,0
1170,2,0,170,144,1563478636,25,25,0
1171,2,330,69,95,1596504214,25,25,0
1172,2,330,72,93,1596504214,25,25,0
1173,2,330,77,94,1596504214,25,25,0
1174,2,330,75,95,1596504214,25,25,0
1175,2,330,72,95,1596504214,25,25,0
1176,2,330,63,100,1596504214,25,25,0
1177,2,330,60,102,1596504214,25,25,0
1178,2,330,67,97,1596504214,25,25,0
1179,2,330,67,102,1596504214,25,25,0
1180,2,330,66,100,1596504214,25,25,0
1181,2,330,78,100,1596504214,25,25,0
1182,2,330,77,97,1596504214,25,25,0
1183,2,330,80,96,1596504214,25,25,0
1184,2,330,82,100,1596504214,25,25,0
1185,2,330,62,104,1596504214,25,25,0
1186,1,330,61,109,1596504214,25,25,0
1187,1,330,63,106,1596504214,25,25,0
1188,2,330,66,104,1596504214,25,25,0
1189,2,330,70,105,1596504214,25,25,0
1190,1,330,64,107,1596504214,25,25,0
1191,1,330,67,106,1596504214,25,25,0
1192,1,330,68,108,1596504214,25,25,0
1193,1,330,70,109,1596504214,25,25,0
1194,1,330,71,107,1596504214,25,25,0
1195,2,330,77,104,1596504214,25,25,0
1196,1,330,79,108,1596504214,25,25,0
1197,1,330,77,107,1596504214,25,25,0
1198,1,330,82,108,1596504214,25,25,0
1199,1,330,83,106,1596504214,25,25,0
1200,1,330,81,106,1596504214,25,25,0
1201,2,0,14,197,1567116565,25,25,0
1202,2,0,17,196,1566968265,25,25,0
1203,2,0,23,198,1567116560,25,25,0
1204,2,0,17,199,1564363669,25,25,0
1205,2,0,27,198,1567116545,25,25,0
1206,2,0,29,199,1567048707,25,25,0
1207,2,0,23,205,1566968329,25,25,0
1208,2,0,19,206,1567079341,25,25,0
1209,2,0,21,202,1567079343,25,25,0
1210,2,0,22,207,1566968307,25,25,0
1211,2,0,16,204,1566968318,25,25,0
1212,2,0,29,202,1566968339,25,25,0
1213,2,0,30,205,1566968337,25,25,0
1214,2,0,26,205,1567144245,25,25,0
1215,2,0,32,206,1566968334,25,25,0
1216,2,0,14,208,1566963180,25,25,0
1217,2,0,20,211,1567050747,25,25,0
1218,2,0,16,211,1566968323,25,25,0
1219,2,0,25,211,1566196810,25,25,0
1220,2,0,29,208,1566592091,25,25,0
1221,543,0,103,134,1567190595,25,25,0
1222,542,0,105,134,1567190588,25,25,0
1223,544,0,103,137,1567190569,25,25,0
1224,545,0,105,137,1567190579,25,25,0
1225,543,0,105,141,1567190844,25,25,0
1226,544,0,104,142,1567190852,25,25,0
1227,542,0,104,140,1567190862,25,25,0
1228,545,0,107,140,1567190874,25,25,0
1229,542,0,107,142,1567190359,25,25,0
1230,543,0,109,142,1567190805,25,25,0
1231,544,0,109,140,1567190376,25,25,0
1232,544,0,111,140,1567190634,25,25,0
1233,543,0,111,142,1567190813,25,25,0
1234,545,0,114,142,1567190823,25,25,0
1235,542,0,113,140,1567190831,25,25,0
1236,544,0,129,137,1566132925,25,25,0
1237,545,0,131,137,1566132915,25,25,0
1238,542,0,133,137,1566132903,25,25,0
1239,543,0,134,139,1552643651,25,25,0
1240,544,0,133,141,1552643627,25,25,0
1241,545,0,132,139,1552643369,25,25,0
1242,543,0,131,141,1566132707,25,25,0
1243,542,0,130,139,1566132936,25,25,0
1244,545,0,129,141,1552643410,25,25,0
1245,544,0,104,146,1567190786,25,25,0
1246,545,0,106,146,1567190778,25,25,0
1247,542,0,109,146,1567190795,25,25,0
1248,543,0,111,146,1567190306,25,25,0
1249,545,0,111,149,1567190726,25,25,0
1250,542,0,108,149,1567190735,25,25,0
1251,544,0,106,149,1567190761,25,25,0
1252,543,0,104,149,1567190769,25,25,0
1253,542,0,110,151,1567190705,25,25,0
1254,544,0,113,146,1567190314,25,25,0
1255,543,0,113,149,1567045651,25,25,0
1256,543,0,112,151,1567190697,25,25,0
1257,542,0,114,151,1567190715,25,25,0
1258,543,0,129,151,1547412220,25,25,0
1259,545,0,131,151,1547412223,25,25,0
1260,543,0,132,149,1543469808,25,25,0
1261,544,0,130,149,1547412214,25,25,0
1262,542,0,128,149,1547412216,25,25,0
1263,544,0,104,153,1567190251,25,25,0
1264,542,0,105,152,1567190753,25,25,0
1265,543,0,108,152,1567190745,25,25,0
1266,544,0,107,154,1567190452,25,25,0
1267,545,0,109,154,1567190444,25,25,0
1268,545,0,111,153,1567190678,25,25,0
1269,544,0,113,153,1567190687,25,25,0
1270,543,0,132,153,1547412233,25,25,0
1271,544,0,130,153,1547412226,25,25,0
1272,542,0,128,153,1547412228,25,25,0
1273,729,330,38,99,1596502982,25,25,0
