key,pathId,level,gold,item1,amt1,item2,amt2,item3,amt3,item4,amt4,source
gateway,1,5,0,acorn,10,rabbit_meat,10,,,,,archive-spells-warrior
taunt_warrior,1,6,0,acorn,20,rabbit_meat,5,,,,,archive-spells-warrior
wolfs_fury_warrior,1,7,100,rabbit_meat,25,,,,,,,archive-spells-warrior
soothe,1,8,30,acorn,70,,,,,,,archive-spells-warrior
bless_warrior,1,9,80,antler,3,,,,,,,archive-spells-warrior
fleshspeak_warrior,1,13,40,acorn,70,,,,,,,archive-spells-warrior
backstab_warrior,1,15,100,antler,3,snake_meat,20,,,,,archive-spells-warrior
flank_warrior,1,20,150,antler,5,snake_meat,20,,,,,archive-spells-warrior
tigers_fury_warrior,1,24,250,antler,5,fox_fur,15,,,,,archive-spells-warrior
enchant_warrior,1,28,150,antler,5,fox_fur,10,steel_saber,1,,,archive-spells-warrior
relief_warrior,1,31,200,acorn,80,red_fox_fur,10,light_fox_fur,10,,,archive-spells-warrior
potence_warrior,1,35,500,battle_helm,1,red_fox_fur,10,light_fox_fur,10,,,archive-spells-warrior
watchful_eye_warrior,1,38,100,amber,1,rat_meat,10,,,,,archive-spells-warrior
mentor,1,40,1000,maxcaliber,1,,,,,,,archive-spells-warrior
dragons_fury_warrior,1,45,750,fine_snake_meat,5,fox_tail,1,light_fox_fur,20,,,archive-spells-warrior
infuse_warrior,1,55,1000,antler,10,red_fox_fur,20,steel_saber,1,,,archive-spells-warrior
slash_warrior,1,63,1000,antler,5,tigers_heart,5,white_amber,1,,,archive-spells-warrior
ingress_warrior,1,70,1500,antler,10,amber,10,maxcaliber,1,,,archive-spells-warrior
berserk_warrior,1,80,5000,fox_blade,1,amber,20,maxcaliber,1,,,archive-spells-warrior
share_wisdom,1,90,100000,,,,,,,,,archive-spells-warrior
vigor_warrior,1,90,10000,angels_tear,1,light_fox_fur,40,mountain_ginseng,1,,,archive-spells-warrior
whirlwind_warrior,1,99,10000,angels_tear,1,dark_amber,20,electra,1,,,archive-spells-warrior
gateway,3,5,0,acorn,10,rabbit_meat,10,,,,,archive-spells-mage
thunder_bolt_mage,3,5,50,acorn,10,rabbit_meat,10,,,,,archive-spells-mage
might_mage,3,6,50,antler,5,bears_liver,1,,,,,archive-spells-mage
soothe,3,6,50,acorn,10,rabbit_meat,10,,,,,archive-spells-mage
pestilence_mage,3,7,50,acorn,15,wooden_sword,1,,,,,archive-spells-mage
static_mage,3,8,50,acorn,20,soup_bowl,1,,,,,archive-spells-mage
spark_mage,3,9,10,acorn,10,book,1,,,,,archive-spells-mage
fleshspeak_mage,3,11,100,acorn,10,book,1,rabbit_meat,10,,,archive-spells-mage
propose,3,11,1000,,,,,,,,,archive-spells-mage
singe_mage,3,13,100,book,1,ink,1,,,,,archive-spells-mage
return_spell,3,13,50,acorn,30,,,,,,,archive-spells-mage
harden_armor_mage,3,14,100,ancient_armor,1,gold_acorn,1,,,,,archive-spells-mage
ignite_mage,3,19,200,book,1,ink,1,,,,,archive-spells-mage
approach_spell,3,20,0,acorn,50,snake_meat,20,,,,,archive-spells-mage
lay_hands_mage,3,21,0,ginseng,1,light_fox_fur,10,,,,,archive-spells-mage
erupt_mage,3,22,0,acorn,50,topaz,2,,,,,archive-spells-mage
mend_wounds_mage,3,23,0,bears_liver,5,ginseng,1,,,,,archive-spells-mage
valor_mage,3,23,150,antler,10,snake_meat,20,,,,,archive-spells-mage
ion_mage,3,26,0,gold_acorn,1,topaz,1,,,,,archive-spells-mage
relief_mage,3,28,250,gold_acorn,1,mountain_ginseng,1,snake_meat,10,,,archive-spells-mage
purge_mage,3,30,150,antler,10,gold_acorn,1,mountain_ginseng,1,,,archive-spells-mage
summon_spell,3,30,50,acorn,80,snake_meat,10,,,,,archive-spells-mage
ion_charge_mage,3,32,150,gold_acorn,1,light_fox_fur,25,moon_wine,1,,,archive-spells-mage
recover_mage,3,32,200,antler,20,ginseng,1,gold_acorn,1,,,archive-spells-mage
cure_paralysis_mage,3,36,150,gold_acorn,1,mountain_ginseng,1,,,,,archive-spells-mage
sanctuary_mage,3,38,250,ancient_robes,1,battle_helm,1,gold_acorn,1,,,archive-spells-mage
invoke_mage,3,39,250,book,1,fine_snake_meat,5,ink,1,,,archive-spells-mage
gangrel_mage,3,40,200,acorn,50,fox_fur,1,,,,,archive-spells-mage
heal_mage,3,40,100,bears_liver,10,gold_acorn,1,mountain_ginseng,1,,,archive-spells-mage
mentor,3,40,1000,deaths_head,1,,,,,,,archive-spells-mage
impact_mage,3,41,250,amethyst,1,gold_acorn,1,,,,,archive-spells-mage
explode_mage,3,42,100,acorn,100,fox_fur,10,,,,,archive-spells-mage
remove_curse_mage,3,44,200,fox_fur,10,gold_acorn,1,,,,,archive-spells-mage
beast_mage,3,50,100,acorn,70,,,,,,,archive-spells-mage
call_lightning_mage,3,54,500,gold_acorn,1,tao_stone,1,,,,,archive-spells-mage
vex_mage,3,55,250,acorn,70,lucky_coin,1,,,,,archive-spells-mage
venom_mage,3,59,500,fine_snake_meat,3,mountain_ginseng,1,snake_meat,10,,,archive-spells-mage
blind_mage,3,61,400,amber,2,dark_amber,1,,,,,archive-spells-mage
paralyze_mage,3,62,500,ambrosia,1,antler,20,,,,,archive-spells-mage
electrocute_mage,3,64,500,acorn,70,amber,1,,,,,archive-spells-mage
confuse_mage,3,65,600,amber,2,deaths_head,1,,,,,archive-spells-mage
sleep_mage,3,70,0,dark_amber,10,fox_blade,1,,,,,archive-spells-mage
stormstrike_mage,3,77,2500,dark_amber,3,steel_saber,1,,,,,archive-spells-mage
doze_mage,3,82,0,dark_amber,5,fox_blade,1,,,,,archive-spells-mage
tempest_mage,3,85,2000,dark_amber,2,gold_acorn,3,,,,,archive-spells-mage
rejuvenate_mage,3,90,10000,mountain_ginseng,2,,,,,,,archive-spells-mage
share_wisdom,3,90,100000,,,,,,,,,archive-spells-mage
hellfire_mage,3,99,9000,dark_amber,10,stardrop,10,star_staff,1,,,archive-spells-mage
gateway,2,5,0,rabbit_meat,10,acorn,10,,,,,archive-spells-rogue
feral_rogue,2,10,100,rabbit_meat,10,acorn,50,,,,,archive-spells-rogue
fleshspeak_rogue,2,11,40,acorn,70,,,,,,,archive-spells-rogue
might_rogue,2,15,100,acorn,50,snake_meat,20,,,,,archive-spells-rogue
judge_rogue,2,17,150,acorn,70,snake_meat,30,,,,,archive-spells-rogue
singe_rogue,2,18,200,acorn,30,topaz,1,,,,,archive-spells-rogue
mend_wounds_rogue,2,20,100,acorn,50,,,,,,,archive-spells-rogue
ignite_rogue,2,24,200,acorn,30,light_fox_fur,1,topaz,2,,,archive-spells-rogue
shadow_figure_rogue,2,24,200,acorn,100,red_fox_fur,10,,,,,archive-spells-rogue
rodent_rogue,2,25,100,rabbit_meat,10,acorn,80,,,,,archive-spells-rogue
set_trap,2,26,500,fine_rabbit_meat,2,,,,,,,archive-spells-rogue
set_dart_trap,2,26,0,,,,,,,,,archive-spells-rogue
spy_rogue,2,28,200,acorn,100,red_fox_fur,15,,,,,archive-spells-rogue
wolfs_fury_rogue,2,30,300,acorn,150,light_fox_fur,20,,,,,archive-spells-rogue
set_flash_trap,2,33,0,,,,,,,,,archive-spells-rogue
gangrel_rogue,2,33,100,acorn,80,fox_fur,10,,,,,archive-spells-rogue
invisible_rogue,2,34,0,fox_tail,1,topaz,1,,,,,archive-spells-rogue
approach_spell,2,35,100,acorn,100,fox_fur,10,,,,,archive-spells-rogue
ambush_rogue,2,38,400,acorn,180,fox_blade,1,,,,,archive-spells-rogue
mentor,2,40,1000,moonblade,1,,,,,,,archive-spells-rogue
beast_rogue,2,40,100,acorn,80,bears_liver,20,,,,,archive-spells-rogue
amnesia_rogue,2,43,1200,acorn,50,fox_fur,20,lucky_coin,1,,,archive-spells-rogue
set_repeating_dart_trap,2,44,0,,,,,,,,,archive-spells-rogue
return_spell,2,45,100,acorn,100,,,,,,,archive-spells-rogue
recover_rogue,2,48,300,acorn,100,mountain_ginseng,1,,,,,archive-spells-rogue
desperate_attack_rogue,2,50,500,acorn,50,amethyst,2,steel_saber,1,,,archive-spells-rogue
summon_spell,2,53,500,acorn,100,,,,,,,archive-spells-rogue
snare,2,55,0,,,,,,,,,archive-spells-rogue
tigers_fury_rogue,2,56,1000,acorn,180,lucky_coin,1,moonblade,1,,,archive-spells-rogue
filch_rogue,2,65,2000,acorn,130,steel_sword,1,,,,,archive-spells-rogue
set_spear_trap,2,66,0,,,,,,,,,archive-spells-rogue
set_poison_dart_trap,2,77,0,,,,,,,,,archive-spells-rogue
drain_rogue,2,80,5000,acorn,190,dark_amber,10,,,,,archive-spells-rogue
set_death_trap,2,88,0,,,,,,,,,archive-spells-rogue
seal_wounds_rogue,2,90,25000,,,,,,,,,archive-spells-rogue
set_sleep_trap,2,99,0,,,,,,,,,archive-spells-rogue
lethal_strike_rogue,2,99,5000,deaths_head,1,whisper_bracelet,1,titanium_glove,1,,,archive-spells-rogue
soothe,4,6,0,acorn,5,rabbit_meat,5,,,,,archive-spells-poet
gateway,4,5,0,acorn,10,rabbit_meat,10,,,,,archive-spells-poet
invoke_poet,4,7,0,ink,1,wine,1,,,,,archive-spells-poet
lay_hands_poet,4,7,0,acorn,20,rabbit_meat,10,,,,,archive-spells-poet
spark_poet,4,8,0,acorn,20,rabbit_meat,10,,,,,archive-spells-poet
recover_poet,4,9,100,aged_wine,1,,,,,,,archive-spells-poet
propose,4,11,1000,,,,,,,,,archive-spells-poet
purge_poet,4,12,100,snake_meat,10,wine,1,,,,,archive-spells-poet
harden_armor_poet,4,14,10,ancient_armor,1,snake_meat,20,,,,,archive-spells-poet
vital_spark_poet,4,15,100,acorn,50,,,,,,,archive-spells-poet
singe_poet,4,17,0,acorn,20,rabbit_meat,10,,,,,archive-spells-poet
remove_curse_poet,4,18,10,blue_ring,1,,,,,,,archive-spells-poet
valor_poet,4,21,100,antler,10,snake_meat,20,,,,,archive-spells-poet
heal_poet,4,22,0,ink,1,snake_meat,10,,,,,archive-spells-poet
ignite_poet,4,22,0,acorn,20,rabbit_meat,10,,,,,archive-spells-poet
anoint_poet,4,28,100,aged_wine,1,,,,,,,archive-spells-poet
approach_spell,4,29,100,gold_acorn,1,,,,,,,archive-spells-poet
sanctuary_poet,4,30,0,scroll,1,ink,1,,,,,archive-spells-poet
remove_veil_poet,4,31,0,ancient_robes,1,,,,,,,archive-spells-poet
return_spell,4,32,0,yellow_scroll,1,,,,,,,archive-spells-poet
endear_poet,4,33,0,light_fox_fur,10,red_fox_fur,10,topaz,1,,,archive-spells-poet
cure_paralysis_poet,4,34,100,fine_snake_meat,1,,,,,,,archive-spells-poet
summon_spell,4,38,100,acorn,70,,,,,,,archive-spells-poet
mentor,4,40,1000,wicked_staff,1,,,,,,,archive-spells-poet
revitalize_poet,4,40,0,aged_wine,1,amethyst,1,,,,,archive-spells-poet
inspiration_poet,4,45,1000,fragile_rose,1,,,,,,,archive-spells-poet
remedy_poet,4,45,100,fox_fur,20,mountain_ginseng,1,,,,,archive-spells-poet
atone_poet,4,48,100,gold_acorn,1,scroll,1,,,,,archive-spells-poet
second_sight_poet,4,53,500,acorn,100,steel_saber,1,,,,,archive-spells-poet
retribution_poet,4,56,2000,purple_ring,1,wicked_staff,1,,,,,archive-spells-poet
barrier_poet,4,60,500,acorn,70,light_fox_fur,20,,,,,archive-spells-poet
fortify_poet,4,60,100,light_fox_fur,20,mountain_ginseng,1,,,,,archive-spells-poet
inspire_poet,4,60,100,amethyst,1,gold_acorn,1,,,,,archive-spells-poet
cotw_controller_poet,4,63,1000,acorn,100,pearl_charm,1,,,,,archive-spells-poet
scourge_poet,4,70,1000,acorn,80,amber,2,,,,,archive-spells-poet
blockade_human_poet,4,75,500,acorn,50,dark_amber,1,,,,,archive-spells-poet
heavens_kiss_poet,4,80,800,acorn,80,dark_amber,1,,,,,archive-spells-poet
harden_body_poet,4,85,5000,acorn,100,amber,20,,,,,archive-spells-poet
dispell_poet,4,88,100,acorn,80,deaths_head,1,,,,,archive-spells-poet
flare_poet,4,90,10000,gold_acorn,5,,,,,,,archive-spells-poet
share_wisdom,4,90,100000,,,,,,,,,archive-spells-poet
water_of_life_poet,4,95,5000,acorn,100,dark_amber,1,red_potion,1,,,archive-spells-poet
resurrect_poet,4,99,10000,acorn,199,dark_amber,5,red_potion,2,,,archive-spells-poet
anger_warrior,1,6,0,acorn,20,rabbit_meat,5,,,,,rtk-lua
tease_warrior,1,6,0,acorn,20,rabbit_meat,5,,,,,rtk-lua
mock_warrior,1,6,0,acorn,20,rabbit_meat,5,,,,,rtk-lua
souls_rage_warrior,1,7,100,rabbit_meat,25,,,,,,,rtk-lua
spirit_of_the_forest_warrior,1,7,100,rabbit_meat,25,,,,,,,rtk-lua
augmentation_warrior,1,7,100,rabbit_meat,25,,,,,,,rtk-lua
sanctification_warrior,1,10,80,antler,3,,,,,,,rtk-lua
tribal_gathering_warrior,1,10,80,antler,3,,,,,,,rtk-lua
strength_of_purpose_warrior,1,10,80,antler,3,,,,,,,rtk-lua
spiritsong_warrior,1,13,40,acorn,70,,,,,,,rtk-lua
helping_hand_warrior,1,13,40,acorn,70,,,,,,,rtk-lua
heal_others_warrior,1,13,40,acorn,70,,,,,,,rtk-lua
back_battle_warrior,1,15,100,snake_meat,20,antler,3,,,,,rtk-lua
back_attack_warrior,1,15,100,snake_meat,20,antler,3,,,,,rtk-lua
back_damage_warrior,1,15,100,snake_meat,20,antler,3,,,,,rtk-lua
flank_battle_warrior,1,20,150,snake_meat,20,antler,5,,,,,rtk-lua
flank_attack_warrior,1,20,150,snake_meat,20,antler,5,,,,,rtk-lua
flank_damage_warrior,1,20,150,snake_meat,20,antler,5,,,,,rtk-lua
filling_the_soul_warrior,1,24,250,antler,5,fox_fur,15,,,,,rtk-lua
spirit_of_the_wild_warrior,1,24,250,antler,5,fox_fur,15,,,,,rtk-lua
ohaengs_grace_warrior,1,24,250,antler,5,fox_fur,15,,,,,rtk-lua
spiritual_aid_warrior,1,28,150,antler,5,fox_fur,10,steel_saber,1,,,rtk-lua
oneness_warrior,1,28,150,antler,5,fox_fur,10,steel_saber,1,,,rtk-lua
strengthen_weapon_warrior,1,28,150,antler,5,fox_fur,10,steel_saber,1,,,rtk-lua
renew_essence_warrior,1,31,200,acorn,80,red_fox_fur,10,light_fox_fur,10,,,rtk-lua
lifesong_warrior,1,31,200,acorn,80,red_fox_fur,10,light_fox_fur,10,,,rtk-lua
sweet_waters_warrior,1,31,200,acorn,80,red_fox_fur,10,light_fox_fur,10,,,rtk-lua
spirit_arm_warrior,1,35,500,ambrosia,1,red_fox_fur,10,light_fox_fur,10,,,rtk-lua
touch_of_the_bear_warrior,1,35,500,ambrosia,1,red_fox_fur,10,light_fox_fur,10,,,rtk-lua
sharpen_warrior,1,35,500,ambrosia,1,red_fox_fur,10,light_fox_fur,10,,,rtk-lua
spirits_whisper_warrior,1,38,100,rat_meat,10,amber,1,,,,,rtk-lua
creatures_guidance_warrior,1,38,100,rat_meat,10,amber,1,,,,,rtk-lua
spot_unbalance_warrior,1,38,100,rat_meat,10,amber,1,,,,,rtk-lua
strength_of_ancestors_warrior,1,45,750,fine_snake_meat,5,fox_tail,1,light_fox_fur,20,,,rtk-lua
spirit_of_the_dragon_warrior,1,45,750,fine_snake_meat,5,fox_tail,1,light_fox_fur,20,,,rtk-lua
ohaengs_anger_warrior,1,45,750,fine_snake_meat,5,fox_tail,1,light_fox_fur,20,,,rtk-lua
tincture_of_the_unknown_warrior,1,55,1000,antler,10,red_fox_fur,20,steel_saber,1,,,rtk-lua
tigers_claw_warrior,1,55,1000,antler,10,red_fox_fur,20,steel_saber,1,,,rtk-lua
whetstone_warrior,1,55,1000,antler,10,red_fox_fur,20,steel_saber,1,,,rtk-lua
hand_of_darkness_warrior,1,70,1500,antler,10,amber,10,maxcaliber,1,,,rtk-lua
dragons_claw_warrior,1,70,1500,antler,10,amber,10,maxcaliber,1,,,rtk-lua
razors_edge_warrior,1,70,1500,antler,10,amber,10,maxcaliber,1,,,rtk-lua
no_fear_warrior,1,40,5000,iron_sword,1,maxcaliber,1,amber,20,,,rtk-lua
tigers_pounce_warrior,1,40,5000,iron_sword,1,maxcaliber,1,amber,20,,,rtk-lua
winds_blast_warrior,1,40,5000,iron_sword,1,maxcaliber,1,amber,20,,,rtk-lua
touch_of_health_warrior,1,90,10000,angels_tear,1,light_fox_fur,40,mountain_ginseng,1,,,rtk-lua
balm_warrior,1,90,10000,angels_tear,1,light_fox_fur,40,mountain_ginseng,1,,,rtk-lua
restoration_warrior,1,90,10000,angels_tear,1,light_fox_fur,40,mountain_ginseng,1,,,rtk-lua
deaths_angel_warrior,1,63,10000,angels_tear,1,dark_amber,20,electra,1,,,rtk-lua
natures_own_warrior,1,63,10000,angels_tear,1,dark_amber,20,electra,1,,,rtk-lua
bladedance_warrior,1,63,10000,angels_tear,1,dark_amber,20,electra,1,,,rtk-lua
hoche_warrior,1,99,25000,spike,1,mountain_ginseng,1,,,,,rtk-lua
immunity_warrior,1,99,25000,spike,1,mountain_ginseng,1,,,,,rtk-lua
forest_blessing_warrior,1,99,25000,spike,1,mountain_ginseng,1,,,,,rtk-lua
magics_shield_warrior,1,99,25000,spike,1,mountain_ginseng,1,,,,,rtk-lua
salvation_warrior,1,99,10000,mountain_ginseng,1,,,,,,,rtk-lua
redemption_warrior,1,99,10000,mountain_ginseng,1,,,,,,,rtk-lua
ointment_of_light_warrior,1,99,10000,mountain_ginseng,1,,,,,,,rtk-lua
return_of_life_warrior,1,99,10000,mountain_ginseng,1,,,,,,,rtk-lua
vipers_venom_warrior,1,99,40000,il_san_spike,1,ice_sabre,2,dragons_liver,2,,,rtk-lua
assault_warrior,1,99,400000,,,,,,,,,rtk-lua
deaths_challenge_warrior,1,99,400000,,,,,,,,,rtk-lua
cold_snap_warrior,1,99,400000,,,,,,,,,rtk-lua
volley_warrior,1,99,400000,,,,,,,,,rtk-lua
dragons_flame_warrior,1,99,60000,ee_san_spike,1,light_sword,4,dragons_liver,4,,,rtk-lua
hunangs_relief_warrior,1,99,25000,mountain_ginseng,1,,,,,,,rtk-lua
from_the_brink_warrior,1,99,25000,mountain_ginseng,1,,,,,,,rtk-lua
natures_slave_warrior,1,99,25000,mountain_ginseng,1,,,,,,,rtk-lua
lifes_essence_warrior,1,99,25000,mountain_ginseng,1,,,,,,,rtk-lua
spiritsong_rogue,2,7,40,acorn,70,,,,,,,rtk-lua
helping_hand_rogue,2,7,40,acorn,70,,,,,,,rtk-lua
heal_others_rogue,2,7,40,acorn,70,,,,,,,rtk-lua
spirit_strength_rogue,2,15,100,acorn,50,snake_meat,20,,,,,rtk-lua
inner_blessing_rogue,2,15,100,acorn,50,snake_meat,20,,,,,rtk-lua
temper_rogue,2,15,100,acorn,50,snake_meat,20,,,,,rtk-lua
spiritual_advisor_rogue,2,17,150,acorn,70,snake_meat,30,,,,,rtk-lua
natural_talent_rogue,2,17,150,acorn,70,snake_meat,30,,,,,rtk-lua
appraise_rogue,2,17,150,acorn,70,snake_meat,30,,,,,rtk-lua
embrace_of_the_void_rogue,2,18,200,acorn,30,topaz,1,,,,,rtk-lua
lightning_rogue,2,18,200,acorn,30,topaz,1,,,,,rtk-lua
natures_storm_rogue,2,18,200,acorn,30,topaz,1,,,,,rtk-lua
spiritual_cure_rogue,2,20,100,acorn,50,,,,,,,rtk-lua
natures_kiss_rogue,2,20,100,acorn,50,,,,,,,rtk-lua
cooling_touch_rogue,2,20,100,acorn,50,,,,,,,rtk-lua
spirit_strike_rogue,2,24,200,acorn,30,light_fox_fur,1,topaz,2,,,rtk-lua
wrath_of_nature_rogue,2,24,200,acorn,30,light_fox_fur,1,topaz,2,,,rtk-lua
thunderclap_rogue,2,24,200,acorn,30,light_fox_fur,1,topaz,2,,,rtk-lua
spirit_warrior_rogue,2,24,200,acorn,100,red_fox_fur,10,,,,,rtk-lua
natural_defense_rogue,2,24,200,acorn,100,red_fox_fur,10,,,,,rtk-lua
ohaengs_armor_rogue,2,24,200,acorn,100,red_fox_fur,10,,,,,rtk-lua
spiritual_guide_rogue,2,28,200,acorn,100,red_fox_fur,15,,,,,rtk-lua
natures_handiwork_rogue,2,28,200,acorn,100,red_fox_fur,15,,,,,rtk-lua
judgement_day_rogue,2,28,200,acorn,100,red_fox_fur,15,,,,,rtk-lua
souls_rage_rogue,2,34,300,acorn,150,light_fox_fur,20,,,,,rtk-lua
spirit_of_the_forest_rogue,2,34,300,acorn,150,light_fox_fur,20,,,,,rtk-lua
augmentation_rogue,2,34,300,acorn,150,light_fox_fur,20,,,,,rtk-lua
kwisin_mask_rogue,2,33,100,acorn,80,fox_fur,10,,,,,rtk-lua
mingken_mask_rogue,2,33,100,acorn,80,fox_fur,10,,,,,rtk-lua
ohaeng_mask_rogue,2,33,100,acorn,80,fox_fur,10,,,,,rtk-lua
spirits_form_rogue,2,30,0,fox_tail,1,topaz,1,,,,,rtk-lua
lifes_cloak_rogue,2,30,0,fox_tail,1,topaz,1,,,,,rtk-lua
glass_form_rogue,2,30,0,fox_tail,1,topaz,1,,,,,rtk-lua
displacement_rogue,2,38,400,acorn,180,fox_blade,1,,,,,rtk-lua
waylay_rogue,2,38,400,acorn,180,fox_blade,1,,,,,rtk-lua
reflect_rogue,2,38,400,acorn,180,fox_blade,1,,,,,rtk-lua
spirits_embrace_rogue,2,48,300,acorn,100,mountain_ginseng,1,,,,,rtk-lua
infuse_energy_rogue,2,48,300,acorn,100,mountain_ginseng,1,,,,,rtk-lua
lifes_river_rogue,2,48,300,acorn,100,mountain_ginseng,1,,,,,rtk-lua
the_voids_measure_rogue,2,45,500,acorn,50,amethyst,2,steel_saber,1,,,rtk-lua
beastly_frenzy_rogue,2,45,500,acorn,50,amethyst,2,steel_saber,1,,,rtk-lua
tilting_the_balance_rogue,2,45,500,acorn,50,amethyst,2,steel_saber,1,,,rtk-lua
filling_the_soul_rogue,2,56,1000,acorn,180,lucky_coin,1,moonblade,1,,,rtk-lua
spirit_of_the_wild_rogue,2,56,1000,acorn,180,lucky_coin,1,moonblade,1,,,rtk-lua
ohaengs_grace_rogue,2,56,1000,acorn,180,lucky_coin,1,moonblade,1,,,rtk-lua
spirits_hand_rogue,2,65,2000,acorn,130,steel_sword,1,,,,,rtk-lua
quick_fingers_rogue,2,65,2000,acorn,130,steel_sword,1,,,,,rtk-lua
light_touch_rogue,2,65,2000,acorn,130,steel_sword,1,,,,,rtk-lua
spirit_caress_rogue,2,90,25000,,,,,,,,,rtk-lua
heal_injury_rogue,2,90,25000,,,,,,,,,rtk-lua
bandage_rogue,2,90,25000,,,,,,,,,rtk-lua
afterlifes_embrace_rogue,2,63,5000,deaths_head,1,titanium_glove,1,whisper_bracelet,1,,,rtk-lua
mingkens_judgement_rogue,2,63,5000,deaths_head,1,titanium_glove,1,whisper_bracelet,1,,,rtk-lua
calculating_blow_rogue,2,63,5000,deaths_head,1,titanium_glove,1,whisper_bracelet,1,,,rtk-lua
maros_remedy_rogue,2,99,25000,mountain_ginseng,1,,,,,,,rtk-lua
kwisin_maros_remedy_rogue,2,99,25000,mountain_ginseng,1,,,,,,,rtk-lua
mingken_maros_remedy_rogue,2,99,25000,mountain_ginseng,1,,,,,,,rtk-lua
ohaeng_maros_remedy_rogue,2,99,25000,mountain_ginseng,1,,,,,,,rtk-lua
baekhos_rage_rogue,2,99,40000,il_san_blood,1,flamefang,2,magical_dust,2,,,rtk-lua
masos_remedy_rogue,2,99,50000,mountain_ginseng,2,,,,,,,rtk-lua
kwisin_masos_remedy_rogue,2,99,50000,mountain_ginseng,2,,,,,,,rtk-lua
mingken_masos_remedy_rogue,2,99,50000,mountain_ginseng,2,,,,,,,rtk-lua
ohaeng_masos_remedy_rogue,2,99,50000,mountain_ginseng,2,,,,,,,rtk-lua
refresh_rogue,2,99,10000,mountain_ginseng,1,,,,,,,rtk-lua
souls_awakening_rogue,2,99,10000,mountain_ginseng,1,,,,,,,rtk-lua
healing_waters_rogue,2,99,10000,mountain_ginseng,1,,,,,,,rtk-lua
fire_dance_rogue,2,99,10000,mountain_ginseng,1,,,,,,,rtk-lua
tigers_fortitude_rogue,2,99,300000,,,,,,,,,rtk-lua
baekhos_blade_rogue,2,99,60000,ee_san_blood,1,dark_dagger,4,magical_dust,4,,,rtk-lua
chance_rogue,2,99,200000,,,,,,,,,rtk-lua
randomness_rogue,2,99,200000,,,,,,,,,rtk-lua
natures_choice_rogue,2,99,200000,,,,,,,,,rtk-lua
trial_by_fire_rogue,2,99,200000,,,,,,,,,rtk-lua
swift_recovery_rogue,2,99,25000,mountain_ginseng,1,,,,,,,rtk-lua
renew_energy_rogue,2,99,25000,mountain_ginseng,1,,,,,,,rtk-lua
loving_dew_rogue,2,99,25000,mountain_ginseng,1,,,,,,,rtk-lua
invigorate_rogue,2,99,25000,mountain_ginseng,1,,,,,,,rtk-lua
set_snare_trap,2,33,350,fine_rabbit_meat,2,,,,,,,rtk-lua
set_bladestorm_trap,2,99,200000,,,,,,,,,rtk-lua
set_swords_dance_trap,2,99,200000,,,,,,,,,rtk-lua
set_tigers_ambush_trap,2,99,200000,,,,,,,,,rtk-lua
set_cutting_edge_trap,2,99,200000,,,,,,,,,rtk-lua
spirit_strength_mage,3,6,50,bears_liver,1,antler,5,,,,,rtk-lua
inner_blessing_mage,3,6,50,bears_liver,1,antler,5,,,,,rtk-lua
temper_mage,3,6,50,bears_liver,1,antler,5,,,,,rtk-lua
glimpse_of_the_void_mage,3,9,10,acorn,10,book,1,,,,,rtk-lua
bolt_mage,3,9,10,acorn,10,book,1,,,,,rtk-lua
natures_ire_mage,3,9,10,acorn,10,book,1,,,,,rtk-lua
spiritsong_mage,3,11,10,acorn,10,rabbit_meat,10,book,1,,,rtk-lua
helping_hand_mage,3,11,10,acorn,10,rabbit_meat,10,book,1,,,rtk-lua
heal_others_mage,3,11,10,acorn,10,rabbit_meat,10,book,1,,,rtk-lua
embrace_of_the_void_mage,3,13,100,ink,1,book,1,,,,,rtk-lua
lightning_mage,3,13,100,ink,1,book,1,,,,,rtk-lua
natures_storm_mage,3,13,100,ink,1,book,1,,,,,rtk-lua
thicken_skin_mage,3,14,100,gold_acorn,1,ancient_armor,1,,,,,rtk-lua
shield_of_life_mage,3,14,100,gold_acorn,1,ancient_armor,1,,,,,rtk-lua
elemental_armor_mage,3,14,100,gold_acorn,1,ancient_armor,1,,,,,rtk-lua
spirit_strike_mage,3,18,200,ink,1,book,1,,,,,rtk-lua
wrath_of_nature_mage,3,18,200,ink,1,book,1,,,,,rtk-lua
thunderclap_mage,3,18,200,ink,1,book,1,,,,,rtk-lua
spirits_smile_mage,3,21,0,ginseng,1,light_fox_fur,10,,,,,rtk-lua
lifes_water_mage,3,21,0,ginseng,1,light_fox_fur,10,,,,,rtk-lua
quicken_mage,3,21,0,ginseng,1,light_fox_fur,10,,,,,rtk-lua
soulstorm_mage,3,22,0,acorn,50,topaz,2,,,,,rtk-lua
avalanche_mage,3,22,0,acorn,50,topaz,2,,,,,rtk-lua
deluge_mage,3,22,0,acorn,50,topaz,2,,,,,rtk-lua
spiritual_cure_mage,3,11,0,bears_liver,5,ginseng,1,,,,,rtk-lua
natures_kiss_mage,3,11,0,bears_liver,5,ginseng,1,,,,,rtk-lua
cooling_touch_mage,3,11,0,bears_liver,5,ginseng,1,,,,,rtk-lua
strengthen_mage,3,23,150,snake_meat,20,antler,10,,,,,rtk-lua
bless_muscles_mage,3,23,150,snake_meat,20,antler,10,,,,,rtk-lua
power_burst_mage,3,23,150,snake_meat,20,antler,10,,,,,rtk-lua
soul_strike_mage,3,26,0,gold_acorn,1,topaz,1,,,,,rtk-lua
tree_dart_mage,3,26,0,gold_acorn,1,topaz,1,,,,,rtk-lua
sunstroke_mage,3,26,0,gold_acorn,1,topaz,1,,,,,rtk-lua
renew_essence_mage,3,28,250,gold_acorn,1,snake_meat,10,mountain_ginseng,1,,,rtk-lua
lifesong_mage,3,28,250,gold_acorn,1,snake_meat,10,mountain_ginseng,1,,,rtk-lua
sweet_waters_mage,3,28,250,gold_acorn,1,snake_meat,10,mountain_ginseng,1,,,rtk-lua
cure_illness_mage,3,30,150,gold_acorn,1,antler,10,mountain_ginseng,1,,,rtk-lua
restore_health_mage,3,30,150,gold_acorn,1,antler,10,mountain_ginseng,1,,,rtk-lua
remove_poison_mage,3,30,150,gold_acorn,1,antler,10,mountain_ginseng,1,,,rtk-lua
crescendo_mage,3,32,150,gold_acorn,1,light_fox_fur,25,moon_wine,1,,,rtk-lua
flight_of_arrows_mage,3,32,150,gold_acorn,1,light_fox_fur,25,moon_wine,1,,,rtk-lua
blazing_sands_mage,3,32,150,gold_acorn,1,light_fox_fur,25,moon_wine,1,,,rtk-lua
spirits_embrace_mage,3,32,200,gold_acorn,1,antler,20,ginseng,1,,,rtk-lua
infuse_energy_mage,3,32,200,gold_acorn,1,antler,20,ginseng,1,,,rtk-lua
lifes_river_mage,3,32,200,gold_acorn,1,antler,20,ginseng,1,,,rtk-lua
release_binds_mage,3,36,150,gold_acorn,1,mountain_ginseng,1,,,,,rtk-lua
return_movement_mage,3,36,150,gold_acorn,1,mountain_ginseng,1,,,,,rtk-lua
free_movement_mage,3,36,150,gold_acorn,1,mountain_ginseng,1,,,,,rtk-lua
protect_soul_mage,3,38,0,ambrosia,1,ancient_robes,1,,,,,rtk-lua
guard_life_mage,3,38,0,ambrosia,1,ancient_robes,1,,,,,rtk-lua
magic_shield_mage,3,38,0,ambrosia,1,ancient_robes,1,,,,,rtk-lua
spirits_power_mage,3,39,250,fine_snake_meat,5,ink,1,book,1,,,rtk-lua
life_force_mage,3,39,250,fine_snake_meat,5,ink,1,book,1,,,rtk-lua
gather_magic_mage,3,39,250,fine_snake_meat,5,ink,1,book,1,,,rtk-lua
kwisin_mask_mage,3,40,200,acorn,50,fox_fur,1,,,,,rtk-lua
mingken_mask_mage,3,40,200,acorn,50,fox_fur,1,,,,,rtk-lua
ohaeng_mask_mage,3,40,200,acorn,50,fox_fur,1,,,,,rtk-lua
ancestors_touch_mage,3,40,100,gold_acorn,1,bears_liver,10,mountain_ginseng,1,,,rtk-lua
life_flow_mage,3,40,100,gold_acorn,1,bears_liver,10,mountain_ginseng,1,,,rtk-lua
infuse_lifeforce_mage,3,40,100,gold_acorn,1,bears_liver,10,mountain_ginseng,1,,,rtk-lua
soul_spike_mage,3,41,250,gold_acorn,1,amethyst,1,,,,,rtk-lua
treefall_mage,3,41,250,gold_acorn,1,amethyst,1,,,,,rtk-lua
shatter_mage,3,41,250,gold_acorn,1,amethyst,1,,,,,rtk-lua
soul_chasm_mage,3,42,100,acorn,100,fox_fur,10,,,,,rtk-lua
winters_vortex_mage,3,42,100,acorn,100,fox_fur,10,,,,,rtk-lua
volcano_mage,3,42,100,acorn,100,fox_fur,10,,,,,rtk-lua
release_curse_mage,3,34,200,gold_acorn,1,fox_fur,10,,,,,rtk-lua
undo_evil_mage,3,34,200,gold_acorn,1,fox_fur,10,,,,,rtk-lua
restore_armor_mage,3,34,200,gold_acorn,1,fox_fur,10,,,,,rtk-lua
death_scream_mage,3,54,500,gold_acorn,1,scribes_pen,1,,,,,rtk-lua
natures_wounding_mage,3,54,500,gold_acorn,1,scribes_pen,1,,,,,rtk-lua
rain_of_fire_mage,3,54,500,gold_acorn,1,scribes_pen,1,,,,,rtk-lua
deaths_face_mage,3,44,250,acorn,70,lucky_coin,1,,,,,rtk-lua
unnatural_selection_mage,3,44,250,acorn,70,lucky_coin,1,,,,,rtk-lua
flaw_mage,3,44,250,acorn,70,lucky_coin,1,,,,,rtk-lua
spirits_leech_mage,3,59,500,snake_meat,10,fine_snake_meat,3,mountain_ginseng,1,,,rtk-lua
snake_bite_mage,3,59,500,snake_meat,10,fine_snake_meat,3,mountain_ginseng,1,,,rtk-lua
corruption_mage,3,59,500,snake_meat,10,fine_snake_meat,3,mountain_ginseng,1,,,rtk-lua
dark_veil_mage,3,61,400,amber,2,dark_amber,1,,,,,rtk-lua
winters_shadow_mage,3,61,400,amber,2,dark_amber,1,,,,,rtk-lua
ice_glare_mage,3,61,400,amber,2,dark_amber,1,,,,,rtk-lua
spirit_leash_mage,3,62,500,battle_helm,1,antler,20,,,,,rtk-lua
cold_binds_mage,3,62,500,battle_helm,1,antler,20,,,,,rtk-lua
lockup_mage,3,62,500,battle_helm,1,antler,20,,,,,rtk-lua
eater_of_the_dead_mage,3,64,500,acorn,70,amber,1,,,,,rtk-lua
forests_discord_mage,3,64,500,acorn,70,amber,1,,,,,rtk-lua
shatter_storm_mage,3,64,500,acorn,70,amber,1,,,,,rtk-lua
sweet_musings_mage,3,70,0,dark_amber,10,fox_blade,1,,,,,rtk-lua
essence_of_poppies_mage,3,70,0,dark_amber,10,fox_blade,1,,,,,rtk-lua
stillness_mage,3,70,0,dark_amber,10,fox_blade,1,,,,,rtk-lua
river_of_blood_mage,3,77,2500,dark_amber,3,steel_saber,1,,,,,rtk-lua
natural_disaster_mage,3,77,2500,dark_amber,3,steel_saber,1,,,,,rtk-lua
winds_of_disaster_mage,3,77,2500,dark_amber,3,steel_saber,1,,,,,rtk-lua
voids_touch_mage,3,82,0,dark_amber,5,viper_stick,1,,,,,rtk-lua
still_ethers_mage,3,82,0,dark_amber,5,viper_stick,1,,,,,rtk-lua
still_waters_mage,3,82,0,dark_amber,5,viper_stick,1,,,,,rtk-lua
dance_macabre_mage,3,85,2000,gold_acorn,3,dark_amber,2,,,,,rtk-lua
wilding_mage,3,85,2000,gold_acorn,3,dark_amber,2,,,,,rtk-lua
chain_lightning_mage,3,85,2000,gold_acorn,3,dark_amber,2,,,,,rtk-lua
still_embrace_mage,3,90,10000,mountain_ginseng,2,,,,,,,rtk-lua
infuse_life_mage,3,90,10000,mountain_ginseng,2,,,,,,,rtk-lua
healing_rain_mage,3,90,10000,mountain_ginseng,2,,,,,,,rtk-lua
consume_soul_mage,3,72,9000,stardrop,10,dark_amber,10,star_staff,1,,,rtk-lua
flesh_eaters_mage,3,72,9000,stardrop,10,dark_amber,10,star_staff,1,,,rtk-lua
hurricane_mage,3,72,9000,stardrop,10,dark_amber,10,star_staff,1,,,rtk-lua
hindrance_mage,3,99,60000,il_san_surge,1,jolt_trident,2,scribes_book,2,,,rtk-lua
solace_mage,3,99,10000,mountain_ginseng,1,,,,,,,rtk-lua
festival_of_souls_mage,3,99,10000,mountain_ginseng,1,,,,,,,rtk-lua
natures_bounty_mage,3,99,10000,mountain_ginseng,1,,,,,,,rtk-lua
ohaengs_blessing_mage,3,99,10000,mountain_ginseng,1,,,,,,,rtk-lua
volcanic_blast_mage,3,99,600000,,,,,,,,,rtk-lua
bekyuns_heal_mage,3,99,25000,mountain_ginseng,1,,,,,,,rtk-lua
death_denied_mage,3,99,25000,mountain_ginseng,1,,,,,,,rtk-lua
one_with_life_mage,3,99,25000,mountain_ginseng,1,,,,,,,rtk-lua
balanced_touch_mage,3,99,25000,mountain_ginseng,1,,,,,,,rtk-lua
inferno_mage,3,99,500000,,,,,,,,,rtk-lua
deaths_door_mage,3,99,500000,,,,,,,,,rtk-lua
natures_denial_mage,3,99,500000,,,,,,,,,rtk-lua
steel_storm_mage,3,99,500000,,,,,,,,,rtk-lua
ju_jak_curse_mage,3,99,60000,ee_san_surge,1,frozen_spear,4,scribes_book,4,,,rtk-lua
spirits_power_poet,4,7,0,ink,1,wine,1,,,,,rtk-lua
life_force_poet,4,7,0,ink,1,wine,1,,,,,rtk-lua
gather_magic_poet,4,7,0,ink,1,wine,1,,,,,rtk-lua
spirits_smile_poet,4,7,0,acorn,20,rabbit_meat,10,,,,,rtk-lua
lifes_water_poet,4,7,0,acorn,20,rabbit_meat,10,,,,,rtk-lua
quicken_poet,4,7,0,acorn,20,rabbit_meat,10,,,,,rtk-lua
spirits_embrace_poet,4,9,100,aged_wine,1,,,,,,,rtk-lua
infuse_energy_poet,4,9,100,aged_wine,1,,,,,,,rtk-lua
lifes_river_poet,4,9,100,aged_wine,1,,,,,,,rtk-lua
glimpse_of_the_void_poet,4,11,0,acorn,20,rabbit_meat,10,,,,,rtk-lua
bolt_poet,4,11,0,acorn,20,rabbit_meat,10,,,,,rtk-lua
natures_ire_poet,4,11,0,acorn,20,rabbit_meat,10,,,,,rtk-lua
cure_illness_poet,4,12,100,snake_meat,10,wine,1,,,,,rtk-lua
restore_health_poet,4,12,100,snake_meat,10,wine,1,,,,,rtk-lua
remove_poison_poet,4,12,100,snake_meat,10,wine,1,,,,,rtk-lua
thicken_skin_poet,4,14,10,snake_meat,20,ancient_armor,1,,,,,rtk-lua
shield_of_life_poet,4,14,10,snake_meat,20,ancient_armor,1,,,,,rtk-lua
elemental_armor_poet,4,14,10,snake_meat,20,ancient_armor,1,,,,,rtk-lua
spirits_kiss_poet,4,15,100,acorn,50,,,,,,,rtk-lua
spark_of_health_poet,4,15,100,acorn,50,,,,,,,rtk-lua
water_of_nature_poet,4,15,100,acorn,50,,,,,,,rtk-lua
embrace_of_the_void_poet,4,17,0,acorn,20,rabbit_meat,10,,,,,rtk-lua
lightning_poet,4,17,0,acorn,20,rabbit_meat,10,,,,,rtk-lua
natures_storm_poet,4,17,0,acorn,20,rabbit_meat,10,,,,,rtk-lua
release_curse_poet,4,18,10,blue_ring,1,,,,,,,rtk-lua
undo_evil_poet,4,18,10,blue_ring,1,,,,,,,rtk-lua
restore_armor_poet,4,18,10,blue_ring,1,,,,,,,rtk-lua
strengthen_poet,4,21,100,snake_meat,20,antler,10,,,,,rtk-lua
bless_muscles_poet,4,21,100,snake_meat,20,antler,10,,,,,rtk-lua
power_burst_poet,4,21,100,snake_meat,20,antler,10,,,,,rtk-lua
spirit_strike_poet,4,22,0,acorn,20,rabbit_meat,10,,,,,rtk-lua
wrath_of_nature_poet,4,22,0,acorn,20,rabbit_meat,10,,,,,rtk-lua
thunderclap_poet,4,22,0,acorn,20,rabbit_meat,10,,,,,rtk-lua
ancestors_touch_poet,4,25,0,snake_meat,10,ink,1,,,,,rtk-lua
life_flow_poet,4,25,0,snake_meat,10,ink,1,,,,,rtk-lua
infuse_lifeforce_poet,4,25,0,snake_meat,10,ink,1,,,,,rtk-lua
brothers_of_spirit_poet,4,28,100,aged_wine,1,,,,,,,rtk-lua
gathering_of_power_poet,4,28,100,aged_wine,1,,,,,,,rtk-lua
natures_family_poet,4,28,100,aged_wine,1,,,,,,,rtk-lua
protect_soul_poet,4,30,0,scroll,1,ink,1,,,,,rtk-lua
guard_life_poet,4,30,0,scroll,1,ink,1,,,,,rtk-lua
magic_shield_poet,4,30,0,scroll,1,ink,1,,,,,rtk-lua
clear_darkness_poet,4,31,0,ancient_robes,1,,,,,,,rtk-lua
restore_sight_poet,4,31,0,ancient_robes,1,,,,,,,rtk-lua
purge_darkness_poet,4,31,0,ancient_robes,1,,,,,,,rtk-lua
possess_soul_poet,4,33,0,light_fox_fur,10,red_fox_fur,10,topaz,1,,,rtk-lua
charm_life_poet,4,33,0,light_fox_fur,10,red_fox_fur,10,topaz,1,,,rtk-lua
align_follower_poet,4,33,0,light_fox_fur,10,red_fox_fur,10,topaz,1,,,rtk-lua
release_binds_poet,4,34,100,fine_snake_meat,1,,,,,,,rtk-lua
return_movement_poet,4,34,100,fine_snake_meat,1,,,,,,,rtk-lua
free_movement_poet,4,34,100,fine_snake_meat,1,,,,,,,rtk-lua
ancestors_embrace_poet,4,40,0,aged_wine,1,amethyst,1,,,,,rtk-lua
lifeforce_poet,4,40,0,aged_wine,1,amethyst,1,,,,,rtk-lua
lifespring_poet,4,40,0,aged_wine,1,amethyst,1,,,,,rtk-lua
draw_energy_poet,4,35,1000,purple_ring,1,,,,,,,rtk-lua
harness_power_poet,4,35,1000,purple_ring,1,,,,,,,rtk-lua
combine_focus_poet,4,35,1000,purple_ring,1,,,,,,,rtk-lua
brethren_of_spirits_poet,4,45,100,fox_fur,20,mountain_ginseng,1,,,,,rtk-lua
gathering_of_the_flock_poet,4,45,100,fox_fur,20,mountain_ginseng,1,,,,,rtk-lua
gathering_of_majesty_poet,4,45,100,fox_fur,20,mountain_ginseng,1,,,,,rtk-lua
restore_will_poet,4,48,100,gold_acorn,1,scroll,1,,,,,rtk-lua
raise_guard_poet,4,48,100,gold_acorn,1,scroll,1,,,,,rtk-lua
align_armor_poet,4,48,100,gold_acorn,1,scroll,1,,,,,rtk-lua
ancestors_kiss_poet,4,50,100,light_fox_fur,20,mountain_ginseng,1,,,,,rtk-lua
fertile_soil_poet,4,50,100,light_fox_fur,20,mountain_ginseng,1,,,,,rtk-lua
waters_of_purity_poet,4,50,100,light_fox_fur,20,mountain_ginseng,1,,,,,rtk-lua
hear_spirits_poet,4,53,500,acorn,100,steel_saber,1,,,,,rtk-lua
improve_sight_poet,4,53,500,acorn,100,steel_saber,1,,,,,rtk-lua
show_hidden_poet,4,53,500,acorn,100,steel_saber,1,,,,,rtk-lua
spirit_puppet_poet,4,56,2000,wicked_staff,1,fragile_rose,1,,,,,rtk-lua
palm_of_life_poet,4,56,2000,wicked_staff,1,fragile_rose,1,,,,,rtk-lua
tornado_poet,4,56,2000,wicked_staff,1,fragile_rose,1,,,,,rtk-lua
spirit_barrier_poet,4,60,50,acorn,70,light_fox_fur,20,,,,,rtk-lua
life_barrier_poet,4,60,50,acorn,70,light_fox_fur,20,,,,,rtk-lua
balance_barrier_poet,4,60,50,acorn,70,light_fox_fur,20,,,,,rtk-lua
share_energy_poet,4,45,100,gold_acorn,1,amethyst,1,,,,,rtk-lua
bestow_power_poet,4,45,100,gold_acorn,1,amethyst,1,,,,,rtk-lua
release_focus_poet,4,45,100,gold_acorn,1,amethyst,1,,,,,rtk-lua
damage_will_poet,4,55,1000,acorn,80,amber,2,,,,,rtk-lua
drop_guard_poet,4,55,1000,acorn,80,amber,2,,,,,rtk-lua
unalign_armor_poet,4,55,1000,acorn,80,amber,2,,,,,rtk-lua
earthquake_poet,4,74,500,acorn,80,amber,5,,,,,rtk-lua
tossing_the_bones_poet,4,74,500,acorn,80,amber,5,,,,,rtk-lua
natures_fury_poet,4,74,500,acorn,80,amber,5,,,,,rtk-lua
groundstrike_poet,4,74,500,acorn,80,amber,5,,,,,rtk-lua
block_entry_poet,4,75,500,acorn,50,dark_amber,1,,,,,rtk-lua
distance_self_poet,4,75,500,acorn,50,dark_amber,1,,,,,rtk-lua
protect_sides_poet,4,75,500,acorn,50,dark_amber,1,,,,,rtk-lua
clan_of_souls_poet,4,80,800,acorn,80,dark_amber,1,,,,,rtk-lua
healing_hand_poet,4,80,800,acorn,80,dark_amber,1,,,,,rtk-lua
earths_embrace_poet,4,80,800,acorn,80,dark_amber,1,,,,,rtk-lua
deaths_guard_poet,4,95,5000,acorn,100,amber,20,,,,,rtk-lua
lifes_protection_poet,4,95,5000,acorn,100,amber,20,,,,,rtk-lua
body_of_alignment_poet,4,95,5000,acorn,100,amber,20,,,,,rtk-lua
remove_magic_poet,4,88,100,acorn,80,poet_whip,1,,,,,rtk-lua
return_natural_poet,4,88,100,acorn,80,poet_whip,1,,,,,rtk-lua
restore_balance_poet,4,88,100,acorn,80,poet_whip,1,,,,,rtk-lua
dance_of_death_poet,4,90,10000,gold_acorn,5,,,,,,,rtk-lua
breaking_of_the_world_poet,4,90,10000,gold_acorn,5,,,,,,,rtk-lua
storm_crow_poet,4,90,10000,gold_acorn,5,,,,,,,rtk-lua
breath_of_power_poet,4,85,5000,acorn,100,dark_amber,1,red_potion,1,,,rtk-lua
healing_breath_poet,4,85,5000,acorn,100,dark_amber,1,red_potion,1,,,rtk-lua
breath_of_life_poet,4,85,5000,acorn,100,dark_amber,1,red_potion,1,,,rtk-lua
return_spirit_poet,4,99,10000,acorn,200,dark_amber,5,red_potion,2,,,rtk-lua
mingken_blessing_poet,4,99,10000,acorn,200,dark_amber,5,red_potion,2,,,rtk-lua
death_undone_poet,4,99,10000,acorn,200,dark_amber,5,red_potion,2,,,rtk-lua
healers_revenge_poet,4,99,40000,il_san_charm,1,fragile_rose,2,jolt_trident,2,,,rtk-lua
stream_of_life_poet,4,99,10000,mountain_ginseng,1,,,,,,,rtk-lua
purity_of_spirit_poet,4,99,10000,mountain_ginseng,1,,,,,,,rtk-lua
natures_abundance_poet,4,99,10000,mountain_ginseng,1,,,,,,,rtk-lua
forge_of_life_poet,4,99,10000,mountain_ginseng,1,,,,,,,rtk-lua
bolster_poet,4,99,150000,,,,,,,,,rtk-lua
dark_armor_poet,4,99,150000,,,,,,,,,rtk-lua
life_armor_poet,4,99,150000,,,,,,,,,rtk-lua
armor_of_elements_poet,4,99,150000,,,,,,,,,rtk-lua
dishearten_poet,4,99,150000,,,,,,,,,rtk-lua
dark_fear_poet,4,99,150000,,,,,,,,,rtk-lua
break_will_poet,4,99,150000,,,,,,,,,rtk-lua
harshen_attack_poet,4,99,150000,,,,,,,,,rtk-lua
essence_of_life_poet,4,99,25000,mountain_ginseng,1,,,,,,,rtk-lua
essence_of_spirit_poet,4,99,25000,mountain_ginseng,1,,,,,,,rtk-lua
lifes_embrace_poet,4,99,25000,mountain_ginseng,1,,,,,,,rtk-lua
earths_cradle_poet,4,99,25000,mountain_ginseng,1,,,,,,,rtk-lua
hyun_moo_spite_poet,4,99,60000,ee_san_charm,1,fragile_rose,4,frozen_spear,4,,,rtk-lua
cotw_caterpillar_poet,4,68,1000,acorn,100,pearl_charm,1,,,,,rtk-lua
cotw_fluffy_dog_poet,4,72,1000,acorn,100,pearl_charm,1,,,,,rtk-lua
cotw_panda_bear_poet,4,81,1000,acorn,100,pearl_charm,1,,,,,rtk-lua
cotw_wild_monkey_poet,4,90,1000,acorn,100,pearl_charm,1,,,,,rtk-lua
cotw_gorilla_poet,4,99,1000,acorn,100,pearl_charm,1,,,,,rtk-lua
kwisin_companion_poet,4,68,1000,acorn,100,pearl_charm,1,,,,,rtk-lua
mingken_companion_poet,4,68,1000,acorn,100,pearl_charm,1,,,,,rtk-lua
ohaeng_companion_poet,4,68,1000,acorn,100,pearl_charm,1,,,,,rtk-lua
kwisin_assistant_poet,4,72,1000,acorn,100,pearl_charm,1,,,,,rtk-lua
mingken_assistant_poet,4,72,1000,acorn,100,pearl_charm,1,,,,,rtk-lua
ohaeng_assistant_poet,4,72,1000,acorn,100,pearl_charm,1,,,,,rtk-lua
kwisin_protector_poet,4,81,1000,acorn,100,pearl_charm,1,,,,,rtk-lua
mingken_protector_poet,4,81,1000,acorn,100,pearl_charm,1,,,,,rtk-lua
ohaeng_protector_poet,4,81,1000,acorn,100,pearl_charm,1,,,,,rtk-lua
kwisin_fighter_poet,4,90,1000,acorn,100,pearl_charm,1,,,,,rtk-lua
mingken_fighter_poet,4,90,1000,acorn,100,pearl_charm,1,,,,,rtk-lua
ohaeng_fighter_poet,4,90,1000,acorn,100,pearl_charm,1,,,,,rtk-lua
kwisin_warrior_poet,4,99,1000,acorn,100,pearl_charm,1,,,,,rtk-lua
mingken_warrior_poet,4,99,1000,acorn,100,pearl_charm,1,,,,,rtk-lua
ohaeng_warrior_poet,4,99,1000,acorn,100,pearl_charm,1,,,,,rtk-lua
kwisin_champion_poet,4,99,150000,splendid_tiger_pelt,10,well_crafted_white_amber,1,yellow_amber,10,,,rtk-lua
mingken_champion_poet,4,99,150000,splendid_tiger_pelt,10,well_crafted_white_amber,1,yellow_amber,10,,,rtk-lua
ohaeng_champion_poet,4,99,150000,splendid_tiger_pelt,10,well_crafted_white_amber,1,yellow_amber,10,,,rtk-lua
kwisin_avatar_poet,4,99,250000,,,,,,,,,rtk-lua
mingken_avatar_poet,4,99,250000,,,,,,,,,rtk-lua
ohaeng_avatar_poet,4,99,250000,,,,,,,,,rtk-lua
cotw_wind_dancer_poet,4,99,150000,splendid_tiger_pelt,10,well_crafted_white_amber,1,yellow_amber,10,,,rtk-lua
cotw_wind_warrior_poet,4,99,250000,,,,,,,,,rtk-lua
