Map,MobId,Count,MinX,MinY,MaxX,MaxY,Timer,Group
41,2,50,0,0,0,0,300,1
41,3,5,0,0,0,0,300,1
41,4,5,0,0,0,0,300,1
50,49,10,0,0,0,0,300,0
51,10,7,0,0,0,0,300,0
51,49,9,0,0,0,0,300,0
51,50,3,0,0,0,0,300,0
52,52,2,0,0,0,0,300,0
52,53,10,0,0,0,0,300,0
52,54,1,0,0,0,0,300,0
52,55,8,0,0,0,0,300,0
53,10,8,0,0,0,0,300,0
53,49,12,0,0,0,0,300,0
53,50,4,0,0,0,0,300,0
53,52,1,0,0,0,0,300,0
54,10,6,0,0,0,0,300,0
54,49,8,0,0,0,0,300,0
54,50,4,0,0,0,0,300,0
54,52,1,0,0,0,0,300,0
54,53,6,0,0,0,0,300,0
54,54,1,0,0,0,0,300,0
54,55,6,0,0,0,0,300,0
54,97,1,0,0,0,0,300,0
55,10,6,0,0,0,0,300,0
55,49,8,0,0,0,0,300,0
55,50,4,0,0,0,0,300,0
55,52,1,0,0,0,0,300,0
55,53,6,0,0,0,0,300,0
55,54,2,0,0,0,0,300,0
55,55,6,0,0,0,0,300,0
55,97,1,0,0,0,0,300,0
56,107,5,0,0,0,0,300,0
56,108,5,0,0,0,0,300,0
56,110,15,0,0,0,0,300,0
57,108,15,0,0,0,0,300,0
57,109,10,0,0,0,0,300,0
57,111,5,0,0,0,0,300,0
57,112,2,0,0,0,0,300,0
57,113,3,0,0,0,0,300,0
57,114,1,0,0,0,0,300,0
58,109,15,0,0,0,0,300,0
58,111,2,0,0,0,0,300,0
58,113,1,0,0,0,0,300,0
59,107,5,0,0,0,0,300,0
59,108,5,0,0,0,0,300,0
59,110,15,0,0,0,0,300,0
60,108,15,0,0,0,0,300,0
60,109,10,0,0,0,0,300,0
60,111,5,0,0,0,0,300,0
60,112,2,0,0,0,0,300,0
60,113,3,0,0,0,0,300,0
61,108,15,0,0,0,0,300,0
61,109,10,0,0,0,0,300,0
61,111,5,0,0,0,0,300,0
61,112,2,0,0,0,0,300,0
61,113,3,0,0,0,0,300,0
61,114,1,0,0,0,0,300,0
62,108,15,0,0,0,0,300,0
62,109,5,0,0,0,0,300,0
62,110,25,0,0,0,0,300,0
62,111,5,0,0,0,0,300,0
62,113,3,0,0,0,0,300,0
63,109,4,0,0,0,0,300,0
63,110,3,0,0,0,0,300,0
63,111,3,0,0,0,0,300,0
63,112,4,0,0,0,0,300,0
63,113,2,0,0,0,0,300,0
63,114,2,0,0,0,0,300,0
64,92,10,0,0,0,0,300,0
65,92,10,0,0,0,0,300,0
66,92,15,0,0,0,0,300,0
66,96,1,0,0,0,0,1800,1
67,92,15,0,0,0,0,300,0
67,94,1,0,0,0,0,1800,1
68,92,15,0,0,0,0,300,0
69,92,15,0,0,0,0,300,0
69,95,1,0,0,0,0,1800,1
70,75,7,0,0,0,0,300,0
71,75,10,0,0,0,0,300,0
72,75,10,0,0,0,0,300,0
72,76,10,0,0,0,0,300,0
72,80,10,0,0,0,0,300,0
73,75,10,0,0,0,0,300,0
73,76,10,0,0,0,0,300,0
73,78,6,0,0,0,0,300,0
74,78,6,0,0,0,0,300,0
74,117,10,0,0,0,0,300,0
75,75,10,0,0,0,0,300,0
75,76,10,0,0,0,0,300,0
75,78,7,0,0,0,0,300,0
75,80,10,0,0,0,0,300,0
76,75,10,0,0,0,0,300,0
76,76,10,0,0,0,0,300,0
76,78,6,0,0,0,0,300,0
77,75,10,0,0,0,0,300,0
77,76,10,0,0,0,0,300,0
77,78,6,0,0,0,0,300,0
78,75,15,0,0,0,0,300,0
78,115,10,0,0,0,0,300,0
79,75,15,0,0,0,0,300,0
80,116,10,0,0,0,0,240,0
80,126,10,0,0,0,0,240,0
81,71,5,0,0,0,0,240,0
81,116,10,0,0,0,0,240,0
81,126,10,0,0,0,0,240,0
82,71,5,0,0,0,0,240,0
82,126,10,0,0,0,0,240,0
82,128,10,0,0,0,0,240,0
83,71,5,0,0,0,0,240,0
83,128,10,0,0,0,0,240,0
83,129,10,0,0,0,0,240,0
84,71,5,0,0,0,0,240,0
84,127,10,0,0,0,0,240,0
84,128,10,0,0,0,0,240,0
84,130,10,0,0,0,0,240,0
85,71,5,0,0,0,0,240,0
85,127,10,0,0,0,0,240,0
85,128,10,0,0,0,0,240,0
85,130,10,0,0,0,0,240,0
86,127,10,0,0,0,0,240,0
86,129,10,0,0,0,0,240,0
86,130,10,0,0,0,0,240,0
86,131,1,0,0,0,0,240,0
86,132,1,0,0,0,0,240,0
87,127,10,0,0,0,0,240,0
87,129,10,0,0,0,0,240,0
87,130,5,0,0,0,0,240,0
88,127,10,0,0,0,0,240,0
88,129,10,0,0,0,0,240,0
88,130,10,0,0,0,0,240,0
88,131,1,0,0,0,0,240,0
88,132,1,0,0,0,0,240,0
89,127,10,0,0,0,0,240,0
89,129,10,0,0,0,0,240,0
89,130,10,0,0,0,0,240,0
89,131,1,0,0,0,0,240,0
89,132,1,0,0,0,0,240,0
90,99,7,0,0,0,0,300,0
90,100,7,0,0,0,0,300,0
91,99,10,0,0,0,0,300,0
91,100,10,0,0,0,0,300,0
91,101,5,0,0,0,0,300,0
91,103,1,0,0,0,0,300,0
92,99,5,0,0,0,0,300,0
92,100,5,0,0,0,0,300,0
92,103,1,0,0,0,0,300,0
93,99,15,0,0,0,0,300,0
93,100,10,0,0,0,0,300,0
93,101,5,0,0,0,0,300,0
93,103,1,0,0,0,0,300,0
95,99,15,0,0,0,0,300,0
95,100,10,0,0,0,0,300,0
95,101,5,0,0,0,0,300,0
95,103,5,0,0,0,0,300,0
95,104,5,0,0,0,0,300,0
95,105,1,0,0,0,0,300,0
96,99,7,0,0,0,0,300,0
96,100,5,0,0,0,0,300,0
96,101,3,0,0,0,0,300,0
96,103,3,0,0,0,0,300,0
96,104,3,0,0,0,0,300,0
96,105,1,0,0,0,0,300,0
111,156,32,0,0,0,0,300,0
111,160,6,0,0,0,0,300,0
111,486,1,0,0,0,0,6000,1
112,156,32,0,0,0,0,300,0
112,160,6,0,0,0,0,300,0
113,156,32,0,0,0,0,300,0
113,160,6,0,0,0,0,300,0
115,156,32,0,0,0,0,300,0
115,484,6,0,0,0,0,300,0
116,156,32,0,0,0,0,300,0
116,484,6,0,0,0,0,300,0
117,156,32,0,0,0,0,300,0
117,160,6,0,0,0,0,300,0
118,156,32,0,0,0,0,300,0
118,484,6,0,0,0,0,300,0
119,156,32,0,0,0,0,300,0
119,484,6,0,0,0,0,300,0
120,156,32,0,0,0,0,300,0
120,484,6,0,0,0,0,300,0
120,485,1,0,0,0,0,6000,1
121,90,10,0,0,0,0,300,0
121,92,10,0,0,0,0,300,0
122,91,30,0,0,0,0,300,0
123,90,10,0,0,0,0,300,0
123,92,10,0,0,0,0,300,0
124,91,10,0,0,0,0,300,0
124,93,1,0,0,0,0,1800,1
125,91,10,0,0,0,0,300,0
125,93,1,0,0,0,0,1800,1
126,91,10,0,0,0,0,300,0
126,93,1,0,0,0,0,1800,1
127,90,10,0,0,0,0,300,0
127,92,10,0,0,0,0,300,0
128,91,10,0,0,0,0,300,0
128,93,1,0,0,0,0,1800,1
129,91,15,0,0,0,0,300,0
130,90,10,0,0,0,0,300,0
130,92,10,0,0,0,0,300,0
131,149,10,0,0,0,0,180,0
131,150,5,0,0,0,0,180,0
132,149,10,0,0,0,0,180,0
132,150,5,0,0,0,0,180,0
133,149,10,0,0,0,0,180,0
133,150,5,0,0,0,0,180,0
134,149,8,0,0,0,0,180,0
134,150,4,0,0,0,0,180,0
135,150,10,0,0,0,0,180,0
135,152,8,0,0,0,0,180,0
138,149,10,0,0,0,0,180,0
139,149,10,0,0,0,0,180,0
140,150,10,0,0,0,0,75,0
140,152,10,0,0,0,0,120,1
141,155,20,0,0,0,0,300,0
142,155,20,0,0,0,0,300,0
143,155,20,0,0,0,0,300,0
144,155,20,0,0,0,0,300,0
144,156,3,0,0,0,0,300,0
144,157,1,0,0,0,0,300,0
145,155,20,0,0,0,0,300,0
145,156,3,0,0,0,0,300,0
145,157,1,0,0,0,0,300,0
146,155,20,0,0,0,0,300,0
146,156,3,0,0,0,0,300,0
146,157,1,0,0,0,0,300,0
147,155,20,0,0,0,0,300,0
147,156,3,0,0,0,0,300,0
147,158,1,0,0,0,0,300,0
148,155,20,0,0,0,0,300,0
148,156,3,0,0,0,0,300,0
148,158,1,0,0,0,0,300,0
149,155,20,0,0,0,0,300,0
149,156,3,0,0,0,0,300,0
149,158,1,0,0,0,0,300,0
150,155,20,0,0,0,0,300,0
150,156,3,0,0,0,0,300,0
150,159,1,0,0,0,0,300,0
150,160,1,0,0,0,0,300,0
151,15,30,0,0,0,0,300,0
152,15,30,0,0,0,0,300,0
153,15,15,0,0,0,0,300,0
153,16,15,0,0,0,0,300,0
155,15,15,0,0,0,0,300,0
155,16,15,0,0,0,0,300,0
156,16,15,0,0,0,0,300,0
156,17,15,0,0,0,0,300,0
157,16,30,0,0,0,0,300,0
158,16,10,0,0,0,0,300,0
158,17,10,0,0,0,0,300,0
158,18,10,0,0,0,0,300,0
159,16,10,0,0,0,0,300,0
159,17,10,0,0,0,0,300,0
159,18,10,0,0,0,0,300,0
160,5,30,0,0,0,0,300,0
161,5,15,0,0,0,0,300,0
161,12,15,0,0,0,0,300,0
162,5,15,0,0,0,0,300,0
162,12,15,0,0,0,0,300,0
163,5,15,0,0,0,0,300,0
163,12,15,0,0,0,0,300,0
164,12,15,0,0,0,0,300,0
164,13,15,0,0,0,0,300,0
165,12,15,0,0,0,0,300,0
165,13,15,0,0,0,0,300,0
166,12,15,0,0,0,0,300,0
166,13,15,0,0,0,0,300,0
167,13,10,0,0,0,0,300,0
167,14,10,0,0,0,0,300,0
168,14,30,0,0,0,0,300,0
169,87,26,0,0,0,0,300,0
170,19,13,0,0,0,0,300,0
170,20,13,0,0,0,0,300,0
171,19,13,0,0,0,0,300,0
171,20,13,0,0,0,0,300,0
172,20,13,0,0,0,0,300,0
173,20,13,0,0,0,0,300,0
173,21,13,0,0,0,0,300,0
174,20,13,0,0,0,0,300,0
174,21,13,0,0,0,0,300,0
175,20,13,0,0,0,0,300,0
175,21,13,0,0,0,0,300,0
176,20,13,0,0,0,0,300,0
176,21,13,0,0,0,0,300,0
177,20,13,0,0,0,0,300,0
177,21,13,0,0,0,0,300,0
178,20,13,0,0,0,0,300,0
178,21,13,0,0,0,0,300,0
179,20,13,0,0,0,0,300,0
179,21,13,0,0,0,0,300,0
180,122,20,0,0,0,0,300,0
181,22,30,0,0,0,0,300,0
182,23,15,0,0,0,0,300,0
182,24,15,0,0,0,0,300,0
183,123,20,0,0,0,0,300,0
184,22,15,0,0,0,0,300,0
184,23,15,0,0,0,0,300,0
185,22,10,0,0,0,0,300,0
185,23,10,0,0,0,0,300,0
185,24,10,0,0,0,0,300,0
186,24,30,0,0,0,0,300,0
187,24,15,0,0,0,0,300,0
187,25,15,0,0,0,0,300,0
188,24,30,0,0,0,0,300,0
189,23,10,0,0,0,0,300,0
189,24,10,0,0,0,0,300,0
189,25,10,0,0,0,0,300,0
190,24,30,0,0,0,0,300,0
191,26,15,0,0,0,0,90,0
191,27,15,0,0,0,0,90,0
192,26,10,0,0,0,0,90,0
192,27,10,0,0,0,0,90,0
192,28,10,0,0,0,0,90,0
193,26,10,0,0,0,0,90,0
193,27,10,0,0,0,0,90,0
193,28,10,0,0,0,0,90,0
194,26,10,0,0,0,0,90,0
194,27,10,0,0,0,0,90,0
194,28,10,0,0,0,0,90,0
195,26,10,0,0,0,0,90,0
195,27,10,0,0,0,0,90,0
195,28,10,0,0,0,0,90,0
196,145,20,0,0,0,0,300,0
197,27,10,0,0,0,0,90,0
197,28,10,0,0,0,0,90,0
197,29,10,0,0,0,0,90,0
198,27,10,0,0,0,0,90,0
198,28,10,0,0,0,0,90,0
198,29,10,0,0,0,0,90,0
199,27,10,0,0,0,0,90,0
199,28,10,0,0,0,0,90,0
199,29,10,0,0,0,0,90,0
200,27,10,0,0,0,0,90,0
200,28,10,0,0,0,0,90,0
200,29,10,0,0,0,0,90,0
201,518,9,0,0,0,0,360,0
202,518,8,0,0,0,0,360,0
202,519,6,0,0,0,0,360,0
203,518,8,0,0,0,0,360,0
203,519,6,0,0,0,0,360,0
203,520,4,0,0,0,0,360,0
204,518,10,0,0,0,0,360,0
204,519,7,0,0,0,0,360,0
204,520,4,0,0,0,0,360,0
205,518,10,0,0,0,0,360,0
205,519,7,0,0,0,0,360,0
205,520,4,0,0,0,0,360,0
206,518,10,0,0,0,0,360,0
206,519,7,0,0,0,0,360,0
206,520,4,0,0,0,0,360,0
207,518,11,0,0,0,0,360,0
207,519,6,0,0,0,0,360,0
208,518,8,0,23,29,39,360,0
208,519,5,0,23,29,39,360,0
208,520,3,0,23,29,39,360,0
210,30,10,0,0,0,0,120,0
210,31,10,0,0,0,0,120,0
210,33,10,0,0,0,0,120,0
211,30,30,0,0,0,0,120,0
212,31,10,0,0,0,0,120,0
212,32,10,0,0,0,0,120,0
212,33,10,0,0,0,0,120,0
213,31,10,0,0,0,0,120,0
213,32,10,0,0,0,0,120,0
213,33,10,0,0,0,0,120,0
214,30,50,0,0,0,0,120,0
215,31,10,0,0,0,0,120,0
215,32,10,0,0,0,0,120,0
215,33,10,0,0,0,0,120,0
216,30,10,0,0,0,0,120,0
216,31,10,0,0,0,0,120,0
216,33,10,0,0,0,0,120,0
217,446,20,0,0,0,0,120,0
218,31,10,0,0,0,0,120,0
218,32,10,0,0,0,0,120,0
218,33,10,0,0,0,0,120,0
220,548,3,0,0,0,0,600,0
220,551,3,0,0,0,0,600,0
221,548,3,0,0,0,0,600,0
221,551,4,0,0,0,0,600,0
222,548,4,0,0,0,0,600,0
222,551,4,0,0,0,0,600,0
223,548,5,0,0,0,0,600,0
223,551,4,0,0,0,0,600,0
224,548,4,0,0,0,0,600,0
224,550,5,0,0,0,0,600,0
224,551,4,0,0,0,0,600,0
225,548,5,0,0,0,0,600,0
225,550,4,0,0,0,0,600,0
225,551,5,0,0,0,0,600,0
226,548,5,0,0,0,0,600,0
226,550,5,0,0,0,0,600,0
226,551,5,0,0,0,0,600,0
227,548,7,0,0,0,0,600,0
227,551,7,0,0,0,0,600,0
228,548,3,0,0,0,0,600,0
228,549,2,0,0,0,0,600,0
228,550,2,0,0,0,0,600,0
228,551,4,0,0,0,0,600,0
229,548,4,0,0,0,0,600,0
229,550,6,0,0,0,0,600,0
229,551,5,0,0,0,0,600,0
230,548,3,0,0,0,0,600,0
230,549,2,0,0,0,0,600,0
230,551,4,0,0,0,0,600,0
230,552,1,0,0,0,0,600,0
231,34,15,0,0,0,0,115,0
231,35,15,0,0,0,0,115,0
232,35,10,0,0,0,0,115,0
232,36,10,0,0,0,0,115,0
232,37,10,0,0,0,0,115,0
233,35,15,0,0,0,0,115,0
233,36,15,0,0,0,0,115,0
234,35,10,0,0,0,0,115,0
234,36,10,0,0,0,0,115,0
234,37,10,0,0,0,0,115,0
235,164,20,0,0,0,0,115,0
236,35,15,0,0,0,0,115,0
236,36,15,0,0,0,0,115,0
237,35,10,0,0,0,0,115,0
237,36,10,0,0,0,0,115,0
237,37,10,0,0,0,0,115,0
238,35,15,0,0,0,0,115,0
238,37,15,0,0,0,0,115,0
239,35,15,0,0,0,0,115,0
239,36,15,0,0,0,0,115,0
240,38,10,0,0,0,0,210,0
240,39,10,0,0,0,0,210,0
240,809,10,0,0,0,0,210,0
241,38,20,0,0,0,0,210,0
241,809,10,0,0,0,0,210,0
242,39,10,0,0,0,0,210,0
242,40,10,0,0,0,0,210,0
242,809,10,0,0,0,0,210,0
243,39,15,0,0,0,0,210,0
243,40,15,0,0,0,0,210,0
244,41,40,0,0,0,0,300,0
244,138,20,0,0,0,0,300,0
245,39,20,0,0,0,0,210,0
245,809,10,0,0,0,0,210,0
246,38,20,0,0,0,0,210,0
247,39,20,0,0,0,0,210,0
247,40,20,0,0,0,0,210,0
247,808,20,0,0,0,0,210,0
248,39,15,0,0,0,0,210,0
248,40,12,0,0,0,0,210,0
248,808,12,0,0,0,0,210,0
250,45,15,0,0,0,0,300,0
251,44,18,0,0,0,0,300,0
252,44,7,0,0,0,0,300,0
252,45,8,0,0,0,0,300,0
253,45,15,0,0,0,0,300,0
254,45,25,0,0,0,0,300,0
255,161,20,0,0,0,0,300,0
256,44,8,0,0,0,0,300,0
256,45,16,0,0,0,0,300,0
257,43,15,0,0,0,0,300,0
258,45,25,0,0,0,0,300,0
330,8,20,6,19,17,100,300,0
370,10,12,0,0,0,0,300,0
370,49,4,0,0,0,0,300,0
371,10,6,0,0,0,0,300,0
371,49,10,0,0,0,0,300,0
371,50,4,0,0,0,0,300,0
371,52,1,0,0,0,0,300,0
372,10,10,0,0,0,0,300,0
372,50,4,0,0,0,0,300,0
372,52,1,0,0,0,0,300,0
372,98,6,0,0,0,0,300,0
373,53,16,0,0,0,0,300,0
373,54,4,0,0,0,0,300,0
374,10,6,0,0,0,0,300,0
374,50,2,0,0,0,0,300,0
374,52,2,0,0,0,0,300,0
374,53,6,0,0,0,0,300,0
374,54,2,0,0,0,0,300,0
374,98,8,0,0,0,0,300,0
375,10,8,0,0,0,0,300,0
375,50,4,0,0,0,0,300,0
375,52,1,0,0,0,0,300,0
375,55,4,0,0,0,0,300,0
376,107,5,0,0,0,0,300,0
376,108,5,0,0,0,0,300,0
377,108,5,0,0,0,0,300,0
377,110,5,0,0,0,0,300,0
378,109,2,0,0,0,0,300,0
378,110,2,0,0,0,0,300,0
378,111,2,0,0,0,0,300,0
378,112,1,0,0,0,0,300,0
379,108,5,0,0,0,0,300,0
379,109,5,0,0,0,0,300,0
379,110,5,0,0,0,0,300,0
379,111,5,0,0,0,0,300,0
379,113,3,0,0,0,0,300,0
380,109,4,0,0,0,0,300,0
380,110,5,0,0,0,0,300,0
380,111,3,0,0,0,0,300,0
380,112,4,0,0,0,0,300,0
380,113,4,0,0,0,0,300,0
380,114,2,0,0,0,0,300,0
381,108,4,0,0,0,0,300,0
381,109,3,0,0,0,0,300,0
381,110,3,0,0,0,0,300,0
381,111,4,0,0,0,0,300,0
381,112,2,0,0,0,0,300,0
381,113,2,0,0,0,0,300,0
382,109,4,0,0,0,0,300,0
382,110,3,0,0,0,0,300,0
382,111,3,0,0,0,0,300,0
382,112,4,0,0,0,0,300,0
382,113,2,0,0,0,0,300,0
382,114,2,0,0,0,0,300,0
383,109,4,0,0,0,0,300,0
383,110,3,0,0,0,0,300,0
383,111,3,0,0,0,0,300,0
383,112,4,0,0,0,0,300,0
383,113,2,0,0,0,0,300,0
383,114,2,0,0,0,0,300,0
384,92,10,0,0,0,0,300,0
385,92,10,0,0,0,0,300,0
386,92,10,0,0,0,0,300,0
387,92,10,0,0,0,0,300,0
388,92,10,0,0,0,0,300,0
389,92,10,0,0,0,0,300,0
389,134,1,0,0,0,0,1800,1
390,75,20,0,0,0,0,300,0
391,75,20,0,0,0,0,300,0
392,75,15,0,0,0,0,300,0
392,80,10,0,0,0,0,300,0
393,75,10,0,0,0,0,300,0
393,76,10,0,0,0,0,300,0
393,77,6,0,0,0,0,300,0
393,78,3,0,0,0,0,300,0
394,75,15,0,0,0,0,300,0
394,78,5,0,0,0,0,300,0
394,79,5,0,0,0,0,300,0
395,76,15,0,0,0,0,300,0
395,78,5,0,0,0,0,300,0
395,79,5,0,0,0,0,300,0
395,80,10,0,0,0,0,300,0
396,75,15,0,0,0,0,300,0
396,76,15,0,0,0,0,300,0
396,78,5,0,0,0,0,300,0
396,79,5,0,0,0,0,300,0
397,75,15,0,0,0,0,300,0
397,76,15,0,0,0,0,300,0
397,78,5,0,0,0,0,300,0
397,79,5,0,0,0,0,300,0
397,165,5,0,0,0,0,300,0
398,76,20,0,0,0,0,300,0
398,79,5,0,0,0,0,300,0
399,76,20,0,0,0,0,300,0
399,76,20,0,0,0,0,300,1
399,79,5,0,0,0,0,300,0
399,79,5,0,0,0,0,300,1
400,116,10,0,0,0,0,240,0
400,126,10,0,0,0,0,240,0
401,116,10,0,0,0,0,240,0
401,126,10,0,0,0,0,240,0
401,127,5,0,0,0,0,240,0
401,128,3,0,0,0,0,240,0
401,135,5,0,0,0,0,240,0
401,136,5,0,0,0,0,240,0
402,126,10,0,0,0,0,240,0
402,127,10,0,0,0,0,240,0
402,128,3,0,0,0,0,240,0
402,135,5,0,0,0,0,240,0
402,136,5,0,0,0,0,240,0
403,127,10,0,0,0,0,240,0
403,128,5,0,0,0,0,240,0
403,129,5,0,0,0,0,240,0
403,135,10,0,0,0,0,240,0
404,127,10,0,0,0,0,240,0
404,128,5,0,0,0,0,240,0
404,129,5,0,0,0,0,240,0
404,135,10,0,0,0,0,240,0
405,127,10,0,0,0,0,240,0
405,128,5,0,0,0,0,240,0
405,129,5,0,0,0,0,240,0
405,135,10,0,0,0,0,240,0
405,136,10,0,0,0,0,240,0
406,115,5,0,0,0,0,240,0
406,129,10,0,0,0,0,240,0
406,135,10,0,0,0,0,240,0
407,128,10,0,0,0,0,240,0
407,129,5,0,0,0,0,240,0
407,135,10,0,0,0,0,240,0
407,137,1,0,0,0,0,240,0
408,115,5,0,0,0,0,240,0
408,128,10,0,0,0,0,240,0
408,129,5,0,0,0,0,240,0
408,135,10,0,0,0,0,240,0
408,137,1,0,0,0,0,240,0
409,115,5,0,0,0,0,240,0
409,129,10,0,0,0,0,240,0
409,135,10,0,0,0,0,240,0
409,137,1,0,0,0,0,240,0
410,99,4,0,0,0,0,300,0
410,554,10,0,0,0,0,300,0
411,99,3,0,0,0,0,300,0
411,101,4,0,0,0,0,300,0
411,554,10,0,0,0,0,300,0
411,556,8,0,0,0,0,300,0
412,99,3,0,0,0,0,300,0
412,101,4,0,0,0,0,300,0
412,554,10,0,0,0,0,300,0
412,556,8,0,0,0,0,300,0
413,99,3,0,0,0,0,300,0
413,101,4,0,0,0,0,300,0
413,554,10,0,0,0,0,300,0
413,556,8,0,0,0,0,300,0
414,99,3,0,0,0,0,300,0
414,101,4,0,0,0,0,300,0
414,554,10,0,0,0,0,300,0
414,556,8,0,0,0,0,300,0
415,99,3,0,0,0,0,300,0
415,101,4,0,0,0,0,300,0
415,554,10,0,0,0,0,300,0
415,556,8,0,0,0,0,300,0
416,99,2,0,0,0,0,300,0
416,101,2,0,0,0,0,300,0
416,104,2,0,0,0,0,300,0
416,105,1,0,0,0,0,300,0
416,554,8,0,0,0,0,300,0
416,556,8,0,0,0,0,300,0
417,99,2,0,0,0,0,300,0
417,101,2,0,0,0,0,300,0
417,104,2,0,0,0,0,300,0
417,105,1,0,0,0,0,300,0
417,554,8,0,0,0,0,300,0
417,556,8,0,0,0,0,300,0
418,99,2,0,0,0,0,300,0
418,101,2,0,0,0,0,300,0
418,104,2,0,0,0,0,300,0
418,105,1,0,0,0,0,300,0
418,554,8,0,0,0,0,300,0
418,556,8,0,0,0,0,300,0
419,99,2,0,0,0,0,300,0
419,101,2,0,0,0,0,300,0
419,104,2,0,0,0,0,300,0
419,105,1,0,0,0,0,300,0
419,554,8,0,0,0,0,300,0
419,556,8,0,0,0,0,300,0
419,557,1,0,0,0,0,1800,1
441,141,15,0,0,0,0,300,0
441,142,10,0,0,0,0,300,0
442,141,15,0,0,0,0,300,0
442,142,10,0,0,0,0,300,0
442,144,1,0,0,0,0,300,0
443,141,15,0,0,0,0,300,0
443,142,10,0,0,0,0,300,0
443,143,6,0,0,0,0,300,0
444,141,15,0,0,0,0,300,0
444,142,10,0,0,0,0,300,0
445,141,15,0,0,0,0,300,0
445,142,10,0,0,0,0,300,0
446,141,10,0,0,0,0,300,0
447,141,15,0,0,0,0,300,0
447,142,10,0,0,0,0,300,0
450,90,15,0,0,0,0,300,0
450,92,5,0,0,0,0,300,0
451,133,20,0,0,0,0,300,0
452,90,15,0,0,0,0,300,0
452,92,5,0,0,0,0,300,0
453,133,20,0,0,0,0,300,0
454,133,20,0,0,0,0,300,0
455,133,20,0,0,0,0,300,0
456,90,10,0,0,0,0,300,0
457,133,20,0,0,0,0,300,0
458,133,20,0,0,0,0,300,0
459,90,15,0,0,0,0,300,0
459,92,5,0,0,0,0,300,0
470,46,8,0,0,0,0,100,0
470,47,8,0,0,0,0,100,0
471,46,8,0,0,0,0,100,0
471,47,8,0,0,0,0,100,0
472,46,8,0,0,0,0,100,0
472,47,8,0,0,0,0,100,0
473,46,8,0,0,0,0,100,0
473,47,8,0,0,0,0,100,0
474,46,8,0,0,0,0,100,0
474,47,8,0,0,0,0,100,0
475,46,8,0,0,0,0,100,0
475,47,8,0,0,0,0,100,0
476,46,8,0,0,0,0,100,0
476,47,8,0,0,0,0,100,0
477,46,8,0,0,0,0,100,0
477,47,8,0,0,0,0,100,0
478,46,8,0,0,0,0,100,0
478,47,8,0,0,0,0,100,0
479,106,20,0,0,0,0,300,0
480,46,8,0,0,0,0,100,0
480,47,8,0,0,0,0,100,0
481,46,8,0,0,0,0,100,0
481,47,8,0,0,0,0,100,0
482,46,8,0,0,0,0,100,0
482,47,8,0,0,0,0,100,0
483,46,8,0,0,0,0,100,0
483,47,8,0,0,0,0,100,0
484,46,8,0,0,0,0,100,0
484,47,8,0,0,0,0,100,0
501,479,15,0,0,0,0,300,0
502,479,15,0,0,0,0,300,0
503,479,15,0,0,0,0,300,0
504,479,15,0,0,0,0,300,0
505,480,8,0,0,0,0,300,0
505,481,7,0,0,0,0,300,0
506,480,7,0,0,0,0,300,0
506,481,8,0,0,0,0,300,0
507,481,8,0,0,0,0,300,0
507,482,7,0,0,0,0,300,0
508,482,15,0,0,0,0,300,0
508,483,1,0,0,0,0,1800,1
511,491,6,0,0,0,0,300,0
511,492,6,0,0,0,0,300,0
511,493,32,0,0,0,0,300,0
511,502,1,0,0,0,0,900,1
512,491,6,0,0,0,0,300,0
512,492,6,0,0,0,0,300,0
512,494,36,0,0,0,0,300,0
512,503,1,0,0,0,0,900,1
513,491,6,0,0,0,0,300,0
513,492,6,0,0,0,0,300,0
513,495,40,0,0,0,0,300,0
513,504,1,0,0,0,0,900,1
514,491,6,0,0,0,0,300,0
514,492,6,0,0,0,0,300,0
514,496,44,0,0,0,0,300,0
514,505,1,0,0,0,0,900,1
515,491,6,0,0,0,0,300,0
515,492,6,0,0,0,0,300,0
515,497,44,0,0,0,0,300,0
515,506,1,0,0,0,0,900,1
516,491,6,0,0,0,0,300,0
516,492,6,0,0,0,0,300,0
516,498,44,0,0,0,0,300,0
516,507,1,0,0,0,0,900,1
523,470,12,0,0,0,0,300,0
523,471,2,0,0,0,0,300,0
524,470,14,0,0,0,0,300,0
524,471,2,0,0,0,0,300,0
525,470,16,0,0,0,0,300,0
525,471,2,0,0,0,0,300,0
526,470,18,0,0,0,0,300,0
526,471,3,0,0,0,0,300,0
527,470,20,0,0,0,0,300,0
527,471,3,0,0,0,0,300,0
527,474,1,0,0,0,0,6000,1
528,469,2,0,0,0,0,300,0
528,470,12,0,0,0,0,300,0
529,469,2,0,0,0,0,300,0
529,470,14,0,0,0,0,300,0
530,469,2,0,0,0,0,300,0
530,470,16,0,0,0,0,300,0
531,469,3,0,0,0,0,300,0
531,470,18,0,0,0,0,300,0
531,473,1,0,0,0,0,6000,1
532,466,14,0,0,0,0,300,0
533,466,16,0,0,0,0,300,0
534,466,18,0,0,0,0,300,0
535,466,18,0,0,0,0,300,0
535,467,1,0,0,0,0,420,1
535,469,2,0,0,0,0,300,0
536,466,18,0,0,0,0,300,0
536,467,1,0,0,0,0,420,1
536,469,2,0,0,0,0,300,0
537,466,18,0,0,0,0,300,0
537,467,1,0,0,0,0,420,1
537,469,2,0,0,0,0,300,0
538,466,18,0,0,0,0,300,0
538,469,2,0,0,0,0,300,0
538,472,1,0,0,0,0,1500,1
539,466,18,0,0,0,0,300,0
539,468,1,0,0,0,0,420,1
539,469,2,0,0,0,0,300,0
540,466,18,0,0,0,0,300,0
540,468,1,0,0,0,0,420,1
540,469,2,0,0,0,0,300,0
541,466,18,0,0,0,0,300,0
541,468,1,0,0,0,0,420,1
541,469,2,0,0,0,0,300,0
1001,1,13,0,0,0,0,300,0
1002,1,75,0,0,0,0,300,0
1002,2,75,0,0,0,0,300,0
1002,3,15,0,0,0,0,300,0
1002,4,15,0,0,0,0,300,0
1002,8,15,0,0,0,0,300,0
1002,9,15,0,0,0,0,300,0
1002,10,15,0,0,0,0,300,0
1002,70,15,0,0,0,0,300,0
1002,71,100,86,88,136,162,240,1
1002,72,15,0,0,0,0,300,0
1002,73,15,0,0,0,0,300,0
1002,74,15,0,0,0,0,300,0
1002,814,5,0,0,0,0,300,0
1005,1,76,162,122,221,150,300,1
1005,4,12,0,0,0,0,300,0
1005,8,10,0,0,0,0,300,0
1005,9,6,0,0,0,0,300,0
1005,70,4,0,0,0,0,300,0
1005,71,36,162,122,221,150,300,1
1005,72,10,0,0,0,0,300,0
1005,511,6,222,5,247,38,300,3
1005,512,12,48,135,117,170,300,2
1005,513,4,187,5,220,23,300,4
1005,514,8,0,0,0,0,300,0
1008,1,18,70,23,79,67,300,1
1008,2,24,0,44,54,62,300,0
1008,3,10,0,44,54,62,300,0
1008,4,10,0,44,54,62,300,0
1008,8,2,0,44,54,62,300,0
1008,9,5,0,44,54,62,300,0
1008,10,12,8,78,79,102,300,2
1008,72,6,8,78,79,102,300,2
1008,464,72,0,160,79,199,300,4
1008,465,24,0,160,79,199,300,4
1008,512,4,70,23,79,67,300,1
1008,514,6,8,78,79,126,300,3
1009,1,35,0,0,0,0,240,0
1009,2,25,0,0,0,0,240,0
1009,3,5,0,0,0,0,240,0
1009,4,5,0,0,0,0,240,0
1009,10,15,0,0,0,0,240,0
1009,72,15,0,0,0,0,240,0
1009,313,1,0,0,0,0,21600,1
1023,8,10,0,0,0,0,2,0
1023,10,20,0,0,0,0,2,0
1023,72,10,0,0,0,0,2,0
1023,547,20,0,0,0,0,2,0
1228,315,40,0,0,0,0,120,0
1271,487,14,0,0,0,0,300,0
1271,489,1,0,0,0,0,300,0
1272,487,16,0,0,0,0,300,0
1272,489,1,0,0,0,0,300,0
1273,487,18,0,0,0,0,300,0
1273,489,1,0,0,0,0,300,0
1274,488,20,0,0,0,0,300,0
1274,489,2,0,0,0,0,300,0
1275,488,20,0,0,0,0,300,0
1275,489,2,0,0,0,0,300,0
1276,488,20,0,0,0,0,300,0
1276,489,3,0,0,0,0,300,0
1277,488,24,0,0,0,0,300,0
1277,490,1,0,0,0,0,900,1
1301,475,48,0,0,0,0,300,0
1302,475,24,0,0,0,0,300,0
1302,476,24,0,0,0,0,300,0
1303,475,36,0,0,0,0,300,0
1303,476,12,0,0,0,0,300,0
1304,475,12,0,0,0,0,300,0
1304,476,36,0,0,0,0,300,0
1305,475,24,0,0,0,0,300,0
1305,476,24,0,0,0,0,300,0
1306,476,48,0,0,0,0,300,0
1308,477,36,0,0,0,0,240,0
1308,478,1,0,0,0,0,300,1
1311,515,16,0,0,0,0,120,0
1312,515,20,0,0,0,0,120,0
1313,515,20,0,0,0,0,120,0
1314,515,15,0,0,0,0,120,0
1314,516,15,0,0,0,0,120,0
1315,515,10,0,0,0,0,120,0
1315,516,10,0,0,0,0,120,0
1316,516,30,0,0,0,0,120,0
1316,517,1,0,0,0,0,3600,1
1317,516,30,0,0,0,0,120,0
1317,517,1,0,0,0,0,3600,1
1351,52,18,0,0,0,0,300,0
1351,53,8,0,0,0,0,300,0
1351,55,4,0,0,0,0,300,0
1352,52,18,0,0,0,0,300,0
1352,53,8,0,0,0,0,300,0
1352,55,4,0,0,0,0,300,0
1353,52,18,0,0,0,0,300,0
1353,53,8,0,0,0,0,300,0
1353,55,4,0,0,0,0,300,0
1354,52,18,0,0,0,0,300,0
1354,53,8,0,0,0,0,300,0
1354,55,4,0,0,0,0,300,0
1355,52,18,0,0,0,0,300,0
1355,53,8,0,0,0,0,300,0
1355,55,4,0,0,0,0,300,0
1356,52,18,0,0,0,0,300,0
1356,53,8,0,0,0,0,300,0
1356,55,4,0,0,0,0,300,0
1357,52,18,0,0,0,0,300,0
1357,53,8,0,0,0,0,300,0
1357,55,4,0,0,0,0,300,0
1358,52,18,0,0,0,0,300,0
1358,53,8,0,0,0,0,300,0
1358,55,4,0,0,0,0,300,0
1359,52,18,0,0,0,0,300,0
1359,53,8,0,0,0,0,300,0
1359,55,4,0,0,0,0,300,0
1451,2,10,0,0,0,0,300,0
1451,4,5,0,0,0,0,300,0
1452,2,15,0,0,0,0,300,0
1452,4,8,0,0,0,0,300,0
1453,2,15,0,0,0,0,300,0
1453,4,8,0,0,0,0,300,0
1454,2,20,0,0,0,0,300,0
1454,4,10,0,0,0,0,300,0
1455,1,3,0,0,0,0,300,0
1455,2,4,0,0,0,0,300,0
2500,1,65,0,0,0,0,240,0
2500,2,45,0,0,0,0,240,0
2500,3,28,0,0,0,0,240,0
2500,4,24,0,0,0,0,240,0
2500,10,25,0,0,0,0,240,0
2500,72,20,0,0,0,0,240,0
2500,313,1,0,0,0,0,21600,1
2500,314,20,0,0,0,0,240,0
2521,301,40,0,0,0,0,300,0
2521,302,30,0,0,0,0,300,0
2522,301,40,0,0,0,0,300,0
2523,301,40,0,0,0,0,300,0
2523,302,30,0,0,0,0,300,0
2524,301,50,0,0,0,0,300,0
2524,302,50,0,0,0,0,300,0
2525,301,50,0,0,0,0,300,0
2525,302,50,0,0,0,0,300,0
2526,301,50,0,0,0,0,300,0
2526,302,50,0,0,0,0,300,0
2527,301,40,0,0,0,0,300,0
2527,302,40,0,0,0,0,300,0
2528,302,60,0,0,0,0,300,0
2529,301,40,0,0,0,0,300,0
2529,302,40,0,0,0,0,300,0
2530,303,1,0,0,0,0,300,0
2535,185,20,0,0,0,0,300,0
2536,185,20,0,0,0,0,300,0
2537,182,5,0,0,0,0,330,0
2537,185,22,0,0,0,0,330,0
2538,182,5,0,0,0,0,240,0
2538,185,20,0,0,0,0,300,1
2539,182,5,0,0,0,0,240,0
2539,185,22,0,0,0,0,240,0
2542,1,3,0,0,0,0,330,0
2542,185,3,0,0,0,0,330,0
2543,1,5,0,0,0,0,330,0
2543,185,5,0,0,0,0,330,0
2544,183,6,0,0,0,0,240,0
2546,186,2,0,0,0,0,240,0
2546,187,2,0,0,0,0,240,0
2546,188,2,0,0,0,0,240,0
2546,189,2,0,0,0,0,240,0
2546,190,2,0,0,0,0,240,0
2546,191,2,0,0,0,0,240,0
2546,192,2,0,0,0,0,240,0
2546,193,2,0,0,0,0,240,0
2546,194,2,0,0,0,0,240,0
2546,195,2,0,0,0,0,240,0
2546,196,2,0,0,0,0,240,0
2546,197,2,0,0,0,0,240,0
2547,186,2,0,0,0,0,240,0
2547,187,2,0,0,0,0,240,0
2547,188,2,0,0,0,0,240,0
2547,189,2,0,0,0,0,240,0
2547,190,2,0,0,0,0,240,0
2547,191,2,0,0,0,0,240,0
2547,192,2,0,0,0,0,240,0
2547,193,2,0,0,0,0,240,0
2547,194,2,0,0,0,0,240,0
2547,195,2,0,0,0,0,240,0
2547,196,2,0,0,0,0,240,0
2547,197,2,0,0,0,0,240,0
2548,186,2,0,0,0,0,240,0
2548,187,2,0,0,0,0,240,0
2548,188,2,0,0,0,0,240,0
2548,189,2,0,0,0,0,240,0
2548,190,2,0,0,0,0,240,0
2548,191,2,0,0,0,0,240,0
2548,192,2,0,0,0,0,240,0
2548,193,2,0,0,0,0,240,0
2548,194,2,0,0,0,0,240,0
2548,195,2,0,0,0,0,240,0
2548,196,2,0,0,0,0,240,0
2548,197,2,0,0,0,0,240,0
2551,186,2,0,0,0,0,240,0
2551,187,2,0,0,0,0,240,0
2551,188,2,0,0,0,0,240,0
2551,189,2,0,0,0,0,240,0
2551,190,2,0,0,0,0,240,0
2551,191,2,0,0,0,0,240,0
2551,192,2,0,0,0,0,240,0
2551,193,2,0,0,0,0,240,0
2551,194,2,0,0,0,0,240,0
2551,195,2,0,0,0,0,240,0
2551,196,2,0,0,0,0,240,0
2551,197,2,0,0,0,0,240,0
2552,186,2,0,0,0,0,240,0
2552,187,2,0,0,0,0,240,0
2552,188,2,0,0,0,0,240,0
2552,189,2,0,0,0,0,240,0
2552,190,2,0,0,0,0,240,0
2552,191,2,0,0,0,0,240,0
2552,192,2,0,0,0,0,240,0
2552,193,2,0,0,0,0,240,0
2552,194,2,0,0,0,0,240,0
2552,195,2,0,0,0,0,240,0
2552,196,2,0,0,0,0,240,0
2552,197,2,0,0,0,0,240,0
2553,186,2,0,0,0,0,240,0
2553,187,2,0,0,0,0,240,0
2553,188,2,0,0,0,0,240,0
2553,189,2,0,0,0,0,240,0
2553,190,2,0,0,0,0,240,0
2553,191,2,0,0,0,0,240,0
2553,192,2,0,0,0,0,240,0
2553,193,2,0,0,0,0,240,0
2553,194,2,0,0,0,0,240,0
2553,195,2,0,0,0,0,240,0
2553,196,2,0,0,0,0,240,0
2553,197,2,0,0,0,0,240,0
2556,186,2,0,0,0,0,240,0
2556,187,2,0,0,0,0,240,0
2556,188,2,0,0,0,0,240,0
2556,189,2,0,0,0,0,240,0
2556,190,2,0,0,0,0,240,0
2556,191,2,0,0,0,0,240,0
2556,192,2,0,0,0,0,240,0
2556,193,2,0,0,0,0,240,0
2556,194,2,0,0,0,0,240,0
2556,195,2,0,0,0,0,240,0
2556,196,2,0,0,0,0,240,0
2556,197,2,0,0,0,0,240,0
2557,186,2,0,0,0,0,240,0
2557,187,2,0,0,0,0,240,0
2557,188,2,0,0,0,0,240,0
2557,189,2,0,0,0,0,240,0
2557,190,2,0,0,0,0,240,0
2557,191,2,0,0,0,0,240,0
2557,192,2,0,0,0,0,240,0
2557,193,2,0,0,0,0,240,0
2557,194,2,0,0,0,0,240,0
2557,195,2,0,0,0,0,240,0
2557,196,2,0,0,0,0,240,0
2557,197,2,0,0,0,0,240,0
2558,186,2,0,0,0,0,240,0
2558,187,2,0,0,0,0,240,0
2558,188,2,0,0,0,0,240,0
2558,189,2,0,0,0,0,240,0
2558,190,2,0,0,0,0,240,0
2558,191,2,0,0,0,0,240,0
2558,192,2,0,0,0,0,240,0
2558,193,2,0,0,0,0,240,0
2558,194,2,0,0,0,0,240,0
2558,195,2,0,0,0,0,240,0
2558,196,2,0,0,0,0,240,0
2558,197,2,0,0,0,0,240,0
2561,186,2,0,0,0,0,240,0
2561,187,2,0,0,0,0,240,0
2561,188,2,0,0,0,0,240,0
2561,189,2,0,0,0,0,240,0
2561,190,2,0,0,0,0,240,0
2561,191,2,0,0,0,0,240,0
2561,192,2,0,0,0,0,240,0
2561,193,2,0,0,0,0,240,0
2561,194,2,0,0,0,0,240,0
2561,195,2,0,0,0,0,240,0
2561,196,2,0,0,0,0,240,0
2561,197,2,0,0,0,0,240,0
2562,186,2,0,0,0,0,240,0
2562,187,2,0,0,0,0,240,0
2562,188,2,0,0,0,0,240,0
2562,189,2,0,0,0,0,240,0
2562,190,2,0,0,0,0,240,0
2562,191,2,0,0,0,0,240,0
2562,192,2,0,0,0,0,240,0
2562,193,2,0,0,0,0,240,0
2562,194,2,0,0,0,0,240,0
2562,195,2,0,0,0,0,240,0
2562,196,2,0,0,0,0,240,0
2562,197,2,0,0,0,0,240,0
2563,186,2,0,0,0,0,240,0
2563,187,2,0,0,0,0,240,0
2563,188,2,0,0,0,0,240,0
2563,189,2,0,0,0,0,240,0
2563,190,2,0,0,0,0,240,0
2563,191,2,0,0,0,0,240,0
2563,192,2,0,0,0,0,240,0
2563,193,2,0,0,0,0,240,0
2563,194,2,0,0,0,0,240,0
2563,195,2,0,0,0,0,240,0
2563,196,2,0,0,0,0,240,0
2563,197,2,0,0,0,0,240,0
2566,186,2,0,0,0,0,240,0
2566,187,2,0,0,0,0,240,0
2566,188,2,0,0,0,0,240,0
2566,189,2,0,0,0,0,240,0
2566,190,2,0,0,0,0,240,0
2566,191,2,0,0,0,0,240,0
2566,192,2,0,0,0,0,240,0
2566,193,2,0,0,0,0,240,0
2566,194,2,0,0,0,0,240,0
2566,195,2,0,0,0,0,240,0
2566,196,2,0,0,0,0,240,0
2566,197,2,0,0,0,0,240,0
2567,186,2,0,0,0,0,240,0
2567,187,2,0,0,0,0,240,0
2567,188,2,0,0,0,0,240,0
2567,189,2,0,0,0,0,240,0
2567,190,2,0,0,0,0,240,0
2567,191,2,0,0,0,0,240,0
2567,192,2,0,0,0,0,240,0
2567,193,2,0,0,0,0,240,0
2567,194,2,0,0,0,0,240,0
2567,195,2,0,0,0,0,240,0
2567,196,2,0,0,0,0,240,0
2567,197,2,0,0,0,0,240,0
2568,186,2,0,0,0,0,240,0
2568,187,2,0,0,0,0,240,0
2568,188,2,0,0,0,0,240,0
2568,189,2,0,0,0,0,240,0
2568,190,2,0,0,0,0,240,0
2568,191,2,0,0,0,0,240,0
2568,192,2,0,0,0,0,240,0
2568,193,2,0,0,0,0,240,0
2568,194,2,0,0,0,0,240,0
2568,195,2,0,0,0,0,240,0
2568,196,2,0,0,0,0,240,0
2568,197,2,0,0,0,0,240,0
2575,186,2,0,0,0,0,240,0
2575,187,2,0,0,0,0,240,0
2575,188,2,0,0,0,0,240,0
2575,189,2,0,0,0,0,240,0
2575,190,2,0,0,0,0,240,0
2575,191,2,0,0,0,0,240,0
2575,192,2,0,0,0,0,240,0
2575,193,2,0,0,0,0,240,0
2575,194,2,0,0,0,0,240,0
2575,195,2,0,0,0,0,240,0
2575,196,2,0,0,0,0,240,0
2575,197,2,0,0,0,0,240,0
2576,186,2,0,0,0,0,240,0
2576,187,2,0,0,0,0,240,0
2576,188,2,0,0,0,0,240,0
2576,189,2,0,0,0,0,240,0
2576,190,2,0,0,0,0,240,0
2576,191,2,0,0,0,0,240,0
2576,192,2,0,0,0,0,240,0
2576,193,2,0,0,0,0,240,0
2576,194,2,0,0,0,0,240,0
2576,195,2,0,0,0,0,240,0
2576,196,2,0,0,0,0,240,0
2576,197,2,0,0,0,0,240,0
2577,186,2,0,0,0,0,240,0
2577,187,2,0,0,0,0,240,0
2577,188,2,0,0,0,0,240,0
2577,189,2,0,0,0,0,240,0
2577,190,2,0,0,0,0,240,0
2577,191,2,0,0,0,0,240,0
2577,192,2,0,0,0,0,240,0
2577,193,2,0,0,0,0,240,0
2577,194,2,0,0,0,0,240,0
2577,195,2,0,0,0,0,240,0
2577,196,2,0,0,0,0,240,0
2577,197,2,0,0,0,0,240,0
2578,186,2,0,0,0,0,240,0
2578,187,2,0,0,0,0,240,0
2578,188,2,0,0,0,0,240,0
2578,189,2,0,0,0,0,240,0
2578,190,2,0,0,0,0,240,0
2578,191,2,0,0,0,0,240,0
2578,192,2,0,0,0,0,240,0
2578,193,2,0,0,0,0,240,0
2578,194,2,0,0,0,0,240,0
2578,195,2,0,0,0,0,240,0
2578,196,2,0,0,0,0,240,0
2578,197,2,0,0,0,0,240,0
2579,186,2,0,0,0,0,240,0
2579,187,2,0,0,0,0,240,0
2579,188,2,0,0,0,0,240,0
2579,189,2,0,0,0,0,240,0
2579,190,2,0,0,0,0,240,0
2579,191,2,0,0,0,0,240,0
2579,192,2,0,0,0,0,240,0
2579,193,2,0,0,0,0,240,0
2579,194,2,0,0,0,0,240,0
2579,195,2,0,0,0,0,240,0
2579,196,2,0,0,0,0,240,0
2579,197,2,0,0,0,0,240,0
2580,186,2,0,0,0,0,240,0
2580,187,2,0,0,0,0,240,0
2580,188,2,0,0,0,0,240,0
2580,189,2,0,0,0,0,240,0
2580,190,2,0,0,0,0,240,0
2580,191,2,0,0,0,0,240,0
2580,192,2,0,0,0,0,240,0
2580,193,2,0,0,0,0,240,0
2580,194,2,0,0,0,0,240,0
2580,195,2,0,0,0,0,240,0
2580,196,2,0,0,0,0,240,0
2580,197,2,0,0,0,0,240,0
2581,186,2,0,0,0,0,240,0
2581,187,2,0,0,0,0,240,0
2581,188,2,0,0,0,0,240,0
2581,189,2,0,0,0,0,240,0
2581,190,2,0,0,0,0,240,0
2581,191,2,0,0,0,0,240,0
2581,192,2,0,0,0,0,240,0
2581,193,2,0,0,0,0,240,0
2581,194,2,0,0,0,0,240,0
2581,195,2,0,0,0,0,240,0
2581,196,2,0,0,0,0,240,0
2581,197,2,0,0,0,0,240,0
2582,186,2,0,0,0,0,240,0
2582,187,2,0,0,0,0,240,0
2582,188,2,0,0,0,0,240,0
2582,189,2,0,0,0,0,240,0
2582,190,2,0,0,0,0,240,0
2582,191,2,0,0,0,0,240,0
2582,192,2,0,0,0,0,240,0
2582,193,2,0,0,0,0,240,0
2582,194,2,0,0,0,0,240,0
2582,195,2,0,0,0,0,240,0
2582,196,2,0,0,0,0,240,0
2582,197,2,0,0,0,0,240,0
2583,186,2,0,0,0,0,240,0
2583,187,2,0,0,0,0,240,0
2583,188,2,0,0,0,0,240,0
2583,189,2,0,0,0,0,240,0
2583,190,2,0,0,0,0,240,0
2583,191,2,0,0,0,0,240,0
2583,192,2,0,0,0,0,240,0
2583,193,2,0,0,0,0,240,0
2583,194,2,0,0,0,0,240,0
2583,195,2,0,0,0,0,240,0
2583,196,2,0,0,0,0,240,0
2583,197,2,0,0,0,0,240,0
2584,186,2,0,0,0,0,240,0
2584,187,2,0,0,0,0,240,0
2584,188,2,0,0,0,0,240,0
2584,189,2,0,0,0,0,240,0
2584,190,2,0,0,0,0,240,0
2584,191,2,0,0,0,0,240,0
2584,192,2,0,0,0,0,240,0
2584,193,2,0,0,0,0,240,0
2584,194,2,0,0,0,0,240,0
2584,195,2,0,0,0,0,240,0
2584,196,2,0,0,0,0,240,0
2584,197,2,0,0,0,0,240,0
2585,186,2,0,0,0,0,240,0
2585,187,2,0,0,0,0,240,0
2585,188,2,0,0,0,0,240,0
2585,189,2,0,0,0,0,240,0
2585,190,2,0,0,0,0,240,0
2585,191,2,0,0,0,0,240,0
2585,192,2,0,0,0,0,240,0
2585,193,2,0,0,0,0,240,0
2585,194,2,0,0,0,0,240,0
2585,195,2,0,0,0,0,240,0
2585,196,2,0,0,0,0,240,0
2585,197,2,0,0,0,0,240,0
2586,186,2,0,0,0,0,240,0
2586,187,2,0,0,0,0,240,0
2586,188,2,0,0,0,0,240,0
2586,189,2,0,0,0,0,240,0
2586,190,2,0,0,0,0,240,0
2586,191,2,0,0,0,0,240,0
2586,192,2,0,0,0,0,240,0
2586,193,2,0,0,0,0,240,0
2586,194,2,0,0,0,0,240,0
2586,195,2,0,0,0,0,240,0
2586,196,2,0,0,0,0,240,0
2586,197,2,0,0,0,0,240,0
2587,186,2,0,0,0,0,240,0
2587,187,2,0,0,0,0,240,0
2587,188,2,0,0,0,0,240,0
2587,189,2,0,0,0,0,240,0
2587,190,2,0,0,0,0,240,0
2587,191,2,0,0,0,0,240,0
2587,192,2,0,0,0,0,240,0
2587,193,2,0,0,0,0,240,0
2587,194,2,0,0,0,0,240,0
2587,195,2,0,0,0,0,240,0
2587,196,2,0,0,0,0,240,0
2587,197,2,0,0,0,0,240,0
2588,186,2,0,0,0,0,240,0
2588,187,2,0,0,0,0,240,0
2588,188,2,0,0,0,0,240,0
2588,189,2,0,0,0,0,240,0
2588,190,2,0,0,0,0,240,0
2588,191,2,0,0,0,0,240,0
2588,192,2,0,0,0,0,240,0
2588,193,2,0,0,0,0,240,0
2588,194,2,0,0,0,0,240,0
2588,195,2,0,0,0,0,240,0
2588,196,2,0,0,0,0,240,0
2588,197,2,0,0,0,0,240,0
2589,186,2,0,0,0,0,240,0
2589,187,2,0,0,0,0,240,0
2589,188,2,0,0,0,0,240,0
2589,189,2,0,0,0,0,240,0
2589,190,2,0,0,0,0,240,0
2589,191,2,0,0,0,0,240,0
2589,192,2,0,0,0,0,240,0
2589,193,2,0,0,0,0,240,0
2589,194,2,0,0,0,0,240,0
2589,195,2,0,0,0,0,240,0
2589,196,2,0,0,0,0,240,0
2589,197,2,0,0,0,0,240,0
3151,166,30,0,0,0,0,300,0
3152,166,30,0,0,0,0,300,0
3153,166,15,0,0,0,0,300,0
3153,167,15,0,0,0,0,300,0
3155,166,15,0,0,0,0,300,0
3155,167,15,0,0,0,0,300,0
3156,167,15,0,0,0,0,300,0
3156,168,15,0,0,0,0,300,0
3157,167,30,0,0,0,0,300,0
3158,167,10,0,0,0,0,300,0
3158,168,10,0,0,0,0,300,0
3158,169,10,0,0,0,0,300,0
3159,167,10,0,0,0,0,300,0
3159,168,10,0,0,0,0,300,0
3159,169,10,0,0,0,0,300,0
3160,326,30,0,0,0,0,300,0
3161,326,15,0,0,0,0,300,0
3161,327,15,0,0,0,0,300,0
3162,326,15,0,0,0,0,300,0
3162,327,15,0,0,0,0,300,0
3163,326,15,0,0,0,0,300,0
3163,327,15,0,0,0,0,300,0
3164,327,15,0,0,0,0,300,0
3164,328,15,0,0,0,0,300,0
3165,327,15,0,0,0,0,300,0
3165,328,15,0,0,0,0,300,0
3166,327,15,0,0,0,0,300,0
3166,328,15,0,0,0,0,300,0
3167,328,20,0,0,0,0,300,0
3167,329,10,0,0,0,0,300,0
3168,329,30,0,0,0,0,300,0
3169,330,26,0,0,0,0,300,0
3170,366,13,0,0,0,0,300,0
3170,367,13,0,0,0,0,300,0
3171,366,13,0,0,0,0,300,0
3171,367,13,0,0,0,0,300,0
3172,367,13,0,0,0,0,300,0
3173,367,13,0,0,0,0,300,0
3173,368,13,0,0,0,0,300,0
3174,367,13,0,0,0,0,300,0
3174,368,13,0,0,0,0,300,0
3175,367,13,0,0,0,0,300,0
3175,368,13,0,0,0,0,300,0
3176,367,13,0,0,0,0,300,0
3176,368,13,0,0,0,0,300,0
3177,367,13,0,0,0,0,300,0
3177,368,13,0,0,0,0,300,0
3178,367,13,0,0,0,0,300,0
3178,368,13,0,0,0,0,300,0
3179,367,13,0,0,0,0,300,0
3179,368,13,0,0,0,0,300,0
3180,369,20,0,0,0,0,300,0
3181,352,30,0,0,0,0,300,0
3182,353,15,0,0,0,0,300,0
3182,354,15,0,0,0,0,300,0
3183,356,20,0,0,0,0,300,0
3184,352,15,0,0,0,0,300,0
3184,353,15,0,0,0,0,300,0
3185,352,10,0,0,0,0,300,0
3185,353,10,0,0,0,0,300,0
3185,354,10,0,0,0,0,300,0
3186,354,30,0,0,0,0,300,0
3187,354,15,0,0,0,0,300,0
3187,355,15,0,0,0,0,300,0
3188,354,30,0,0,0,0,300,0
3189,353,10,0,0,0,0,300,0
3189,354,10,0,0,0,0,300,0
3189,355,10,0,0,0,0,300,0
3190,354,30,0,0,0,0,300,0
3191,402,15,0,0,0,0,90,0
3191,403,15,0,0,0,0,90,0
3192,402,10,0,0,0,0,90,0
3192,403,10,0,0,0,0,90,0
3192,404,10,0,0,0,0,90,0
3193,402,10,0,0,0,0,90,0
3193,403,10,0,0,0,0,90,0
3193,404,10,0,0,0,0,90,0
3194,402,10,0,0,0,0,90,0
3194,403,10,0,0,0,0,90,0
3194,404,10,0,0,0,0,90,0
3195,402,10,0,0,0,0,90,0
3195,403,10,0,0,0,0,90,0
3195,404,10,0,0,0,0,90,0
3196,406,20,0,0,0,0,300,0
3197,403,10,0,0,0,0,90,0
3197,404,10,0,0,0,0,90,0
3197,405,10,0,0,0,0,90,0
3198,403,10,0,0,0,0,90,0
3198,404,10,0,0,0,0,90,0
3198,405,10,0,0,0,0,90,0
3199,403,10,0,0,0,0,90,0
3199,404,10,0,0,0,0,90,0
3199,405,10,0,0,0,0,90,0
3200,403,10,0,0,0,0,90,0
3200,404,10,0,0,0,0,90,0
3200,405,10,0,0,0,0,90,0
3201,599,9,0,0,0,0,360,0
3202,524,6,0,0,0,0,360,0
3202,599,8,0,0,0,0,360,0
3203,524,6,0,0,0,0,360,0
3203,525,4,0,0,0,0,360,0
3203,599,8,0,0,0,0,360,0
3204,524,7,0,0,0,0,360,0
3204,525,4,0,0,0,0,360,0
3204,599,10,0,0,0,0,360,0
3205,524,7,0,0,0,0,360,0
3205,525,4,0,0,0,0,360,0
3205,599,10,0,0,0,0,360,0
3206,524,7,0,0,0,0,360,0
3206,525,4,0,0,0,0,360,0
3206,599,10,0,0,0,0,360,0
3207,524,6,0,0,0,0,360,0
3207,599,11,0,0,0,0,360,0
3208,524,5,0,23,29,39,360,0
3208,525,3,0,23,29,39,360,0
3208,599,8,0,23,29,39,360,0
3210,449,10,0,0,0,0,120,0
3210,450,10,0,0,0,0,120,0
3210,451,10,0,0,0,0,120,0
3211,449,30,0,0,0,0,120,0
3212,450,10,0,0,0,0,120,0
3212,451,10,0,0,0,0,120,0
3212,452,10,0,0,0,0,120,0
3213,450,10,0,0,0,0,120,0
3213,451,10,0,0,0,0,120,0
3213,452,10,0,0,0,0,120,0
3214,449,50,0,0,0,0,120,0
3215,450,10,0,0,0,0,120,0
3215,451,10,0,0,0,0,120,0
3215,452,10,0,0,0,0,120,0
3216,449,15,0,0,0,0,120,0
3216,450,15,0,0,0,0,120,0
3216,451,15,0,0,0,0,120,0
3217,453,20,0,0,0,0,120,0
3218,450,10,0,0,0,0,120,0
3218,451,10,0,0,0,0,120,0
3218,452,10,0,0,0,0,120,0
3231,432,15,0,0,0,0,115,0
3231,433,15,0,0,0,0,115,0
3232,433,10,0,0,0,0,115,0
3232,434,10,0,0,0,0,115,0
3232,435,10,0,0,0,0,115,0
3233,433,15,0,0,0,0,115,0
3233,434,15,0,0,0,0,115,0
3234,433,10,0,0,0,0,115,0
3234,434,10,0,0,0,0,115,0
3234,435,10,0,0,0,0,115,0
3235,436,20,0,0,0,0,115,0
3236,433,15,0,0,0,0,115,0
3236,434,15,0,0,0,0,115,0
3237,433,10,0,0,0,0,115,0
3237,434,10,0,0,0,0,115,0
3237,435,10,0,0,0,0,115,0
3238,433,15,0,0,0,0,115,0
3238,434,15,0,0,0,0,115,0
3239,433,15,0,0,0,0,115,0
3239,434,15,0,0,0,0,115,0
3240,378,10,0,0,0,0,210,0
3240,380,10,0,0,0,0,210,0
3240,811,10,0,0,0,0,210,0
3241,378,15,0,0,0,0,210,0
3241,810,15,0,0,0,0,210,0
3242,378,10,0,0,0,0,210,0
3242,380,10,0,0,0,0,210,0
3242,811,10,0,0,0,0,210,0
3243,380,15,0,0,0,0,210,0
3243,381,15,0,0,0,0,210,0
3243,811,5,0,0,0,0,210,0
3244,379,40,0,0,0,0,300,0
3244,382,20,0,0,0,0,300,0
3245,380,20,0,0,0,0,210,0
3245,811,7,0,0,0,0,210,0
3246,378,20,0,0,0,0,210,0
3247,380,13,0,0,0,0,210,0
3247,381,13,0,0,0,0,210,0
3247,810,13,0,0,0,0,210,0
3247,811,8,0,0,0,0,210,0
3248,380,15,0,0,0,0,210,0
3248,381,12,0,0,0,0,210,0
3248,810,12,0,0,0,0,210,0
3248,811,3,0,0,0,0,300,1
3250,418,8,0,0,0,0,300,0
3250,419,8,0,0,0,0,300,0
3251,417,9,0,0,0,0,300,0
3251,418,9,0,0,0,0,300,0
3252,417,7,0,0,0,0,300,0
3252,418,8,0,0,0,0,300,0
3253,418,8,0,0,0,0,300,0
3253,419,7,0,0,0,0,300,0
3254,418,25,0,0,0,0,300,0
3255,420,25,0,0,0,0,300,0
3256,418,15,0,0,0,0,300,0
3256,419,10,0,0,0,0,300,0
3257,416,8,0,0,0,0,300,0
3257,417,7,0,0,0,0,300,0
3258,418,25,0,0,0,0,300,0
3470,392,8,0,0,0,0,100,0
3470,393,8,0,0,0,0,100,0
3471,392,8,0,0,0,0,100,0
3471,393,8,0,0,0,0,100,0
3472,392,8,0,0,0,0,100,0
3472,393,8,0,0,0,0,100,0
3473,392,8,0,0,0,0,100,0
3473,393,8,0,0,0,0,100,0
3474,392,8,0,0,0,0,100,0
3474,393,8,0,0,0,0,100,0
3475,392,8,0,0,0,0,100,0
3475,393,8,0,0,0,0,100,0
3476,392,8,0,0,0,0,100,0
3476,393,8,0,0,0,0,100,0
3477,392,8,0,0,0,0,100,0
3477,393,8,0,0,0,0,100,0
3478,392,8,0,0,0,0,100,0
3478,393,8,0,0,0,0,100,0
3479,394,20,0,0,0,0,300,0
3480,392,8,0,0,0,0,100,0
3480,393,8,0,0,0,0,100,0
3481,392,8,0,0,0,0,100,0
3481,393,8,0,0,0,0,100,0
3482,392,8,0,0,0,0,100,0
3482,393,8,0,0,0,0,100,0
3483,392,8,0,0,0,0,100,0
3483,393,8,0,0,0,0,100,0
3484,392,8,0,0,0,0,100,0
3484,393,8,0,0,0,0,100,0
3800,558,18,0,0,0,0,300,0
3800,559,14,0,0,0,0,300,0
3800,560,12,0,0,0,0,300,0
3800,561,1,0,0,0,0,300,0
4151,171,30,0,0,0,0,300,0
4152,171,30,0,0,0,0,300,0
4153,171,15,0,0,0,0,300,0
4153,172,15,0,0,0,0,300,0
4155,171,15,0,0,0,0,300,0
4155,172,15,0,0,0,0,300,0
4156,172,15,0,0,0,0,300,0
4156,173,15,0,0,0,0,300,0
4157,172,30,0,0,0,0,300,0
4158,172,10,0,0,0,0,300,0
4158,173,10,0,0,0,0,300,0
4158,174,10,0,0,0,0,300,0
4159,172,10,0,0,0,0,300,0
4159,173,10,0,0,0,0,300,0
4159,174,10,0,0,0,0,300,0
4160,333,30,0,0,0,0,300,0
4161,333,15,0,0,0,0,300,0
4161,334,15,0,0,0,0,300,0
4162,333,15,0,0,0,0,300,0
4162,334,15,0,0,0,0,300,0
4163,333,15,0,0,0,0,300,0
4163,334,15,0,0,0,0,300,0
4164,327,15,0,0,0,0,300,0
4164,335,15,0,0,0,0,300,0
4165,327,15,0,0,0,0,300,0
4165,335,15,0,0,0,0,300,0
4166,327,15,0,0,0,0,300,0
4166,335,15,0,0,0,0,300,0
4167,328,20,0,0,0,0,300,0
4167,336,10,0,0,0,0,300,0
4168,336,30,0,0,0,0,300,0
4169,337,26,0,0,0,0,300,0
4170,372,13,0,0,0,0,300,0
4170,373,13,0,0,0,0,300,0
4171,372,13,0,0,0,0,300,0
4171,373,13,0,0,0,0,300,0
4172,373,13,0,0,0,0,300,0
4173,373,13,0,0,0,0,300,0
4173,374,13,0,0,0,0,300,0
4174,373,13,0,0,0,0,300,0
4174,374,13,0,0,0,0,300,0
4175,373,13,0,0,0,0,300,0
4175,374,13,0,0,0,0,300,0
4176,373,13,0,0,0,0,300,0
4176,374,13,0,0,0,0,300,0
4177,373,13,0,0,0,0,300,0
4177,374,13,0,0,0,0,300,0
4178,373,13,0,0,0,0,300,0
4178,374,13,0,0,0,0,300,0
4179,373,13,0,0,0,0,300,0
4179,374,13,0,0,0,0,300,0
4180,375,20,0,0,0,0,300,0
4181,359,30,0,0,0,0,300,0
4182,360,15,0,0,0,0,300,0
4182,361,15,0,0,0,0,300,0
4183,363,20,0,0,0,0,300,0
4184,359,15,0,0,0,0,300,0
4184,360,15,0,0,0,0,300,0
4185,359,10,0,0,0,0,300,0
4185,360,10,0,0,0,0,300,0
4185,361,10,0,0,0,0,300,0
4186,361,30,0,0,0,0,300,0
4187,361,15,0,0,0,0,300,0
4187,362,15,0,0,0,0,300,0
4188,361,30,0,0,0,0,300,0
4189,360,10,0,0,0,0,300,0
4189,361,10,0,0,0,0,300,0
4189,362,10,0,0,0,0,300,0
4190,361,30,0,0,0,0,300,0
4191,409,15,0,0,0,0,300,0
4191,410,15,0,0,0,0,300,0
4192,409,10,0,0,0,0,90,0
4192,410,10,0,0,0,0,90,0
4192,411,10,0,0,0,0,90,0
4193,409,10,0,0,0,0,90,0
4193,410,10,0,0,0,0,90,0
4193,411,10,0,0,0,0,90,0
4194,409,10,0,0,0,0,90,0
4194,410,10,0,0,0,0,90,0
4194,411,10,0,0,0,0,90,0
4195,409,10,0,0,0,0,90,0
4195,410,10,0,0,0,0,90,0
4195,411,10,0,0,0,0,90,0
4196,413,35,0,0,0,0,240,0
4197,410,10,0,0,0,0,90,0
4197,411,10,0,0,0,0,90,0
4197,412,10,0,0,0,0,90,0
4198,411,15,0,0,0,0,90,0
4198,412,15,0,0,0,0,90,0
4199,411,15,0,0,0,0,90,0
4199,412,15,0,0,0,0,90,0
4200,411,15,0,0,0,0,80,1
4200,412,15,0,0,0,0,95,0
4201,529,9,0,0,0,0,360,0
4202,529,8,0,0,0,0,360,0
4202,530,6,0,0,0,0,360,0
4203,529,8,0,0,0,0,360,0
4203,530,6,0,0,0,0,360,0
4203,531,4,0,0,0,0,360,0
4204,529,10,0,0,0,0,360,0
4204,530,7,0,0,0,0,360,0
4204,531,4,0,0,0,0,360,0
4205,529,10,0,0,0,0,360,0
4205,530,7,0,0,0,0,360,0
4205,531,4,0,0,0,0,360,0
4206,529,10,0,0,0,0,360,0
4206,530,7,0,0,0,0,360,0
4206,531,4,0,0,0,0,360,0
4207,529,11,0,0,0,0,360,0
4207,530,6,0,0,0,0,360,0
4208,529,8,0,23,29,39,360,0
4208,530,5,0,23,29,39,360,0
4208,531,3,0,23,29,39,360,0
4210,456,17,0,0,0,0,120,0
4210,457,17,0,0,0,0,120,0
4210,459,5,0,0,0,0,300,1
4211,456,30,0,0,0,0,120,0
4212,457,17,0,0,0,0,120,0
4212,458,17,0,0,0,0,120,0
4212,459,5,0,0,0,0,300,1
4213,457,17,0,0,0,0,120,0
4213,458,17,0,0,0,0,120,0
4213,459,5,0,0,0,0,300,1
4214,456,50,0,0,0,0,120,0
4215,456,20,0,0,0,0,120,0
4215,457,20,0,0,0,0,120,0
4215,459,5,0,0,0,0,300,1
4216,456,16,0,0,0,0,120,0
4216,457,16,0,0,0,0,120,0
4216,459,5,0,0,0,0,300,1
4217,460,20,0,0,0,0,120,0
4218,457,16,0,0,0,0,120,0
4218,458,16,0,0,0,0,120,0
4218,459,5,0,0,0,0,300,1
4231,439,15,0,0,0,0,115,0
4231,440,15,0,0,0,0,115,0
4232,440,10,0,0,0,0,115,0
4232,441,10,0,0,0,0,115,0
4232,442,10,0,0,0,0,115,0
4233,440,15,0,0,0,0,115,0
4233,441,15,0,0,0,0,115,0
4234,440,10,0,0,0,0,115,0
4234,441,10,0,0,0,0,115,0
4234,442,10,0,0,0,0,115,0
4235,443,20,0,0,0,0,115,0
4236,440,15,0,0,0,0,115,0
4236,441,15,0,0,0,0,115,0
4237,440,10,0,0,0,0,115,0
4237,441,10,0,0,0,0,115,0
4237,442,10,0,0,0,0,115,0
4238,440,15,0,0,0,0,115,0
4238,441,15,0,0,0,0,115,0
4239,440,15,0,0,0,0,115,0
4239,441,15,0,0,0,0,115,0
4240,385,10,0,0,0,0,210,0
4240,386,10,0,0,0,0,210,0
4240,813,10,0,0,0,0,210,0
4241,385,15,0,0,0,0,210,0
4241,813,15,0,0,0,0,210,0
4242,385,10,0,0,0,0,210,0
4242,386,10,0,0,0,0,210,0
4242,813,10,0,0,0,0,210,0
4243,386,15,0,0,0,0,300,0
4243,387,15,0,0,0,0,300,0
4244,388,20,0,0,0,0,210,0
4244,389,40,0,0,0,0,210,0
4245,386,20,0,0,0,0,210,0
4245,813,10,0,0,0,0,210,0
4246,385,20,0,0,0,0,210,0
4247,386,13,0,0,0,0,210,0
4247,387,13,0,0,0,0,210,0
4247,812,13,0,0,0,0,210,0
4247,813,8,0,0,0,0,210,0
4248,386,15,0,0,0,0,210,0
4248,387,12,0,0,0,0,210,0
4248,812,12,0,0,0,0,210,0
4248,813,3,0,0,0,0,300,1
4250,424,8,0,0,0,0,300,0
4250,425,8,0,0,0,0,300,0
4251,423,9,0,0,0,0,300,0
4251,424,9,0,0,0,0,300,0
4252,424,15,0,0,0,0,300,0
4253,424,8,0,0,0,0,300,0
4253,425,7,0,0,0,0,300,0
4254,424,25,0,0,0,0,300,0
4255,426,20,0,0,0,0,300,0
4256,424,15,0,0,0,0,300,0
4256,425,10,0,0,0,0,300,0
4257,423,8,0,0,0,0,300,0
4257,424,7,0,0,0,0,300,0
4258,424,25,0,0,0,0,300,0
4470,397,8,0,0,0,0,100,0
4470,398,8,0,0,0,0,100,0
4471,397,8,0,0,0,0,100,0
4471,398,8,0,0,0,0,100,0
4472,397,8,0,0,0,0,100,0
4472,398,8,0,0,0,0,100,0
4473,397,8,0,0,0,0,100,0
4473,398,8,0,0,0,0,100,0
4474,397,8,0,0,0,0,100,0
4474,398,8,0,0,0,0,100,0
4475,397,8,0,0,0,0,100,0
4475,398,8,0,0,0,0,100,0
4476,397,8,0,0,0,0,100,0
4476,398,8,0,0,0,0,100,0
4477,397,8,0,0,0,0,100,0
4477,398,8,0,0,0,0,100,0
4478,397,8,0,0,0,0,100,0
4478,398,8,0,0,0,0,100,0
4479,399,20,0,0,0,0,300,0
4480,397,8,0,0,0,0,100,0
4480,398,8,0,0,0,0,100,0
4481,397,8,0,0,0,0,100,0
4481,398,8,0,0,0,0,100,0
4482,397,8,0,0,0,0,100,0
4482,398,8,0,0,0,0,100,0
4483,397,8,0,0,0,0,100,0
4483,398,8,0,0,0,0,100,0
4484,397,8,0,0,0,0,100,0
4484,398,8,0,0,0,0,100,0
4711,1,5,0,0,0,0,60,0
4712,1,15,0,0,0,0,300,0
4713,2,15,0,0,0,0,300,0
4714,1,15,0,0,0,0,60,0
4714,2,15,0,0,0,0,60,0
4715,1,10,0,0,0,0,60,0
4715,2,10,0,0,0,0,60,0
5800,305,2,0,0,0,0,300,0
5800,306,5,0,0,0,0,300,0
5800,307,3,0,0,0,0,300,0
5800,308,2,0,0,0,0,300,0
5801,305,2,0,0,0,0,300,0
5801,306,5,0,0,0,0,300,0
5801,307,3,0,0,0,0,300,0
5801,308,2,0,0,0,0,300,0
5802,305,2,0,0,0,0,300,0
5802,306,5,0,0,0,0,300,0
5802,307,3,0,0,0,0,300,0
5802,308,2,0,0,0,0,300,0
5803,305,2,0,0,0,0,300,0
5803,306,5,0,0,0,0,300,0
5803,307,3,0,0,0,0,300,0
5803,308,2,0,0,0,0,300,0
5804,305,2,0,0,0,0,300,0
5804,306,5,0,0,0,0,300,0
5804,307,3,0,0,0,0,300,0
5804,308,2,0,0,0,0,300,0
5805,305,2,0,0,0,0,300,0
5805,306,5,0,0,0,0,300,0
5805,307,3,0,0,0,0,300,0
5805,308,2,0,0,0,0,300,0
5806,310,15,0,0,0,0,420,0
5806,311,12,0,0,0,0,420,0
5806,312,18,0,0,0,0,420,0
5807,1,15,0,0,0,0,240,0
5807,11,2,0,0,0,0,240,0
5807,71,5,0,0,0,0,240,0
5807,309,6,0,0,0,0,240,0
5809,320,6,0,0,0,0,300,0
5809,321,7,0,0,0,0,300,0
5809,322,5,0,0,0,0,300,0
5810,1,15,0,0,0,0,300,0
5810,3,4,0,0,0,0,300,0
5810,4,4,0,0,0,0,300,0
5810,11,2,0,0,0,0,300,0
5810,71,5,0,0,0,0,300,0
5810,309,6,0,0,0,0,300,0
5811,310,4,0,0,0,0,420,0
5811,311,4,0,0,0,0,420,0
5811,312,3,0,0,0,0,420,0
5812,687,15,0,0,0,0,240,0
5812,688,8,0,0,0,0,240,0
5812,689,15,0,0,0,0,240,0
5812,690,8,0,0,0,0,240,0
5812,691,4,0,0,0,0,240,0
5813,687,15,0,0,0,0,240,0
5813,688,8,0,0,0,0,240,0
5813,689,15,0,0,0,0,240,0
5813,690,8,0,0,0,0,240,0
5813,691,4,0,0,0,0,240,0
5814,687,15,0,0,0,0,240,0
5814,688,8,0,0,0,0,240,0
5814,689,15,0,0,0,0,240,0
5814,690,8,0,0,0,0,240,0
5814,691,4,0,0,0,0,240,0
5815,687,15,0,0,0,0,240,0
5815,688,8,0,0,0,0,240,0
5815,689,15,0,0,0,0,240,0
5815,690,8,0,0,0,0,240,0
5815,691,4,0,0,0,0,240,0
5816,687,15,0,0,0,0,240,0
5816,688,8,0,0,0,0,240,0
5816,689,15,0,0,0,0,240,0
5816,690,8,0,0,0,0,240,0
5816,691,4,0,0,0,0,240,0
5817,687,15,0,0,0,0,240,0
5817,688,8,0,0,0,0,240,0
5817,689,15,0,0,0,0,240,0
5817,690,8,0,0,0,0,240,0
5817,691,4,0,0,0,0,240,0
5818,687,15,0,0,0,0,240,0
5818,688,8,0,0,0,0,240,0
5818,689,15,0,0,0,0,240,0
5818,690,8,0,0,0,0,240,0
5818,691,4,0,0,0,0,240,0
5819,687,15,0,0,0,0,240,0
5819,688,8,0,0,0,0,240,0
5819,689,15,0,0,0,0,240,0
5819,690,8,0,0,0,0,240,0
5819,691,4,0,0,0,0,240,0
5820,687,15,0,0,0,0,240,0
5820,688,8,0,0,0,0,240,0
5820,689,15,0,0,0,0,240,0
5820,690,8,0,0,0,0,240,0
5820,691,4,0,0,0,0,240,0
5821,687,15,0,0,0,0,240,0
5821,688,8,0,0,0,0,240,0
5821,689,15,0,0,0,0,240,0
5821,690,8,0,0,0,0,240,0
5821,691,4,0,0,0,0,240,0
5823,323,10,0,0,0,0,300,0
5823,324,10,0,0,0,0,300,0
5823,325,10,0,0,0,0,300,0
5824,323,5,0,0,0,0,300,0
5824,324,6,0,0,0,0,300,0
5824,325,5,0,0,0,0,300,0
5825,323,9,0,0,0,0,300,0
5825,324,8,0,0,0,0,300,0
5825,325,9,0,0,0,0,300,0
5826,317,7,0,0,0,0,300,0
5826,318,8,0,0,0,0,300,0
5826,319,7,0,0,0,0,300,0
5827,317,4,0,0,0,0,300,0
5827,318,3,0,0,0,0,300,0
5827,319,4,0,0,0,0,300,0
5829,323,4,0,0,0,0,300,0
5829,324,5,0,0,0,0,300,0
5829,325,4,0,0,0,0,300,0
5830,323,5,0,0,0,0,300,0
5830,324,6,0,0,0,0,300,0
5830,325,5,0,0,0,0,300,0
5833,317,8,0,0,0,0,300,0
5833,318,7,0,0,0,0,300,0
5833,319,8,0,0,0,0,300,0
5834,317,7,0,0,0,0,300,0
5834,318,8,0,0,0,0,300,0
5834,319,7,0,0,0,0,300,0
5836,323,10,0,0,0,0,300,0
5836,324,10,0,0,0,0,300,0
5836,325,10,0,0,0,0,300,0
5840,305,2,0,0,0,0,300,0
5840,306,5,0,0,0,0,300,0
5840,307,3,0,0,0,0,300,0
5840,308,2,0,0,0,0,300,0
5841,305,2,0,0,0,0,300,0
5841,306,5,0,0,0,0,300,0
5841,307,3,0,0,0,0,300,0
5841,308,2,0,0,0,0,300,0
5842,305,2,0,0,0,0,300,0
5842,306,5,0,0,0,0,300,0
5842,307,3,0,0,0,0,300,0
5842,308,2,0,0,0,0,300,0
5843,305,2,0,0,0,0,300,0
5843,306,5,0,0,0,0,300,0
5843,307,3,0,0,0,0,300,0
5843,308,2,0,0,0,0,300,0
5844,305,2,0,0,0,0,300,0
5844,306,5,0,0,0,0,300,0
5844,307,3,0,0,0,0,300,0
5844,308,2,0,0,0,0,300,0
5845,305,2,0,0,0,0,300,0
5845,306,5,0,0,0,0,300,0
5845,307,3,0,0,0,0,300,0
5845,308,2,0,0,0,0,300,0
5846,310,15,0,0,0,0,420,0
5846,311,12,0,0,0,0,420,0
5846,312,18,0,0,0,0,420,0
5847,1,15,0,0,0,0,240,0
5847,11,2,0,0,0,0,240,0
5847,71,5,0,0,0,0,240,0
5847,309,6,0,0,0,0,240,0
5849,320,6,0,0,0,0,300,0
5849,321,7,0,0,0,0,300,0
5849,322,5,0,0,0,0,300,0
5850,1,15,0,0,0,0,300,0
5850,3,4,0,0,0,0,300,0
5850,4,4,0,0,0,0,300,0
5850,11,2,0,0,0,0,300,0
5850,71,5,0,0,0,0,300,0
5850,309,6,0,0,0,0,300,0
5851,310,4,0,0,0,0,420,0
5851,311,4,0,0,0,0,420,0
5851,312,3,0,0,0,0,420,0
5852,687,15,0,0,0,0,240,0
5852,688,8,0,0,0,0,240,0
5852,689,15,0,0,0,0,240,0
5852,690,8,0,0,0,0,240,0
5852,691,4,0,0,0,0,240,0
5853,687,15,0,0,0,0,240,0
5853,688,8,0,0,0,0,240,0
5853,689,15,0,0,0,0,240,0
5853,690,8,0,0,0,0,240,0
5853,691,4,0,0,0,0,240,0
5854,687,15,0,0,0,0,240,0
5854,688,8,0,0,0,0,240,0
5854,689,15,0,0,0,0,240,0
5854,690,8,0,0,0,0,240,0
5854,691,4,0,0,0,0,240,0
5855,687,15,0,0,0,0,240,0
5855,688,8,0,0,0,0,240,0
5855,689,15,0,0,0,0,240,0
5855,690,8,0,0,0,0,240,0
5855,691,4,0,0,0,0,240,0
5856,687,15,0,0,0,0,240,0
5856,688,8,0,0,0,0,240,0
5856,689,15,0,0,0,0,240,0
5856,690,8,0,0,0,0,240,0
5856,691,4,0,0,0,0,240,0
5857,687,15,0,0,0,0,240,0
5857,688,8,0,0,0,0,240,0
5857,689,15,0,0,0,0,240,0
5857,690,8,0,0,0,0,240,0
5857,691,4,0,0,0,0,240,0
5858,687,15,0,0,0,0,240,0
5858,688,8,0,0,0,0,240,0
5858,689,15,0,0,0,0,240,0
5858,690,8,0,0,0,0,240,0
5858,691,4,0,0,0,0,240,0
5859,687,15,0,0,0,0,240,0
5859,688,8,0,0,0,0,240,0
5859,689,15,0,0,0,0,240,0
5859,690,8,0,0,0,0,240,0
5859,691,4,0,0,0,0,240,0
5860,687,15,0,0,0,0,240,0
5860,688,8,0,0,0,0,240,0
5860,689,15,0,0,0,0,240,0
5860,690,8,0,0,0,0,240,0
5860,691,4,0,0,0,0,240,0
5861,687,15,0,0,0,0,240,0
5861,688,8,0,0,0,0,240,0
5861,689,15,0,0,0,0,240,0
5861,690,8,0,0,0,0,240,0
5861,691,4,0,0,0,0,240,0
5863,323,10,0,0,0,0,300,0
5863,324,10,0,0,0,0,300,0
5863,325,10,0,0,0,0,300,0
5864,323,5,0,0,0,0,300,0
5864,324,6,0,0,0,0,300,0
5864,325,5,0,0,0,0,300,0
5865,323,9,0,0,0,0,300,0
5865,324,8,0,0,0,0,300,0
5865,325,9,0,0,0,0,300,0
5866,317,7,0,0,0,0,300,0
5866,318,8,0,0,0,0,300,0
5866,319,7,0,0,0,0,300,0
5867,317,4,0,0,0,0,300,0
5867,318,3,0,0,0,0,300,0
5867,319,4,0,0,0,0,300,0
5869,323,4,0,0,0,0,300,0
5869,324,5,0,0,0,0,300,0
5869,325,4,0,0,0,0,300,0
5870,323,5,0,0,0,0,300,0
5870,324,6,0,0,0,0,300,0
5870,325,5,0,0,0,0,300,0
5873,317,8,0,0,0,0,300,0
5873,318,7,0,0,0,0,300,0
5873,319,8,0,0,0,0,300,0
5874,317,7,0,0,0,0,300,0
5874,318,8,0,0,0,0,300,0
5874,319,7,0,0,0,0,300,0
5876,323,10,0,0,0,0,300,0
5876,324,10,0,0,0,0,300,0
5876,325,10,0,0,0,0,300,0
5880,305,2,0,0,0,0,300,0
5880,306,5,0,0,0,0,300,0
5880,307,3,0,0,0,0,300,0
5880,308,2,0,0,0,0,300,0
5881,305,2,0,0,0,0,300,0
5881,306,5,0,0,0,0,300,0
5881,307,3,0,0,0,0,300,0
5881,308,2,0,0,0,0,300,0
5882,305,2,0,0,0,0,300,0
5882,306,5,0,0,0,0,300,0
5882,307,3,0,0,0,0,300,0
5882,308,2,0,0,0,0,300,0
5883,305,2,0,0,0,0,300,0
5883,306,5,0,0,0,0,300,0
5883,307,3,0,0,0,0,300,0
5883,308,2,0,0,0,0,300,0
5884,305,2,0,0,0,0,300,0
5884,306,5,0,0,0,0,300,0
5884,307,3,0,0,0,0,300,0
5884,308,2,0,0,0,0,300,0
5885,305,2,0,0,0,0,300,0
5885,306,5,0,0,0,0,300,0
5885,307,3,0,0,0,0,300,0
5885,308,2,0,0,0,0,300,0
5886,310,15,0,0,0,0,420,0
5886,311,12,0,0,0,0,420,0
5886,312,18,0,0,0,0,420,0
5887,1,15,0,0,0,0,240,0
5887,11,2,0,0,0,0,240,0
5887,71,5,0,0,0,0,240,0
5887,309,6,0,0,0,0,240,0
5889,320,6,0,0,0,0,300,0
5889,321,7,0,0,0,0,300,0
5889,322,5,0,0,0,0,300,0
5890,1,15,0,0,0,0,300,0
5890,3,4,0,0,0,0,300,0
5890,4,4,0,0,0,0,300,0
5890,11,2,0,0,0,0,300,0
5890,71,5,0,0,0,0,300,0
5890,309,6,0,0,0,0,300,0
5891,310,4,0,0,0,0,420,0
5891,311,4,0,0,0,0,420,0
5891,312,3,0,0,0,0,420,0
5892,687,15,0,0,0,0,240,0
5892,688,8,0,0,0,0,240,0
5892,689,15,0,0,0,0,240,0
5892,690,8,0,0,0,0,240,0
5892,691,4,0,0,0,0,240,0
5893,687,15,0,0,0,0,240,0
5893,688,8,0,0,0,0,240,0
5893,689,15,0,0,0,0,240,0
5893,690,8,0,0,0,0,240,0
5893,691,4,0,0,0,0,240,0
5894,687,15,0,0,0,0,240,0
5894,688,8,0,0,0,0,240,0
5894,689,15,0,0,0,0,240,0
5894,690,8,0,0,0,0,240,0
5894,691,4,0,0,0,0,240,0
5895,687,15,0,0,0,0,240,0
5895,688,8,0,0,0,0,240,0
5895,689,15,0,0,0,0,240,0
5895,690,8,0,0,0,0,240,0
5895,691,4,0,0,0,0,240,0
5896,687,15,0,0,0,0,240,0
5896,688,8,0,0,0,0,240,0
5896,689,15,0,0,0,0,240,0
5896,690,8,0,0,0,0,240,0
5896,691,4,0,0,0,0,240,0
5897,687,15,0,0,0,0,240,0
5897,688,8,0,0,0,0,240,0
5897,689,15,0,0,0,0,240,0
5897,690,8,0,0,0,0,240,0
5897,691,4,0,0,0,0,240,0
5898,687,15,0,0,0,0,240,0
5898,688,8,0,0,0,0,240,0
5898,689,15,0,0,0,0,240,0
5898,690,8,0,0,0,0,240,0
5898,691,4,0,0,0,0,240,0
5899,687,15,0,0,0,0,240,0
5899,688,8,0,0,0,0,240,0
5899,689,15,0,0,0,0,240,0
5899,690,8,0,0,0,0,240,0
5899,691,4,0,0,0,0,240,0
5900,687,15,0,0,0,0,240,0
5900,688,8,0,0,0,0,240,0
5900,689,15,0,0,0,0,240,0
5900,690,8,0,0,0,0,240,0
5900,691,4,0,0,0,0,240,0
5901,687,15,0,0,0,0,240,0
5901,688,8,0,0,0,0,240,0
5901,689,15,0,0,0,0,240,0
5901,690,8,0,0,0,0,240,0
5901,691,4,0,0,0,0,240,0
5903,323,10,0,0,0,0,300,0
5903,324,10,0,0,0,0,300,0
5903,325,10,0,0,0,0,300,0
5904,323,5,0,0,0,0,300,0
5904,324,6,0,0,0,0,300,0
5904,325,5,0,0,0,0,300,0
5905,323,9,0,0,0,0,300,0
5905,324,8,0,0,0,0,300,0
5905,325,9,0,0,0,0,300,0
5906,317,7,0,0,0,0,300,0
5906,318,8,0,0,0,0,300,0
5906,319,7,0,0,0,0,300,0
5907,317,4,0,0,0,0,300,0
5907,318,3,0,0,0,0,300,0
5907,319,4,0,0,0,0,300,0
5909,323,4,0,0,0,0,300,0
5909,324,5,0,0,0,0,300,0
5909,325,4,0,0,0,0,300,0
5910,323,5,0,0,0,0,300,0
5910,324,6,0,0,0,0,300,0
5910,325,5,0,0,0,0,300,0
5913,317,8,0,0,0,0,300,0
5913,318,7,0,0,0,0,300,0
5913,319,8,0,0,0,0,300,0
5914,317,7,0,0,0,0,300,0
5914,318,8,0,0,0,0,300,0
5914,319,7,0,0,0,0,300,0
5916,323,10,0,0,0,0,300,0
5916,324,10,0,0,0,0,300,0
5916,325,10,0,0,0,0,300,0
5920,305,2,0,0,0,0,300,0
5920,306,5,0,0,0,0,300,0
5920,307,3,0,0,0,0,300,0
5920,308,2,0,0,0,0,300,0
5921,305,2,0,0,0,0,300,0
5921,306,5,0,0,0,0,300,0
5921,307,3,0,0,0,0,300,0
5921,308,2,0,0,0,0,300,0
5922,305,2,0,0,0,0,300,0
5922,306,5,0,0,0,0,300,0
5922,307,3,0,0,0,0,300,0
5922,308,2,0,0,0,0,300,0
5923,305,2,0,0,0,0,300,0
5923,306,5,0,0,0,0,300,0
5923,307,3,0,0,0,0,300,0
5923,308,2,0,0,0,0,300,0
5924,305,2,0,0,0,0,300,0
5924,306,5,0,0,0,0,300,0
5924,307,3,0,0,0,0,300,0
5924,308,2,0,0,0,0,300,0
5925,305,2,0,0,0,0,300,0
5925,306,5,0,0,0,0,300,0
5925,307,3,0,0,0,0,300,0
5925,308,2,0,0,0,0,300,0
5926,310,15,0,0,0,0,420,0
5926,311,12,0,0,0,0,420,0
5926,312,18,0,0,0,0,420,0
5927,1,15,0,0,0,0,240,0
5927,11,2,0,0,0,0,240,0
5927,71,5,0,0,0,0,240,0
5927,309,6,0,0,0,0,240,0
5929,320,6,0,0,0,0,300,0
5929,321,7,0,0,0,0,300,0
5929,322,5,0,0,0,0,300,0
5930,1,15,0,0,0,0,300,0
5930,3,4,0,0,0,0,300,0
5930,4,4,0,0,0,0,300,0
5930,11,2,0,0,0,0,300,0
5930,71,5,0,0,0,0,300,0
5930,309,6,0,0,0,0,300,0
5931,310,4,0,0,0,0,420,0
5931,311,4,0,0,0,0,420,0
5931,312,3,0,0,0,0,420,0
5932,687,15,0,0,0,0,240,0
5932,688,8,0,0,0,0,240,0
5932,689,15,0,0,0,0,240,0
5932,690,8,0,0,0,0,240,0
5932,691,4,0,0,0,0,240,0
5933,687,15,0,0,0,0,240,0
5933,688,8,0,0,0,0,240,0
5933,689,15,0,0,0,0,240,0
5933,690,8,0,0,0,0,240,0
5933,691,4,0,0,0,0,240,0
5934,687,15,0,0,0,0,240,0
5934,688,8,0,0,0,0,240,0
5934,689,15,0,0,0,0,240,0
5934,690,8,0,0,0,0,240,0
5934,691,4,0,0,0,0,240,0
5935,687,15,0,0,0,0,240,0
5935,688,8,0,0,0,0,240,0
5935,689,15,0,0,0,0,240,0
5935,690,8,0,0,0,0,240,0
5935,691,4,0,0,0,0,240,0
5936,687,15,0,0,0,0,240,0
5936,688,8,0,0,0,0,240,0
5936,689,15,0,0,0,0,240,0
5936,690,8,0,0,0,0,240,0
5936,691,4,0,0,0,0,240,0
5937,687,15,0,0,0,0,240,0
5937,688,8,0,0,0,0,240,0
5937,689,15,0,0,0,0,240,0
5937,690,8,0,0,0,0,240,0
5937,691,4,0,0,0,0,240,0
5938,687,15,0,0,0,0,240,0
5938,688,8,0,0,0,0,240,0
5938,689,15,0,0,0,0,240,0
5938,690,8,0,0,0,0,240,0
5938,691,4,0,0,0,0,240,0
5939,687,15,0,0,0,0,240,0
5939,688,8,0,0,0,0,240,0
5939,689,15,0,0,0,0,240,0
5939,690,8,0,0,0,0,240,0
5939,691,4,0,0,0,0,240,0
5940,687,15,0,0,0,0,240,0
5940,688,8,0,0,0,0,240,0
5940,689,15,0,0,0,0,240,0
5940,690,8,0,0,0,0,240,0
5940,691,4,0,0,0,0,240,0
5941,687,15,0,0,0,0,240,0
5941,688,8,0,0,0,0,240,0
5941,689,15,0,0,0,0,240,0
5941,690,8,0,0,0,0,240,0
5941,691,4,0,0,0,0,240,0
5943,323,10,0,0,0,0,300,0
5943,324,10,0,0,0,0,300,0
5943,325,10,0,0,0,0,300,0
5944,323,5,0,0,0,0,300,0
5944,324,6,0,0,0,0,300,0
5944,325,5,0,0,0,0,300,0
5945,323,9,0,0,0,0,300,0
5945,324,8,0,0,0,0,300,0
5945,325,9,0,0,0,0,300,0
5946,317,7,0,0,0,0,300,0
5946,318,8,0,0,0,0,300,0
5946,319,7,0,0,0,0,300,0
5947,317,4,0,0,0,0,300,0
5947,318,3,0,0,0,0,300,0
5947,319,4,0,0,0,0,300,0
5949,323,4,0,0,0,0,300,0
5949,324,5,0,0,0,0,300,0
5949,325,4,0,0,0,0,300,0
5950,323,5,0,0,0,0,300,0
5950,324,6,0,0,0,0,300,0
5950,325,5,0,0,0,0,300,0
5953,317,8,0,0,0,0,300,0
5953,318,7,0,0,0,0,300,0
5953,319,8,0,0,0,0,300,0
5954,317,7,0,0,0,0,300,0
5954,318,8,0,0,0,0,300,0
5954,319,7,0,0,0,0,300,0
5956,323,10,0,0,0,0,300,0
5956,324,10,0,0,0,0,300,0
5956,325,10,0,0,0,0,300,0
5960,305,2,0,0,0,0,300,0
5960,306,5,0,0,0,0,300,0
5960,307,3,0,0,0,0,300,0
5960,308,2,0,0,0,0,300,0
5961,305,2,0,0,0,0,300,0
5961,306,5,0,0,0,0,300,0
5961,307,3,0,0,0,0,300,0
5961,308,2,0,0,0,0,300,0
5962,305,2,0,0,0,0,300,0
5962,306,5,0,0,0,0,300,0
5962,307,3,0,0,0,0,300,0
5962,308,2,0,0,0,0,300,0
5963,305,2,0,0,0,0,300,0
5963,306,5,0,0,0,0,300,0
5963,307,3,0,0,0,0,300,0
5963,308,2,0,0,0,0,300,0
5964,305,2,0,0,0,0,300,0
5964,306,5,0,0,0,0,300,0
5964,307,3,0,0,0,0,300,0
5964,308,2,0,0,0,0,300,0
5965,305,2,0,0,0,0,300,0
5965,306,5,0,0,0,0,300,0
5965,307,3,0,0,0,0,300,0
5965,308,2,0,0,0,0,300,0
5966,310,15,0,0,0,0,420,0
5966,311,12,0,0,0,0,420,0
5966,312,18,0,0,0,0,420,0
5967,1,15,0,0,0,0,240,0
5967,11,2,0,0,0,0,240,0
5967,71,5,0,0,0,0,240,0
5967,309,6,0,0,0,0,240,0
5969,320,6,0,0,0,0,300,0
5969,321,7,0,0,0,0,300,0
5969,322,5,0,0,0,0,300,0
5970,1,15,0,0,0,0,300,0
5970,3,4,0,0,0,0,300,0
5970,4,4,0,0,0,0,300,0
5970,11,2,0,0,0,0,300,0
5970,71,5,0,0,0,0,300,0
5970,309,6,0,0,0,0,300,0
5971,310,4,0,0,0,0,420,0
5971,311,4,0,0,0,0,420,0
5971,312,3,0,0,0,0,420,0
5972,687,15,0,0,0,0,240,0
5972,688,8,0,0,0,0,240,0
5972,689,15,0,0,0,0,240,0
5972,690,8,0,0,0,0,240,0
5972,691,4,0,0,0,0,240,0
5973,687,15,0,0,0,0,240,0
5973,688,8,0,0,0,0,240,0
5973,689,15,0,0,0,0,240,0
5973,690,8,0,0,0,0,240,0
5973,691,4,0,0,0,0,240,0
5974,687,15,0,0,0,0,240,0
5974,688,8,0,0,0,0,240,0
5974,689,15,0,0,0,0,240,0
5974,690,8,0,0,0,0,240,0
5974,691,4,0,0,0,0,240,0
5975,687,15,0,0,0,0,240,0
5975,688,8,0,0,0,0,240,0
5975,689,15,0,0,0,0,240,0
5975,690,8,0,0,0,0,240,0
5975,691,4,0,0,0,0,240,0
5976,687,15,0,0,0,0,240,0
5976,688,8,0,0,0,0,240,0
5976,689,15,0,0,0,0,240,0
5976,690,8,0,0,0,0,240,0
5976,691,4,0,0,0,0,240,0
5977,687,15,0,0,0,0,240,0
5977,688,8,0,0,0,0,240,0
5977,689,15,0,0,0,0,240,0
5977,690,8,0,0,0,0,240,0
5977,691,4,0,0,0,0,240,0
5978,687,15,0,0,0,0,240,0
5978,688,8,0,0,0,0,240,0
5978,689,15,0,0,0,0,240,0
5978,690,8,0,0,0,0,240,0
5978,691,4,0,0,0,0,240,0
5979,687,15,0,0,0,0,240,0
5979,688,8,0,0,0,0,240,0
5979,689,15,0,0,0,0,240,0
5979,690,8,0,0,0,0,240,0
5979,691,4,0,0,0,0,240,0
5980,687,15,0,0,0,0,240,0
5980,688,8,0,0,0,0,240,0
5980,689,15,0,0,0,0,240,0
5980,690,8,0,0,0,0,240,0
5980,691,4,0,0,0,0,240,0
5981,687,15,0,0,0,0,240,0
5981,688,8,0,0,0,0,240,0
5981,689,15,0,0,0,0,240,0
5981,690,8,0,0,0,0,240,0
5981,691,4,0,0,0,0,240,0
5983,323,10,0,0,0,0,300,0
5983,324,10,0,0,0,0,300,0
5983,325,10,0,0,0,0,300,0
5984,323,5,0,0,0,0,300,0
5984,324,6,0,0,0,0,300,0
5984,325,5,0,0,0,0,300,0
5985,323,9,0,0,0,0,300,0
5985,324,8,0,0,0,0,300,0
5985,325,9,0,0,0,0,300,0
5986,317,7,0,0,0,0,300,0
5986,318,8,0,0,0,0,300,0
5986,319,7,0,0,0,0,300,0
5987,317,4,0,0,0,0,300,0
5987,318,3,0,0,0,0,300,0
5987,319,4,0,0,0,0,300,0
5989,323,4,0,0,0,0,300,0
5989,324,5,0,0,0,0,300,0
5989,325,4,0,0,0,0,300,0
5990,323,5,0,0,0,0,300,0
5990,324,6,0,0,0,0,300,0
5990,325,5,0,0,0,0,300,0
5993,317,8,0,0,0,0,300,0
5993,318,7,0,0,0,0,300,0
5993,319,8,0,0,0,0,300,0
5994,317,7,0,0,0,0,300,0
5994,318,8,0,0,0,0,300,0
5994,319,7,0,0,0,0,300,0
5996,323,10,0,0,0,0,300,0
5996,324,10,0,0,0,0,300,0
5996,325,10,0,0,0,0,300,0
6502,198,15,0,0,0,0,300,1
6502,199,18,0,0,0,0,300,1
6502,200,7,0,0,0,0,300,1
6503,198,10,0,0,0,0,300,1
6503,199,10,0,0,0,0,300,1
6504,200,12,0,0,0,0,300,1
6504,202,8,0,0,0,0,300,1
6505,198,15,0,0,0,0,300,1
6505,199,18,0,0,0,0,300,1
6505,200,7,0,0,0,0,300,1
6506,198,15,0,0,0,0,300,1
6506,199,18,0,0,0,0,300,1
6506,200,7,0,0,0,0,300,1
6507,198,15,0,0,0,0,300,1
6507,199,18,0,0,0,0,300,1
6507,200,7,0,0,0,0,300,1
6508,200,12,0,0,0,0,300,1
6508,202,8,0,0,0,0,300,1
6509,198,15,0,0,0,0,300,1
6509,199,18,0,0,0,0,300,1
6509,200,7,0,0,0,0,300,1
6510,200,12,0,0,0,0,300,1
6510,202,8,0,0,0,0,300,1
6511,200,12,0,0,0,0,300,1
6511,202,8,0,0,0,0,300,1
6513,200,12,0,0,0,0,300,1
6513,201,8,0,0,0,0,300,1
6513,203,4,0,0,0,0,300,1
6514,201,12,0,0,0,0,300,1
6514,202,8,0,0,0,0,300,1
6514,203,4,0,0,0,0,300,1
6515,201,12,0,0,0,0,300,1
6515,202,8,0,0,0,0,300,1
6515,203,4,0,0,0,0,300,1
6516,201,12,0,0,0,0,300,1
6516,202,8,0,0,0,0,300,1
6516,203,4,0,0,0,0,300,1
6517,201,12,0,0,0,0,300,1
6517,202,8,0,0,0,0,300,1
6517,203,4,0,0,0,0,300,1
6518,201,12,0,0,0,0,300,1
6518,202,8,0,0,0,0,300,1
6518,203,4,0,0,0,0,300,1
6522,198,15,0,0,0,0,300,1
6522,199,18,0,0,0,0,300,1
6522,200,7,0,0,0,0,300,1
6523,198,10,0,0,0,0,300,1
6523,199,10,0,0,0,0,300,1
6524,200,12,0,0,0,0,300,1
6524,202,8,0,0,0,0,300,1
6525,198,15,0,0,0,0,300,1
6525,199,18,0,0,0,0,300,1
6525,200,7,0,0,0,0,300,1
6526,198,15,0,0,0,0,300,1
6526,199,18,0,0,0,0,300,1
6526,200,7,0,0,0,0,300,1
6527,198,15,0,0,0,0,300,1
6527,199,18,0,0,0,0,300,1
6527,200,7,0,0,0,0,300,1
6528,200,12,0,0,0,0,300,1
6528,202,8,0,0,0,0,300,1
6529,198,15,0,0,0,0,300,1
6529,199,18,0,0,0,0,300,1
6529,200,7,0,0,0,0,300,1
6530,200,12,0,0,0,0,300,1
6530,202,8,0,0,0,0,300,1
6531,200,12,0,0,0,0,300,1
6531,202,8,0,0,0,0,300,1
6533,200,12,0,0,0,0,300,1
6533,201,8,0,0,0,0,300,1
6533,203,4,0,0,0,0,300,1
6534,201,12,0,0,0,0,300,1
6534,202,8,0,0,0,0,300,1
6534,203,4,0,0,0,0,300,1
6535,201,12,0,0,0,0,300,1
6535,202,8,0,0,0,0,300,1
6535,203,4,0,0,0,0,300,1
6536,201,12,0,0,0,0,300,1
6536,202,8,0,0,0,0,300,1
6536,203,4,0,0,0,0,300,1
6537,201,12,0,0,0,0,300,1
6537,202,8,0,0,0,0,300,1
6537,203,4,0,0,0,0,300,1
6538,201,12,0,0,0,0,300,1
6538,202,8,0,0,0,0,300,1
6538,203,4,0,0,0,0,300,1
6542,198,15,0,0,0,0,300,1
6542,199,18,0,0,0,0,300,1
6542,200,7,0,0,0,0,300,1
6543,198,10,0,0,0,0,300,1
6543,199,10,0,0,0,0,300,1
6544,200,12,0,0,0,0,300,1
6544,202,8,0,0,0,0,300,1
6545,198,15,0,0,0,0,300,1
6545,199,18,0,0,0,0,300,1
6545,200,7,0,0,0,0,300,1
6546,198,15,0,0,0,0,300,1
6546,199,18,0,0,0,0,300,1
6546,200,7,0,0,0,0,300,1
6547,198,15,0,0,0,0,300,1
6547,199,18,0,0,0,0,300,1
6547,200,7,0,0,0,0,300,1
6548,200,12,0,0,0,0,300,1
6548,202,8,0,0,0,0,300,1
6549,198,15,0,0,0,0,300,1
6549,199,18,0,0,0,0,300,1
6549,200,7,0,0,0,0,300,1
6550,200,12,0,0,0,0,300,1
6550,202,8,0,0,0,0,300,1
6551,200,12,0,0,0,0,300,1
6551,202,8,0,0,0,0,300,1
6553,200,12,0,0,0,0,300,1
6553,201,8,0,0,0,0,300,1
6553,203,4,0,0,0,0,300,1
6554,201,12,0,0,0,0,300,1
6554,202,8,0,0,0,0,300,1
6554,203,4,0,0,0,0,300,1
6555,201,12,0,0,0,0,300,1
6555,202,8,0,0,0,0,300,1
6555,203,4,0,0,0,0,300,1
6556,201,12,0,0,0,0,300,1
6556,202,8,0,0,0,0,300,1
6556,203,4,0,0,0,0,300,1
6557,201,12,0,0,0,0,300,1
6557,202,8,0,0,0,0,300,1
6557,203,4,0,0,0,0,300,1
6558,201,12,0,0,0,0,300,1
6558,202,8,0,0,0,0,300,1
6558,203,4,0,0,0,0,300,1
6562,198,15,0,0,0,0,300,1
6562,199,18,0,0,0,0,300,1
6562,200,7,0,0,0,0,300,1
6563,198,10,0,0,0,0,300,1
6563,199,10,0,0,0,0,300,1
6564,200,12,0,0,0,0,300,1
6564,202,8,0,0,0,0,300,1
6565,198,15,0,0,0,0,300,1
6565,199,18,0,0,0,0,300,1
6565,200,7,0,0,0,0,300,1
6566,198,15,0,0,0,0,300,1
6566,199,18,0,0,0,0,300,1
6566,200,7,0,0,0,0,300,1
6567,198,15,0,0,0,0,300,1
6567,199,18,0,0,0,0,300,1
6567,200,7,0,0,0,0,300,1
6568,200,12,0,0,0,0,300,1
6568,202,8,0,0,0,0,300,1
6569,198,15,0,0,0,0,300,1
6569,199,18,0,0,0,0,300,1
6569,200,7,0,0,0,0,300,1
6570,200,12,0,0,0,0,300,1
6570,202,8,0,0,0,0,300,1
6571,200,12,0,0,0,0,300,1
6571,202,8,0,0,0,0,300,1
6573,200,12,0,0,0,0,300,1
6573,201,8,0,0,0,0,300,1
6573,203,4,0,0,0,0,300,1
6574,201,12,0,0,0,0,300,1
6574,202,8,0,0,0,0,300,1
6574,203,4,0,0,0,0,300,1
6575,201,12,0,0,0,0,300,1
6575,202,8,0,0,0,0,300,1
6575,203,4,0,0,0,0,300,1
6576,201,12,0,0,0,0,300,1
6576,202,8,0,0,0,0,300,1
6576,203,4,0,0,0,0,300,1
6577,201,12,0,0,0,0,300,1
6577,202,8,0,0,0,0,300,1
6577,203,4,0,0,0,0,300,1
6578,201,12,0,0,0,0,300,1
6578,202,8,0,0,0,0,300,1
6578,203,4,0,0,0,0,300,1
6582,198,15,0,0,0,0,300,1
6582,199,18,0,0,0,0,300,1
6582,200,7,0,0,0,0,300,1
6583,198,10,0,0,0,0,300,1
6583,199,10,0,0,0,0,300,1
6584,200,12,0,0,0,0,300,1
6584,202,8,0,0,0,0,300,1
6585,198,15,0,0,0,0,300,1
6585,199,18,0,0,0,0,300,1
6585,200,7,0,0,0,0,300,1
6586,198,15,0,0,0,0,300,1
6586,199,18,0,0,0,0,300,1
6586,200,7,0,0,0,0,300,1
6587,198,15,0,0,0,0,300,1
6587,199,18,0,0,0,0,300,1
6587,200,7,0,0,0,0,300,1
6588,200,12,0,0,0,0,300,1
6588,202,8,0,0,0,0,300,1
6589,198,15,0,0,0,0,300,1
6589,199,18,0,0,0,0,300,1
6589,200,7,0,0,0,0,300,1
6590,200,12,0,0,0,0,300,1
6590,202,8,0,0,0,0,300,1
6591,200,12,0,0,0,0,300,1
6591,202,8,0,0,0,0,300,1
6593,200,12,0,0,0,0,300,1
6593,201,8,0,0,0,0,300,1
6593,203,4,0,0,0,0,300,1
6594,201,12,0,0,0,0,300,1
6594,202,8,0,0,0,0,300,1
6594,203,4,0,0,0,0,300,1
6595,201,12,0,0,0,0,300,1
6595,202,8,0,0,0,0,300,1
6595,203,4,0,0,0,0,300,1
6596,201,12,0,0,0,0,300,1
6596,202,8,0,0,0,0,300,1
6596,203,4,0,0,0,0,300,1
6597,201,12,0,0,0,0,300,1
6597,202,8,0,0,0,0,300,1
6597,203,4,0,0,0,0,300,1
6598,201,12,0,0,0,0,300,1
6598,202,8,0,0,0,0,300,1
6598,203,4,0,0,0,0,300,1
