MobId,Identifier,Description,MobLook,MobLookColor,Vita,Exp,Level,Might,Grace,Will,MinDmg,MaxDmg,MobMoveTime,MobBehavior,MobIsBoss,MobProtection,MobHit,MobArmor,Sources
0,test,test,0,0,0,0,0,0,0,0,0,0,2000,0,0,0,0,0,
1,rabbit,Rabbit,125,11,10,5,1,0,0,0,1,1,3000,0,0,0,0,100,MobLook=live-obs-brian;MobArmor=rtk-db-restored;live-verified-spark
2,squirrel,Squirrel,25,9,18,10,2,0,0,0,1,3,3000,0,0,0,0,100,
3,deer,Deer,89,5,300,50,5,0,5,5,6,10,3000,0,0,0,0,80,MobArmor=rtk-db-restored;live-verified-spark
4,doe,Doe,88,5,300,50,5,0,5,5,5,8,3000,0,0,0,0,80,MobArmor=rtk-db-restored;live-verified-spark
5,plain_monkey,Plain monkey,126,5,4400,7000,32,0,32,32,40,100,2000,1,0,0,32,70,
6,white_rabbit,White Rabbit,125,29,10,5,1,0,0,0,1,1,2000,0,0,0,0,100,MobLook=live-2026-07-26-wrabbit
7,blue_rooster,Blue rooster,28,24,3750000,0,1,0,0,0,0,0,500,0,0,0,0,-5,
8,horse,Horse,17,35,1000,640,25,0,25,25,15,30,2000,0,0,0,0,40,
9,wolf,Wolf,23,10,1200,640,30,0,30,30,10,45,2000,0,0,0,0,45,
10,rat,Rat,91,10,100,25,1,0,0,0,2,5,2000,0,0,0,0,90,
11,cat,Cat,182,30,400,90,15,0,15,15,7,11,2000,0,0,0,0,80,MobArmor=rtk-db-restored;live-verified-spark
12,sly_monkey,Sly monkey,126,7,7150,16000,32,0,32,32,75,140,2000,1,0,0,32,75,Vita=rtk-db-restored(un-div5)
13,spry_monkey,Spry monkey,126,16,10000,20000,32,0,32,32,80,150,2000,1,0,0,32,60,Vita=rtk-db-restored(un-div5)
14,ugly_monkey,Ugly monkey,127,24,10750,23000,32,0,32,32,100,220,2000,1,0,0,32,70,Vita=rtk-db-restored(un-div5)
15,mythic_mouse,Mythic mouse,120,13,12150,35000,53,0,53,53,115,175,2000,1,0,1,53,-10,Vita=rtk-db-restored(un-div5)
16,vile_rat,Vile rat,90,10,17750,100000,53,0,53,53,180,300,2000,1,0,1,53,-10,Vita=rtk-db-restored(un-div5)
17,blood_rat,Blood rat,91,31,24000,145000,53,0,53,53,200,375,2000,1,0,2,53,-20,Vita=rtk-db-restored(un-div5)
18,killer_rat,Killer rat,90,21,24750,190000,53,0,53,53,225,350,2000,1,0,2,53,-20,Vita=rtk-db-restored(un-div5)
19,large_bull,Large bull,27,3,33650,205000,67,0,67,67,550,850,2000,1,0,2,47,-20,Vita=rtk-db-restored(un-div5)
20,raging_bull,Raging bull,27,31,53450,320000,67,0,67,67,500,800,2000,1,0,2,57,-25,Vita=rtk-db-restored(un-div5)
21,charging_ox,Charging ox,152,30,49750,440000,67,0,67,67,600,900,2000,1,0,2,67,-20,Vita=rtk-db-restored(un-div5)
22,stubborn_piglet,Stubborn piglet,20,1,41600,240000,74,0,74,74,700,900,2000,1,0,3,74,-30,Vita=rtk-db-restored(un-div5)
23,stubborn_pig,Stubborn pig,19,6,59850,290000,74,0,74,74,800,1000,2000,1,0,3,74,-30,Vita=rtk-db-restored(un-div5)
24,fat_pig,Fat pig,122,13,95700,480000,74,0,74,74,850,1250,2000,1,0,4,74,-40,Vita=rtk-db-restored(un-div5)
25,stubborn_warthog,Stubborn warthog,153,12,62650,530000,74,0,74,74,900,1300,2000,1,0,5,74,-50,Vita=rtk-db-restored(un-div5)
26,fierce_dog,Fierce dog,18,11,4850,15000,39,0,39,39,125,200,1250,1,0,0,39,7,Vita=rtk-db-restored(un-div5)
27,fighting_dog,Fighting dog,95,28,9250,32000,39,0,39,39,125,200,1250,1,0,0,39,0,Vita=rtk-db-restored(un-div5)
28,mad_dog,Mad dog,95,30,11250,40000,39,0,39,39,140,215,1250,1,0,0,75,-5,Vita=rtk-db-restored(un-div5)
29,pale_dog,Pale dog,18,13,24700,75000,39,0,39,39,210,350,1250,1,0,0,39,0,Vita=rtk-db-restored(un-div5)
30,black_chick,Black chick,121,28,9000,30000,46,0,46,46,150,225,2000,1,0,0,6,0,Vita=rtk-db-restored(un-div5)
31,wild_chicken,Wild chicken,28,29,13500,48000,46,0,46,46,200,310,2000,1,0,0,16,0,Vita=rtk-db-restored(un-div5)
32,wild_rooster,Wild rooster,124,29,19250,71000,46,0,46,46,240,350,2000,1,0,0,46,-5,Vita=rtk-db-restored(un-div5)
33,radiant_chick,Radiant chick,121,24,11750,80000,46,0,46,46,240,350,2000,1,0,1,36,-15,Vita=rtk-db-restored(un-div5)
34,plain_snake,Plain snake,26,5,46000,400000,81,0,81,81,1100,1300,2000,1,0,3,81,-40,Vita=rtk-db-restored(un-div5)
35,blood_snake,Blood snake,184,31,48000,580000,81,0,81,81,1200,1400,2000,1,0,3,81,-45,Vita=rtk-db-restored(un-div5)
36,radiant_snake,Radiant snake,33,17,61000,600000,81,0,81,81,1200,1400,2000,1,0,3,81,-45,Vita=rtk-db-restored(un-div5)
37,fire_snake,Fire snake,184,25,75000,710000,81,0,81,81,1500,2100,2000,1,0,3,81,-40,Vita=rtk-db-restored(un-div5)
38,wild_horse,Wild horse,17,21,29250,170000,60,0,60,60,350,450,2000,1,0,1,60,-15,Vita=rtk-db-restored(un-div5)
39,skilled_horse,Skilled horse,17,12,37800,220000,60,0,60,60,400,600,2000,1,0,2,60,-20,Vita=rtk-db-restored(un-div5)
40,elite_horse,Elite horse,17,21,52750,280000,60,0,60,60,400,600,2000,1,0,3,60,-30,Vita=rtk-db-restored(un-div5)
41,horse_guardsman,Horse guardsman,134,11,53750,340000,60,0,60,60,550,750,2000,1,0,2,60,-20,Vita=rtk-db-restored(un-div5)
42,mountain_wolf,Mountain wolf,23,10,325,60,10,0,10,10,5,9,2000,0,0,0,10,80,Vita=rtk-db-restored(un-div5)
43,drake,Drake,108,22,99250,1350000,99,0,99,99,5500,6500,1000,1,0,3,75,-55,Vita=rtk-db-restored(un-div5)
44,dragon_hatchling,Dragon hatchling,108,20,113500,1450000,99,0,99,99,2500,3500,1000,1,0,3,75,-57,Vita=rtk-db-restored(un-div5)
45,young_dragon,Young dragon,108,30,115750,1600000,99,0,99,99,3900,4900,1000,1,0,3,75,-57,Vita=rtk-db-restored(un-div5)
46,fierce_sheep,Fierce Sheep,173,4,45750,590000,88,0,88,88,1300,1500,3000,1,0,3,88,-45,Vita=rtk-db-restored(un-div5)
47,ugly_sheep,Ugly Sheep,173,23,85000,840000,88,0,88,88,1400,1600,3000,1,0,3,88,-50,Vita=rtk-db-restored(un-div5)
48,ice_beast,Ice Beast,158,24,10000,0,20,0,0,0,300,300,2000,1,0,0,75,0,Vita=rtk-db-restored(un-div5)
49,mouse,Mouse,90,10,55,25,5,0,0,0,2,3,2000,0,0,0,0,95,Vita=rtk-db-restored(un-div5)
50,white_rat,White rat,91,11,110,25,5,0,5,5,2,5,2000,1,0,0,5,90,Vita=rtk-db-restored(un-div5)
51,centipede,Centipede,32,5,30,30,1,0,0,0,5,10,2000,1,0,0,0,0,Vita=rtk-db-restored(un-div5)
52,fierce_mouse,Fierce mouse,90,23,500,100,6,0,6,6,5,8,2000,1,0,0,6,85,Vita=rtk-db-restored(un-div5)
53,bat,Bat,105,10,750,150,6,0,0,0,5,8,2000,1,0,0,6,65,Vita=rtk-db-restored(un-div5)
54,big_bat,Big bat,105,12,2450,500,6,0,6,6,8,12,2000,1,0,0,6,75,Vita=rtk-db-restored(un-div5)
55,big_rat,Big rat,91,10,2450,500,6,0,6,6,8,12,2000,1,0,0,6,80,Vita=rtk-db-restored(un-div5)
56,museum_silver_squirrel,Silver squirrel,25,29,0,0,1,0,0,0,0,0,2000,0,0,0,0,0,
57,museum_golden_rabbit,Golden rabbit,125,30,0,0,1,0,0,0,0,0,2000,0,0,0,0,0,
58,museum_fiery_leach,Fiery leach,114,16,0,0,1,0,0,0,0,0,2000,0,0,0,0,0,
59,museum_sonhi_spearman,Sonhi spearman,0,21,0,0,1,0,0,0,0,0,2000,0,0,0,0,0,
60,museum_sonhi_shaman,Sonhi shaman,47,21,0,0,1,0,0,0,0,0,2000,0,0,0,0,0,
61,museum_sonhi_spirit,Sonhi spirit,167,7,0,0,1,0,0,0,0,0,2000,0,0,0,0,0,
62,museum_marsh_ogre,Marsh ogre,185,31,0,0,1,0,0,0,0,0,2000,0,0,0,0,0,
63,museum_log_ogre,Log,185,30,0,0,1,0,0,0,0,0,2000,0,0,0,0,0,
64,museum_upset_captain,Upset captain,147,0,0,0,1,0,0,0,0,0,2000,0,0,0,0,0,
65,museum_gut,Gut,160,0,0,0,1,0,0,0,0,0,2000,0,0,0,0,0,
66,museum_jujak,Ju jak,163,0,0,0,1,0,0,0,0,0,2000,0,0,0,0,0,
67,museum_baekho,Baekho,162,0,0,0,1,0,0,0,0,0,2000,0,0,0,0,0,
68,museum_hyunmoo,Hyun moo,164,0,0,0,1,0,0,0,0,0,2000,0,0,0,0,0,
69,museum_chungryong,Chung ryong,165,0,0,0,1,0,0,0,0,0,2000,0,0,0,0,0,
70,fox,Fox,22,5,1250,320,30,0,30,30,2,28,2000,0,0,0,30,40,Vita=rtk-db-restored(un-div5)
71,sheep,Sheep,173,11,2800,400,1,0,0,0,7,10,2000,0,0,0,0,70,Vita=rtk-db-restored(un-div5)
72,snake,Snake,26,0,460,80,10,0,10,10,10,15,2000,0,0,0,10,75,Vita=rtk-db-restored(un-div5)
73,black_buck,Black buck,89,10,1000,500,25,0,25,25,12,20,2000,0,0,0,25,70,Vita=rtk-db-restored(un-div5)
74,blood_wolf,Blood wolf,23,31,3000,2000,30,0,30,30,30,115,2000,0,0,0,30,5,Vita=rtk-db-restored(un-div5)
75,dark_fox,Dark fox,22,28,2275,1300,20,0,20,20,15,25,2000,1,0,0,20,20,Vita=rtk-db-restored(un-div5)
76,blood_fox,Blood fox,22,31,2450,1500,20,0,0,0,15,25,2000,1,0,0,20,12,Vita=rtk-db-restored(un-div5)
77,lava_fox,Lava fox,22,25,2275,1600,20,0,20,20,20,30,2000,1,0,0,20,5,Vita=rtk-db-restored(un-div5)
78,sun_fox,Sun fox,22,30,3450,3000,20,0,20,20,20,50,2000,1,0,0,20,5,Vita=rtk-db-restored(un-div5)
79,lightning_wolf,Lightning wolf,23,30,5475,4000,20,0,20,20,25,40,2000,1,0,0,20,10,Vita=rtk-db-restored(un-div5)
80,raven,Raven,92,0,135,250,20,0,20,20,3,7,2000,1,0,0,20,25,Vita=rtk-db-restored(un-div5)
81,nine_tailed_fox_buya,Nine-tailed fox,34,5,12250,20000,20,0,20,20,100,130,2000,1,1,1,20,-15,Vita=rtk-db-restored(un-div5)
82,nine_tailed_fox_buya2,Nine-tailed fox,34,5,12250,20000,20,0,20,20,100,130,2000,1,1,1,20,-15,Vita=rtk-db-restored(un-div5)
83,nine_tailed_fox_buya3,Nine-tailed fox,34,5,12250,20000,20,0,20,20,100,130,2000,1,1,1,20,-15,Vita=rtk-db-restored(un-div5)
84,mythic_monkey,Mythic monkey,136,0,18300,50000,50,0,50,65,150,280,1000,1,1,2,50,-25,Vita=rtk-db-restored(un-div5)
85,caterpillar,Caterpillar,183,0,100,0,1,0,0,0,0,0,2000,1,0,0,0,0,Vita=rtk-db-restored(un-div5)
86,monkey_mauler,Monkey mauler,136,20,25500,55000,50,0,50,65,220,300,1000,1,1,2,50,-25,Vita=rtk-db-restored(un-div5)
87,monkey_sentry,Monkey sentry,127,31,11400,24000,32,0,32,32,200,320,2000,1,0,1,32,-10,Vita=rtk-db-restored(un-div5)
88,sheep_veteran,Sheep veteran,135,2,336000,2600000,99,0,99,173,2100,3100,1000,1,1,7,99,-70,Vita=rtk-db-restored(un-div5)
89,mythic_sheep,Mythic sheep,135,2,316000,2000000,99,0,99,173,1600,2400,1000,1,1,6,99,-65,Vita=rtk-db-restored(un-div5)
90,pale_zombie,Pale zombie,113,11,15350,20000,36,0,36,36,50,150,2000,1,0,0,36,5,Vita=rtk-db-restored(un-div5)
91,witch,Witch,109,31,20750,55000,36,0,36,36,100,200,2000,1,0,0,36,0,Vita=rtk-db-restored(un-div5)
92,lesser_skeleton,Lesser skeleton,30,11,26650,90000,50,0,50,50,125,250,2000,1,0,1,50,-10,Vita=rtk-db-restored(un-div5)
93,witch_shaman,Witch shaman,109,30,29450,90000,36,0,36,36,50,250,2000,1,0,1,36,-10,Vita=rtk-db-restored(un-div5)
94,skeleton_ju,Skeleton ju,30,31,43000,200000,50,0,50,50,150,800,3000,1,0,2,50,-25,Vita=rtk-db-restored(un-div5)
95,skeleton_mage,Skeleton mage,30,49,52000,200000,50,0,50,50,200,500,2000,1,1,1,50,-15,Vita=rtk-db-restored(un-div5)
96,skeleton_warrior,Skeleton warrior,30,49,78000,200000,50,0,50,50,250,550,2000,1,1,1,50,-15,Vita=rtk-db-restored(un-div5)
97,giant_centipede,Giant centipede,32,11,1320,600,6,0,6,6,18,45,2000,1,0,0,6,75,Vita=rtk-db-restored(un-div5)
98,large_centipede,Large centipede,32,12,110,30,5,0,5,5,2,5,2000,1,0,0,5,85,Vita=rtk-db-restored(un-div5)
99,carrion_raven,Carrion raven,92,0,2400,3500,42,0,42,42,30,75,2000,1,0,1,42,-15,Vita=rtk-db-restored(un-div5)
100,giant_spider,Giant spider,97,14,16600,45000,42,0,42,42,100,250,2000,1,0,0,42,0,Vita=rtk-db-restored(un-div5)
101,giant_scorpion,Giant scorpion,171,4,22800,65000,42,0,42,42,150,300,2000,1,0,0,42,-5,Vita=rtk-db-restored(un-div5)
102,trapdoor_spider,Trapdoor spider,97,5,18000,76000,42,0,42,42,100,225,2000,1,0,0,42,0,Vita=rtk-db-restored(un-div5)
103,radiant_spider,Radiant spider,97,24,25400,100000,42,0,42,42,125,275,2000,1,0,0,42,0,Vita=rtk-db-restored(un-div5)
104,pale_scorpion,Pale scorpion,171,11,36000,155000,42,0,42,42,450,675,2000,1,0,1,42,-10,Vita=rtk-db-restored(un-div5)
105,massive_scorpion,Massive scorpion,171,10,550000,260000,55,0,0,0,450,800,2000,1,0,0,50,0,Vita=rtk-db-restored(un-div5)
106,sheep_sentry,Sheep sentry,135,31,203000,1200000,88,0,88,88,2100,3100,2000,1,0,5,88,-70,Vita=rtk-db-restored(un-div5)
107,wild_piglet,Wild piglet,20,3,1200,550,17,0,17,17,7,16,2000,1,0,0,17,50,Vita=rtk-db-restored(un-div5)
108,worm,Worm,183,3,1250,550,17,0,17,17,8,18,2000,0,0,0,17,50,Vita=rtk-db-restored(un-div5)
109,wild_pig,Wild pig,19,3,2350,900,17,0,17,17,7,14,2000,0,0,0,17,40,Vita=rtk-db-restored(un-div5)
110,mud_snake,Mud snake,184,2,2650,1000,17,0,17,17,7,14,2000,1,0,0,17,45,Vita=rtk-db-restored(un-div5)
111,fire_worm,Fire worm,183,20,4550,2500,17,0,17,17,15,22,2000,0,0,0,17,30,Vita=rtk-db-restored(un-div5)
112,mud_bull,Mud bull,27,3,6800,5800,17,0,17,17,55,80,2000,1,0,0,17,25,Vita=rtk-db-restored(un-div5)
113,earth_snake,Earth snake,184,5,6250,8000,17,0,17,17,30,80,2000,1,0,0,17,15,Vita=rtk-db-restored(un-div5)
114,warthog,Warthog,153,2,9500,8200,17,0,17,17,45,75,2000,1,0,0,17,10,Vita=rtk-db-restored(un-div5)
115,albino_buck,Albino buck,89,11,5450,1200,9,0,9,9,30,40,2000,1,0,0,9,45,Vita=rtk-db-restored(un-div5)
116,hare,Hare,21,37,500,80,9,0,9,9,5,7,2000,1,0,0,9,70,Vita=rtk-db-restored(un-div5)
117,terrified_chicken,Terrified chicken,28,7,1150,900,20,0,20,20,10,20,2000,0,0,0,20,5,Vita=rtk-db-restored(un-div5)
118,nine_tailed_fox_kugnae,Nine-tailed fox,34,5,12250,20000,20,0,20,20,100,130,2000,1,1,1,20,-15,Vita=rtk-db-restored(un-div5)
119,strange_thing,Strange thing,192,0,128000,1000000,60,0,60,60,600,960,2000,0,0,0,60,50,Vita=rtk-db-restored(un-div5)
120,ox_gorer,Ox gorer,129,20,152000,850000,99,0,99,163,1000,2000,1000,1,1,5,99,-55,Vita=rtk-db-restored(un-div5)
121,mythic_ox,Mythic ox,129,2,102000,825000,99,0,99,163,900,1800,1000,1,1,4,99,-45,Vita=rtk-db-restored(un-div5)
122,ox_sentry,Ox sentry,129,31,84650,450000,99,0,99,99,950,1900,2000,1,0,5,99,-55,Vita=rtk-db-restored(un-div5)
123,boar_sentry,Boar sentry,139,0,146000,580000,74,0,74,74,1600,2400,2000,1,0,5,74,-60,Vita=rtk-db-restored(un-div5)
124,mythic_boar,Mythic boar,139,2,200000,1100000,99,0,99,163,1400,2200,1000,1,1,5,99,-55,Vita=rtk-db-restored(un-div5)
125,boar_champion,Boar champion,139,20,238000,1300000,99,0,99,163,1500,2600,1000,1,1,6,99,-60,Vita=rtk-db-restored(un-div5)
126,blissful_bird,Blissful bird,58,0,500,250,9,0,9,9,5,7,2000,1,0,0,9,30,Vita=rtk-db-restored(un-div5)
127,dark_wolf,Dark wolf,23,10,2250,290,9,0,9,9,5,7,2000,1,0,0,9,70,Vita=rtk-db-restored(un-div5)
128,large_hare,Large hare,21,37,975,300,9,0,9,9,6,12,2000,1,0,0,9,65,Vita=rtk-db-restored(un-div5)
129,ravenous_bird,Ravenous bird,58,0,975,400,9,0,9,9,10,15,2000,1,0,0,9,30,Vita=rtk-db-restored(un-div5)
130,red_hare,Red hare,21,19,1280,400,9,0,9,9,7,10,2000,1,0,0,9,60,Vita=rtk-db-restored(un-div5)
131,giant_mantis,Giant mantis,98,8,4200,1200,9,0,9,9,20,40,2000,1,0,0,9,35,Vita=rtk-db-restored(un-div5)
132,blood_mantis,Blood mantis,98,31,6150,2000,9,0,9,9,25,50,2000,1,0,0,9,25,Vita=rtk-db-restored(un-div5)
133,lesser_ghost,Lesser ghost,167,11,20750,55000,36,0,36,36,100,200,2000,1,0,0,36,0,Vita=rtk-db-restored(un-div5)
134,wicked_ghost,Wicked ghost,167,12,29450,90000,36,0,36,36,50,250,2000,1,0,1,36,-10,Vita=rtk-db-restored(un-div5)
135,dark_buck,Dark buck,89,10,1800,300,9,0,9,9,10,12,2000,1,0,0,9,80,Vita=rtk-db-restored(un-div5)
136,dark_deer,Dark deer,88,10,1800,300,9,0,9,9,6,10,3000,0,0,0,9,70,Vita=rtk-db-restored(un-div5)
137,blood_tick,Blood tick,97,31,3200,2000,9,0,9,9,15,20,2000,1,0,0,9,15,Vita=rtk-db-restored(un-div5)
138,horse_sentry,Horse sentry,134,31,68500,350000,60,0,60,60,700,1400,2000,1,0,5,60,-50,Vita=rtk-db-restored(un-div5)
139,horse_do,Horse do,134,20,149750,750000,99,0,99,163,800,1800,1000,1,1,5,99,-50,Vita=rtk-db-restored(un-div5)
140,mythic_horse,Mythic horse,134,2,98500,570000,99,0,99,163,800,1600,1000,1,1,4,99,-45,Vita=rtk-db-restored(un-div5)
141,yachi,Yachi,111,2,5400,14000,28,0,28,28,35,115,2000,1,0,0,28,0,Vita=rtk-db-restored(un-div5)
142,seki,Seki,111,12,10400,16500,28,0,28,28,65,175,2000,1,0,0,28,0,Vita=rtk-db-restored(un-div5)
143,li,Li,115,8,12800,34000,28,0,28,28,75,375,2000,1,0,0,28,0,Vita=rtk-db-restored(un-div5)
144,sute,Sute,110,17,17000,40000,28,0,28,28,125,300,2000,1,0,1,28,-10,Vita=rtk-db-restored(un-div5)
145,dog_sentry,Dog sentry,138,31,14800,90000,39,0,39,39,250,350,1000,1,0,2,39,-20,Vita=rtk-db-restored(un-div5)
146,mythic_dog,Mythic dog,138,2,22800,140000,64,0,64,89,200,350,1000,1,1,2,64,-20,Vita=rtk-db-restored(un-div5)
147,dog_assassin,Dog assassin,138,20,30500,165000,64,0,64,89,250,400,1000,1,1,2,64,-20,Vita=rtk-db-restored(un-div5)
148,rat_sentry,Rat sentry,128,31,52200,200000,53,0,53,53,350,750,2000,1,0,3,53,-30,Vita=rtk-db-restored(un-div5)
149,northern_ogre,Northern ogre,99,11,72000,520000,84,0,84,84,700,1500,2000,1,0,3,84,-60,Vita=rtk-db-restored(un-div5)
150,frost_ogre,Frost ogre,99,2,91000,640000,84,0,84,84,1000,2000,2000,1,0,3,84,-65,Vita=rtk-db-restored(un-div5)
151,ice_panther,Ice panther,166,11,44000,700000,84,0,84,84,400,600,2000,1,0,0,84,0,Vita=rtk-db-restored(un-div5)
152,ice_ogre,Ice ogre,99,19,97550,820000,84,0,84,84,1300,2040,2000,1,0,3,84,-60,Vita=rtk-db-restored(un-div5)
153,ogre_citelam,Citelam,99,31,99000,1150000,84,0,0,0,1750,2400,2000,1,0,1,84,-10,Vita=rtk-db-restored(un-div5)
154,ogre_maletic,Maletic,99,37,119000,1150000,84,0,84,84,2000,5200,2000,1,0,6,84,-60,Vita=rtk-db-restored(un-div5)
155,grim_ogre,Grim ogre,185,1,46700,200000,63,0,63,63,200,600,3000,1,0,2,63,-20,Vita=rtk-db-restored(un-div5)
156,southern_ogre,Southern ogre,185,5,54750,300000,63,0,63,63,800,1600,3000,1,0,3,63,-60,Vita=rtk-db-restored(un-div5)
157,muck_ogre,Muck ogre,185,9,77750,440000,63,0,63,63,800,1500,3000,1,0,2,63,-20,Vita=rtk-db-restored(un-div5)
158,slime_ogre,Slime ogre,185,9,76750,440000,63,0,63,63,800,1500,3000,1,0,2,63,-20,Vita=rtk-db-restored(un-div5)
159,log_ogre,Log,185,30,97300,800000,63,0,63,63,800,2460,3000,1,0,1,63,-10,Vita=rtk-db-restored(un-div5)
160,hill_ogre,Hill ogre,185,44,236000,1600000,91,0,91,91,1640,4920,3000,1,0,3,91,-65,Vita=rtk-db-restored(un-div5)
161,dragon_sentry,Dragon sentry,132,30,354000,2150000,99,0,99,99,3100,5000,1000,1,0,5,75,-74,Vita=rtk-db-restored(un-div5)
162,dragon_mage,Dragon mage,132,24,666000,4800000,99,0,99,173,4000,5000,1000,1,1,7,75,-70,Vita=rtk-db-restored(un-div5)
163,mythic_dragon,Mythic dragon,132,0,636000,4400000,99,0,99,173,4600,5900,1000,1,1,7,75,-74,Vita=rtk-db-restored(un-div5)
164,snake_sentry,Snake sentry,133,31,134000,800000,81,0,81,81,1900,2900,1000,1,0,5,81,-65,Vita=rtk-db-restored(un-div5)
165,white_wolf,White wolf,23,29,4450,2200,20,0,20,20,25,35,3000,1,0,0,20,20,Vita=rtk-db-restored(un-div5)
166,divine_mouse,Divine mouse,120,13,43250,500000,98,0,98,98,1100,1300,2000,1,0,4,98,-40,Vita=rtk-db-restored(un-div5)
167,mud_rat,Mud rat,90,5,66550,650000,98,0,98,98,1200,1600,2000,1,0,3,98,-40,Vita=rtk-db-restored(un-div5)
168,hunter_rat,Hunter rat,90,21,64750,700000,98,0,98,98,1200,2000,2000,1,0,3,98,-50,Vita=rtk-db-restored(un-div5)
169,lava_rat,Lava rat,91,31,68250,740000,98,0,98,98,1200,2000,2000,1,0,3,98,-50,Vita=rtk-db-restored(un-div5)
170,rat_guardian,Rat guardian,128,16,217000,1000000,99,0,99,99,2100,3100,2000,1,0,5,99,-60,Vita=rtk-db-restored(un-div5)
171,spirit_mouse,Spirit mouse,120,2,345000,2550000,99,0,99,99,5500,6500,2000,1,0,7,99,-70,Vita=rtk-db-restored(un-div5)
172,earth_rat,Earth rat,90,3,395000,3500000,99,0,99,99,6000,8000,2000,1,0,3,99,-70,Vita=rtk-db-restored(un-div5)
173,fire_rat,Fire rat,91,31,545000,4400000,99,0,99,99,6000,10000,2000,1,0,3,99,-80,Vita=rtk-db-restored(un-div5)
174,beady_eyed_stalker,Beady-eyed stalker,90,21,685000,5700000,99,0,99,99,6300,8300,2000,1,0,3,99,-80,Vita=rtk-db-restored(un-div5)
175,rat_defender,Rat defender,128,0,1750000,7000000,99,0,130,99,10500,15500,2000,1,0,5,99,-80,Vita=rtk-db-restored(un-div5)
176,mythic_rat,Mythic rat,128,2,45800,330000,78,0,78,103,350,750,1000,1,1,3,78,-30,Vita=rtk-db-restored(un-div5)
177,mighty_mouse,Mighty mouse,128,20,54800,450000,78,0,78,103,400,800,1000,1,1,3,78,-30,Vita=rtk-db-restored(un-div5)
178,divine_rat,Divine rat,128,30,285000,2100000,99,0,99,163,1200,2000,1000,1,1,6,99,-60,Vita=rtk-db-restored(un-div5)
179,rat_lord,Rat lord,128,21,318000,2200000,99,0,99,163,2000,3000,1000,1,1,6,99,-65,Vita=rtk-db-restored(un-div5)
180,spirit_rat,Spirit rat,128,20,2350000,14000000,99,0,130,173,8000,12000,1000,1,1,9,99,-90,Vita=rtk-db-restored(un-div5)
181,rat_avenger,Rat avenger,128,20,3350000,16000000,99,0,130,173,10000,15000,1000,1,1,9,99,-95,Vita=rtk-db-restored(un-div5)
182,leviathan,Leviathan,158,0,55000,80000,15,0,15,15,400,600,3000,0,0,0,15,-5,Vita=rtk-db-restored(un-div5)
183,blights_thug,Blight\'s thug,220,16,1000,3000,1,0,0,0,0,0,2000,1,0,0,15,0,
184,captured_leviathan,Captured leviathan,158,0,1000000,0,1,0,0,0,0,0,4000,0,0,0,99,99,Vita=rtk-db-restored(un-div5)
185,green_squirrel,Green squirrel,25,0,150,500,5,0,5,5,6,26,3000,0,0,0,5,90,
186,blue_deer,Blue deer,89,17,0,3,1,0,0,0,0,0,2000,1,0,0,0,0,
187,blue_doe,Blue doe,88,17,0,3,1,0,0,0,0,0,2000,1,0,0,0,0,
188,blue_rabbit,Blue rabbit,125,17,0,3,1,0,0,0,0,0,2000,1,0,0,0,0,
189,green_deer,Green deer,89,22,0,3,1,0,0,0,0,0,2000,1,0,0,0,0,
190,green_doe,Green doe,88,22,0,3,1,0,0,0,0,0,2000,1,0,0,0,0,
191,green_rabbit,Green rabbit,125,22,0,3,1,0,0,0,0,0,2000,1,0,0,0,0,
192,orange_deer,Orange deer,89,20,0,3,1,0,0,0,0,0,2000,1,0,0,0,0,
193,orange_doe,Orange doe,88,20,0,3,1,0,0,0,0,0,2000,1,0,0,0,0,
194,orange_rabbit,Orange rabbit,125,20,0,3,1,0,0,0,0,0,2000,1,0,0,0,0,
195,red_deer,Red deer,89,31,0,3,1,0,0,0,0,0,2000,1,0,0,0,0,
196,red_doe,Red doe,88,31,0,3,1,0,0,0,0,0,2000,1,0,0,0,0,
197,red_rabbit,Red rabbit,125,31,0,3,1,0,0,0,0,0,2000,1,0,0,0,0,
198,buya_library_mob,Blind mouse,90,11,0,0,1,0,0,0,5,5,2000,1,0,0,15,0,
199,buya_library_mob,Blind rat,91,11,0,0,1,0,0,0,8,8,2000,1,0,0,15,0,
200,buya_library_mob,Blind library mouse,90,11,0,0,1,0,0,0,10,10,2000,1,0,0,15,0,
201,buya_library_mob,Blind centipede,32,11,0,0,1,0,0,0,15,15,2000,1,0,0,15,0,
202,buya_library_mob,Blind library rat,91,11,0,0,1,0,0,0,20,20,2000,1,0,0,15,0,
203,buya_library_mob,Blind mantis,98,11,0,0,1,0,0,0,25,25,2000,1,0,0,15,0,
294,restless_tiger,Restless tiger,107,5,55000,675000,95,0,95,95,1500,1800,2000,1,0,3,95,-48,Vita=rtk-db-restored(un-div5)
295,dark_tiger,Dark tiger,107,12,77000,900000,95,0,95,95,1600,2100,2000,1,0,3,95,-50,Vita=rtk-db-restored(un-div5)
296,giant_tiger,Giant tiger,29,20,88000,1170000,95,0,95,95,1750,2150,2000,1,0,3,95,-50,Vita=rtk-db-restored(un-div5)
297,golden_tiger,Golden tiger,29,30,66650,810000,95,0,95,95,1400,1600,2000,1,0,3,95,-50,Vita=rtk-db-restored(un-div5)
298,yin_mouse,Yin mouse,90,11,1000000000,0,1,0,0,0,0,0,2000,0,0,0,0,0,Vita=rtk-db-restored(un-div5)
299,yang_mouse,Yang mouse,90,10,1000000000,0,1,0,0,0,0,0,2000,0,0,0,0,0,Vita=rtk-db-restored(un-div5)
300,void_mouse,Void mouse,90,10,1000000000,0,1,0,0,0,0,0,2000,0,0,0,0,0,Vita=rtk-db-restored(un-div5)
301,magic_rabbit,Magic rabbit,125,25,50,5,1,0,0,0,0,0,2000,0,0,0,0,-100,Vita=rtk-db-restored(un-div5)
302,evil_presence,Evil presence,193,10,65535,500000,1,0,0,0,2,5,2000,1,0,0,15,0,Vita=rtk-db-restored(un-div5)
303,the_infected,The Infected,193,16,1000000000,262500,1,0,0,0,0,0,2000,0,0,0,0,-100,Vita=rtk-db-restored(un-div5)
304,dagger_assassin,Dagger assassin,100,0,50000,100,1,0,0,0,2,5,2000,1,0,0,15,0,Vita=rtk-db-restored(un-div5)
305,mercenary,Mercenary,221,0,3000,0,1,0,0,0,0,0,2000,0,0,0,0,0,Vita=rtk-db-restored(un-div5)
306,pine_fox,Pine fox,22,10,5000,0,1,0,0,0,0,0,2000,0,0,0,0,0,Vita=rtk-db-restored(un-div5)
307,pine_wolf,Pine wolf,23,10,4500,0,1,0,0,0,0,0,2000,0,0,0,0,0,Vita=rtk-db-restored(un-div5)
308,pine_raven,Pine raven,92,0,2000,0,1,0,0,0,0,0,2000,0,0,0,0,0,Vita=rtk-db-restored(un-div5)
309,cow,Cow,27,5,2000,900,1,0,0,0,0,0,2000,0,0,0,0,0,Vita=rtk-db-restored(un-div5)
310,nagnag_mercenary_1,Nagnag Mercenary,220,0,50000,1,75,0,0,0,450,500,2000,1,0,0,0,0,Vita=rtk-db-restored(un-div5)
311,nagnag_mercenary_2,Nagnag Mercenary,221,0,50000,1,75,0,0,0,450,500,2000,1,0,0,0,0,Vita=rtk-db-restored(un-div5)
312,nagnag_mercenary_3,Nagnag Mercenary,224,0,50000,1,75,0,0,0,450,500,2000,1,0,0,0,0,Vita=rtk-db-restored(un-div5)
313,strange_thing,Strange thing,192,0,127000,140000,60,0,60,60,600,960,2000,0,0,0,60,50,Vita=rtk-db-restored(un-div5)
314,crow,Crow,92,0,35,40,1,0,0,0,0,0,2000,1,0,0,2,0,Vita=rtk-db-restored(un-div5)
315,man_shik_raven,Man-shik raven,92,0,50000,500000,99,0,0,0,300,1000,2000,1,0,0,20,-10,Vita=rtk-db-restored(un-div5)
316,man_shik,Man-shik,35,10,10500000,1000000,99,99,99,99,1000000,1000000,2000,1,1,3,99,-40,Vita=rtk-db-restored(un-div5)
317,armory_mercenary_1a,Mercenary,220,3,2000,900,1,0,0,0,0,0,2000,1,0,0,0,0,Vita=rtk-db-restored(un-div5)
318,armory_mercenary_1b,Mercenary,221,3,2000,900,1,0,0,0,0,0,2000,1,0,0,0,0,Vita=rtk-db-restored(un-div5)
319,armory_mercenary_1c,Mercenary,224,3,2000,900,1,0,0,0,0,0,2000,1,0,0,0,0,Vita=rtk-db-restored(un-div5)
320,armory_mercenary_2a,Mercenary,220,33,2000,900,1,0,0,0,0,0,2000,1,0,0,0,0,Vita=rtk-db-restored(un-div5)
321,armory_mercenary_2b,Mercenary,221,33,2000,900,1,0,0,0,0,0,2000,1,0,0,0,0,Vita=rtk-db-restored(un-div5)
322,armory_mercenary_2c,Mercenary,224,33,2000,900,1,0,0,0,0,0,2000,1,0,0,0,0,Vita=rtk-db-restored(un-div5)
323,armory_mercenary_3a,Mercenary,220,34,2000,900,1,0,0,0,0,0,2000,1,0,0,0,0,Vita=rtk-db-restored(un-div5)
324,armory_mercenary_3b,Mercenary,221,34,2000,900,1,0,0,0,0,0,2000,1,0,0,0,0,Vita=rtk-db-restored(un-div5)
325,armory_mercenary_3c,Mercenary,224,34,2000,900,1,0,0,0,0,0,2000,1,0,0,0,0,Vita=rtk-db-restored(un-div5)
326,simple_monkey,Simple monkey,126,7,34000,180000,77,0,77,77,400,600,2000,1,0,1,77,-15,Vita=rtk-db-restored(un-div5)
327,quick_monkey,Quick monkey,126,3,57000,250000,77,0,77,77,440,680,2000,1,0,2,77,-20,Vita=rtk-db-restored(un-div5)
328,agile_monkey,Agile monkey,126,17,55000,350000,77,0,77,77,480,700,2000,1,0,2,77,-25,Vita=rtk-db-restored(un-div5)
329,monsterous_monkey,Monsterous monkey,127,10,77000,370000,77,0,77,77,760,1100,2000,1,0,0,77,0,Vita=rtk-db-restored(un-div5)
330,monkey_guardian,Monkey guardian,127,31,108000,340000,99,0,99,99,940,1640,2000,1,0,5,99,-52,Vita=rtk-db-restored(un-div5)
331,divine_monkey,Divine monkey,136,0,128000,620000,99,0,99,163,820,1520,1000,1,1,4,0,-42,Vita=rtk-db-restored(un-div5)
332,monkey_basher,Monkey basher,136,20,172000,800000,99,0,99,163,900,1600,1000,1,1,5,99,-52,Vita=rtk-db-restored(un-div5)
333,bright_monkey,Bright monkey,126,30,50000,430000,99,0,99,99,1480,1760,2000,1,0,3,99,-50,Vita=rtk-db-restored(un-div5)
334,fast_monkey,Fast monkey,126,19,69375,600000,99,0,99,99,1580,1860,2000,1,0,3,75,-50,Vita=rtk-db-restored(un-div5)
335,spunky_monkey,Spunky monkey,126,20,78950,630000,99,0,99,99,1720,2000,2000,1,0,3,99,-55,Vita=rtk-db-restored(un-div5)
336,diamond_monkey,Diamond monkey,127,2,101000,900000,99,0,99,99,1900,2900,2000,1,0,3,99,-95,Vita=rtk-db-restored(un-div5)
337,monkey_defender,Monkey defender,127,31,218750,1170000,99,0,130,173,2000,3240,2000,1,0,5,99,-70,Vita=rtk-db-restored(un-div5)
338,spirit_monkey,Spirit monkey,136,0,304000,2800000,99,0,130,173,2000,3000,1000,1,1,7,99,-70,Vita=rtk-db-restored(un-div5)
339,monkey_avenger,Monkey avenger,136,20,432000,3000000,99,0,130,173,2100,3300,1000,1,1,7,99,-70,Vita=rtk-db-restored(un-div5)
340,mythic_tiger,Mythic tiger,130,2,315000,3000000,99,0,130,173,1800,2700,1000,1,1,6,99,-68,Vita=rtk-db-restored(un-div5)
341,tiger_warrior,Tiger warrior,130,2,420000,3000000,99,0,130,173,2300,3100,1000,1,1,7,99,-72,Vita=rtk-db-restored(un-div5)
342,raging_tiger,Raging tiger,107,5,450000,5400000,99,0,99,99,7500,9000,2000,1,0,3,99,-70,Vita=rtk-db-restored(un-div5)
343,black_tiger,Black tiger,29,10,500000,7200000,99,0,99,99,7000,8000,2000,1,0,3,99,-72,Vita=rtk-db-restored(un-div5)
344,huge_tiger,Huge tiger,29,20,500000,9000000,99,0,99,99,8000,10500,2000,1,0,3,99,-72,Vita=rtk-db-restored(un-div5)
345,divine_tiger,Divine tiger,130,30,1181250,20000000,99,0,130,173,9000,13500,1000,1,1,9,99,-90,Vita=rtk-db-restored(un-div5)
346,tiger_slasher,Tiger slasher,130,3,1575000,22000000,99,0,130,173,11500,15500,1000,1,1,9,99,-92,Vita=rtk-db-restored(un-div5)
347,brazen,Brazen,107,31,1350000,8650000,99,0,99,99,37500,45000,2000,1,0,3,99,-85,Vita=rtk-db-restored(un-div5)
348,knap,Knap,107,7,1500000,9900000,99,0,99,99,35000,45000,2000,1,0,3,99,-87,Vita=rtk-db-restored(un-div5)
349,crazy_claw,Crazy claw,29,20,1400000,9900000,99,0,99,99,40000,52500,2000,1,0,3,99,-87,Vita=rtk-db-restored(un-div5)
350,spirit_tiger,Spirit tiger,130,30,7087500,35000000,99,0,130,173,45000,67500,1000,1,1,9,99,-92,Vita=rtk-db-restored(un-div5)
351,tiger_avenger,Tiger avenger,130,30,9450000,35000000,99,0,130,173,57500,77500,1000,1,1,9,99,-95,Vita=rtk-db-restored(un-div5)
352,stout_piglet,Stout piglet,20,0,200000,1350000,99,0,99,99,3580,5380,2000,1,0,3,99,-60,Vita=rtk-db-restored(un-div5)
353,stout_pig,Stout pig,19,11,232000,1700000,99,0,99,99,3500,6980,2000,1,0,3,99,-65,Vita=rtk-db-restored(un-div5)
354,obese_pig,Obese pig,122,1,232000,2000000,99,0,99,99,3660,10980,2000,1,0,3,99,-65,Vita=rtk-db-restored(un-div5)
355,stout_warthog,Stout warthog,153,7,347000,2700000,99,0,99,99,3900,10300,2000,1,0,3,99,-70,Vita=rtk-db-restored(un-div5)
356,pig_guardian,Pig guardian,139,16,818000,4500000,99,0,99,99,3100,12420,2000,1,0,5,99,-78,Vita=rtk-db-restored(un-div5)
357,divine_pig,Divine pig,139,30,1115000,10000000,99,0,130,173,10600,21800,1000,1,1,7,99,-75,Vita=rtk-db-restored(un-div5)
358,pig_champion,Pig champion,139,53,1410000,12000000,99,0,130,173,10800,22200,1000,1,1,7,99,-78,Vita=rtk-db-restored(un-div5)
359,bold_piglet,Bold piglet,20,51,915000,6900000,99,0,99,99,11635,20175,2000,1,0,3,99,-80,Vita=rtk-db-restored(un-div5)
360,bold_pig,Bold pig,19,12,835000,7100000,99,0,99,99,11375,26175,2000,1,0,3,99,-85,Vita=rtk-db-restored(un-div5)
361,bold_hog,Bold hog,122,13,1175000,7300000,99,0,99,99,11895,41175,2000,1,0,3,99,-85,Vita=rtk-db-restored(un-div5)
362,bold_boar,Bold boar,153,12,985000,7500000,99,0,99,99,12675,38625,2000,1,0,3,99,-85,Vita=rtk-db-restored(un-div5)
363,boar_defender,Boar defender,139,0,3681000,9450000,99,0,130,99,10075,46575,2000,1,0,5,99,-90,Vita=rtk-db-restored(un-div5)
364,spirit_pig,Spirit pig,139,20,4181250,28000000,99,0,130,173,34450,81750,1000,1,1,8,99,-85,Vita=rtk-db-restored(un-div5)
365,pig_avenger,Pig avenger,139,20,6675000,30000000,99,0,130,173,35100,83250,1000,1,1,9,99,-90,Vita=rtk-db-restored(un-div5)
366,giant_bull,Giant bull,27,31,120000,1450000,99,0,99,99,2600,3600,2000,1,0,3,79,-57,Vita=rtk-db-restored(un-div5)
367,rampaging_bull,Rampaging bull,27,30,182000,1700000,99,0,99,99,2500,4600,2000,1,0,3,89,-60,Vita=rtk-db-restored(un-div5)
368,angry_ox,Angry ox,152,5,215000,2000000,99,0,99,99,3000,5500,2000,1,0,3,99,-60,Vita=rtk-db-restored(un-div5)
369,ox_guardian,Ox guardian,129,31,454000,2700000,99,0,99,99,4000,6000,2000,1,0,5,99,-76,Vita=rtk-db-restored(un-div5)
370,divine_ox,Divine ox,129,30,608000,5000000,99,0,130,173,5000,7000,1000,1,1,7,99,-72,Vita=rtk-db-restored(un-div5)
371,ox_charger,Ox charger,129,21,804000,5600000,99,0,130,173,6100,8000,1000,1,1,7,99,-76,Vita=rtk-db-restored(un-div5)
372,great_horns,Great horns,27,3,840000,6300000,99,0,99,99,15600,21600,2000,1,0,3,89,-72,Vita=rtk-db-restored(un-div5)
373,pale_hunger,Pale hunger,27,4,885000,6550000,99,0,99,99,15000,27600,2000,1,0,3,99,-75,Vita=rtk-db-restored(un-div5)
374,tough_fight,Tough fight,152,6,1245000,6800000,99,0,99,99,18000,33000,2000,1,0,3,99,-75,Vita=rtk-db-restored(un-div5)
375,ox_defender,Ox defender,129,31,2724000,7800000,99,0,130,99,24000,36000,2000,1,0,5,99,-85,Vita=rtk-db-restored(un-div5)
376,spirit_ox,Spirit ox,129,20,3648000,22000000,99,0,130,173,30000,42000,1000,1,1,8,99,-85,Vita=rtk-db-restored(un-div5)
377,ox_avenger,Ox avenger,129,20,4824000,25000000,99,0,130,173,36600,48000,1000,1,1,8,99,-85,Vita=rtk-db-restored(un-div5)
378,spirited_horse,Spirited horse,17,10,57000,610000,99,0,99,99,1400,1800,2000,1,0,3,99,-47,Vita=rtk-db-restored(un-div5)
379,horse_swordsman,Horse swordsman,134,11,71000,760000,99,0,99,99,1240,1640,2000,1,0,3,99,-50,Vita=rtk-db-restored(un-div5)
380,diamond_horse,Diamond horse,17,11,84000,880000,99,0,99,99,1500,1900,2000,1,0,3,99,-47,Vita=rtk-db-restored(un-div5)
381,golden_horse,Golden horse,17,30,86000,900000,99,0,99,99,1500,1900,2000,1,0,3,99,-50,Vita=rtk-db-restored(un-div5)
382,horse_guardian,Horse guardian,134,16,177000,1200000,99,0,99,99,2220,2740,2000,1,0,5,99,-70,Vita=rtk-db-restored(un-div5)
383,divine_horse,Divine horse,134,30,318000,2800000,99,0,99,173,2200,2700,1000,1,1,6,99,-65,Vita=rtk-db-restored(un-div5)
384,horse_chongun,Horse chongun,134,21,324000,3200000,99,0,99,173,2300,3000,1000,1,1,7,99,-70,Vita=rtk-db-restored(un-div5)
385,wooden_horse,Wooden horse,17,5,545000,3800000,99,0,99,99,11200,14400,2000,1,0,3,99,-75,Vita=rtk-db-restored(un-div5)
386,lake_winny,Lake winny,17,19,863000,5900000,99,0,99,99,12000,15200,2000,1,0,3,99,-75,Vita=rtk-db-restored(un-div5)
387,fire_snorter,Fire snorter,17,31,810000,6300000,99,0,99,99,12000,15200,2000,1,0,3,99,-70,Vita=rtk-db-restored(un-div5)
388,hooves,Hooves,134,15,1065000,6600000,99,0,99,99,9920,13120,2000,1,0,3,99,-75,Vita=rtk-db-restored(un-div5)
389,horse_defender,Horse defender,134,0,2175000,7400000,99,0,99,99,17760,21920,2000,1,0,5,99,-95,Vita=rtk-db-restored(un-div5)
390,spirit_horse,Spirit horse,134,20,3021000,15000000,99,0,130,173,17600,21600,1000,1,1,9,99,-90,Vita=rtk-db-restored(un-div5)
391,horse_avenger,Horse avenger,134,20,3078000,17000000,99,0,130,173,18400,24000,1000,1,1,9,99,-95,Vita=rtk-db-restored(un-div5)
392,black_sheep,Black sheep,173,10,450000,5900000,99,0,99,99,6500,7500,3000,1,0,3,99,-75,Vita=rtk-db-restored(un-div5)
393,red_sheep,Red sheep,173,31,400000,4300000,99,0,99,99,7000,8000,3000,1,0,3,99,-75,Vita=rtk-db-restored(un-div5)
394,sheep_guardian,Sheep guardian,135,16,812000,7200000,99,0,99,99,10500,15500,2000,1,0,5,99,-80,Vita=rtk-db-restored(un-div5)
395,divine_sheep,Divine sheep,135,31,1264000,16000000,99,0,130,173,8000,12000,1000,1,1,7,99,-75,Vita=rtk-db-restored(un-div5)
396,sheep_shepherd,Sheep shepherd,135,21,1344000,18000000,99,0,130,173,10500,15500,1000,1,1,8,99,-80,Vita=rtk-db-restored(un-div5)
397,flaming_sheep,Flaming sheep,173,31,1375000,6900000,99,0,99,99,32500,37500,3000,1,0,3,99,-75,Vita=rtk-db-restored(un-div5)
398,dark_sheep,Dark sheep,173,12,1275000,7100000,99,0,99,99,35000,40000,3000,1,0,3,99,-75,Vita=rtk-db-restored(un-div5)
399,sheep_defender,Sheep defender,135,0,4466000,9450000,99,0,130,99,52500,77500,2000,1,0,5,99,-95,Vita=rtk-db-restored(un-div5)
400,spirit_sheep,Spirit sheep,135,2,6952000,28000000,99,0,130,173,40000,60000,1000,1,1,9,99,-90,Vita=rtk-db-restored(un-div5)
401,sheep_avenger,Sheep avenger,135,2,7392000,30000000,99,0,130,173,52500,77500,1000,1,1,9,99,-95,Vita=rtk-db-restored(un-div5)
402,dog_trooper,Dog trooper,93,3,32750,250000,84,0,84,84,600,800,1250,1,0,2,84,-25,Vita=rtk-db-restored(un-div5)
403,crazed_mongrel,Crazed mongrel,95,11,47750,320000,84,0,84,84,600,850,1250,1,0,2,84,-25,Vita=rtk-db-restored(un-div5)
404,spunky_dog,Spunky dog,18,10,57250,400000,84,0,84,84,700,1110,1250,1,0,3,84,-30,Vita=rtk-db-restored(un-div5)
405,death_mongrel,Death mongrel,95,9,80250,480000,84,0,84,84,660,1040,1250,1,0,3,84,-30,Vita=rtk-db-restored(un-div5)
406,dog_guardian,Dog guardian,138,16,98500,500000,99,0,99,163,1300,2000,1000,1,0,5,84,-57,Vita=rtk-db-restored(un-div5)
407,divine_dog,Divine dog,138,30,177000,1000000,99,0,99,163,1400,2000,1000,1,1,4,84,-47,Vita=rtk-db-restored(un-div5)
408,dog_cutthroat,Dog cutthroat,138,53,236000,1100000,99,0,99,163,1500,2100,1000,1,1,5,84,-57,Vita=rtk-db-restored(un-div5)
409,spotted_mutt,Spotted mutt,93,0,157000,1250000,99,0,99,99,3000,4000,1250,1,0,3,99,-60,Vita=rtk-db-restored(un-div5)
410,frothing_mutt,Frothing mutt,95,1,195000,1500000,99,0,99,99,3000,4250,1250,1,0,3,99,-62,Vita=rtk-db-restored(un-div5)
411,killer_mongrel,Killer mongrel,18,31,224000,1600000,99,0,99,99,3500,5550,1250,1,0,3,99,-70,Vita=rtk-db-restored(un-div5)
412,wolf_kin,Wolf-kin,95,17,254000,2000000,99,0,99,99,3300,5200,1250,1,0,3,99,-70,Vita=rtk-db-restored(un-div5)
413,dog_defender,Dog defender,138,0,775000,4000000,99,0,130,173,6500,10000,1000,1,0,5,99,-97,Vita=rtk-db-restored(un-div5)
414,spirit_dog,Spirit dog,138,20,955000,8000000,99,0,130,173,7000,10000,1000,1,1,8,99,-87,Vita=rtk-db-restored(un-div5)
415,dog_avenger,Dog avenger,138,20,1205000,9000000,99,0,130,173,7500,10500,1000,1,1,9,99,-97,Vita=rtk-db-restored(un-div5)
416,ancient_drake,Ancient drake,108,22,375000,7200000,99,0,99,99,12000,15000,1000,1,0,3,75,-80,Vita=rtk-db-restored(un-div5)
417,adolescent_dragon,Adolescent dragon,108,22,500000,7200000,99,0,99,99,12500,16000,1000,1,0,3,75,-80,Vita=rtk-db-restored(un-div5)
418,mature_dragon,Mature dragon,108,20,435000,7600000,99,0,99,130,19500,24500,1000,1,0,3,75,-80,Vita=rtk-db-restored(un-div5)
419,serpentine_dragon,Serpentine dragon,186,31,545000,10800000,99,0,99,99,24375,30625,1000,1,0,3,75,-90,Vita=rtk-db-restored(un-div5)
420,dragon_guardian,Dragon guardian,186,16,1327500,8500000,99,0,99,99,15500,25000,1000,1,0,5,75,-86,Vita=rtk-db-restored(un-div5)
421,divine_dragon,Divine dragon,132,30,2385000,26000000,99,0,130,173,18400,29500,1000,1,1,9,75,-90,Vita=rtk-db-restored(un-div5)
422,dragon_slayer,Dragon slayer,132,21,2497500,26000000,99,0,130,173,20000,25000,1000,1,1,9,75,-90,Vita=rtk-db-restored(un-div5)
423,great_wyrm,Great wyrm,108,5,1575000,9900000,99,0,99,99,72000,90000,1000,1,0,3,75,-75,Vita=rtk-db-restored(un-div5)
424,mighty_wyrm,Mighty wyrm,108,30,1525000,9000000,99,0,99,99,75000,96000,1000,1,0,3,75,-75,Vita=rtk-db-restored(un-div5)
425,old_dragon,Old dragon,186,0,1725000,10800000,99,0,99,99,146250,183750,1000,1,0,3,75,-75,Vita=rtk-db-restored(un-div5)
426,dragon_defender,Dragon defender,186,0,6637500,8100000,99,0,99,99,93000,150000,1000,1,0,5,75,-95,Vita=rtk-db-restored(un-div5)
427,spirit_dragon,Spirit dragon,132,20,11925000,35000000,99,0,99,173,110400,177000,1000,1,1,9,75,-95,Vita=rtk-db-restored(un-div5)
428,dragon_avenger,Dragon avenger,132,20,12487500,35000000,99,0,99,173,120000,150000,1000,1,1,9,75,-95,Vita=rtk-db-restored(un-div5)
429,mythic_snake,Mythic snake,133,2,148000,1600000,99,0,99,163,1600,2500,1000,1,1,6,99,-60,Vita=rtk-db-restored(un-div5)
430,snake_shaman,Snake shaman,133,20,275000,1700000,99,0,99,163,2000,3000,1000,1,1,6,99,-65,Vita=rtk-db-restored(un-div5)
432,simple_snake,Simple snake,26,29,300000,2350000,99,0,99,99,4125,4875,2000,1,0,3,99,-55,Vita=rtk-db-restored(un-div5)
433,lava_snake,Lava snake,184,25,425000,3700000,99,0,99,99,4500,5250,2000,1,0,3,99,-60,Vita=rtk-db-restored(un-div5)
434,glowing_snake,Glowing snake,33,24,375000,3250000,99,0,99,99,4500,5250,2000,1,0,3,99,-60,Vita=rtk-db-restored(un-div5)
435,dark_snake,Dark snake,184,12,475000,4500000,99,0,99,99,5625,7875,2000,1,0,3,99,-55,Vita=rtk-db-restored(un-div5)
436,snake_guardian,Snake guardian,133,16,502500,6300000,99,0,99,99,7125,10875,1000,1,0,5,99,-80,Vita=rtk-db-restored(un-div5)
437,divine_snake,Divine snake,133,30,555000,12000000,99,0,130,173,6000,9375,1000,1,1,7,99,-75,Vita=rtk-db-restored(un-div5)
438,snake_mage,Snake mage,133,21,1031250,16000000,99,0,130,173,7500,11250,1000,1,1,8,99,-80,Vita=rtk-db-restored(un-div5)
439,meter_worm,Meter worm,183,1,1145000,7000000,99,0,99,99,20625,24375,2000,1,0,3,99,-75,Vita=rtk-db-restored(un-div5)
440,spasm,Spasm,184,3,1230000,8100000,99,0,99,99,22500,26250,2000,1,0,3,99,-75,Vita=rtk-db-restored(un-div5)
441,slitherly,Slitherly,33,9,1240000,7400000,99,0,99,99,22500,26250,2000,1,0,3,99,-75,Vita=rtk-db-restored(un-div5)
442,storm_snake,Storm snake,184,30,1215000,8500000,99,0,99,99,28125,39375,2000,1,0,3,99,-75,Vita=rtk-db-restored(un-div5)
443,snake_defender,Snake defender,133,0,3015000,9450000,99,0,130,99,35625,54375,1000,1,0,5,99,-95,Vita=rtk-db-restored(un-div5)
444,spirit_snake,Spirit snake,133,20,3330000,32000000,99,0,130,173,30000,46875,1000,1,1,9,99,-90,Vita=rtk-db-restored(un-div5)
445,snake_avenger,Snake avenger,133,20,6187500,35000000,99,0,130,173,37500,56250,1000,1,1,9,99,-95,Vita=rtk-db-restored(un-div5)
446,rooster_sentry,Rooster sentry,137,1,16500,70000,46,0,46,46,250,400,2000,1,0,2,46,-25,Vita=rtk-db-restored(un-div5)
447,mythic_rooster,Mythic rooster,137,2,28000,120000,71,0,71,96,225,425,1000,1,1,3,71,-30,Vita=rtk-db-restored(un-div5)
448,rooster_swordsman,Rooster swordsman,137,20,36000,150000,71,0,71,96,250,450,1000,1,1,3,71,-30,Vita=rtk-db-restored(un-div5)
449,red_chick,Red chick,121,31,38500,340000,91,0,91,91,900,1200,2000,1,0,3,51,-35,Vita=rtk-db-restored(un-div5)
450,fiery_chick,Fiery chick,121,25,46000,470000,91,0,91,91,840,1500,2000,1,0,3,71,-45,Vita=rtk-db-restored(un-div5)
451,white_chicken,White chicken,28,29,47500,480000,91,0,91,91,1000,1600,2000,1,0,3,61,-35,Vita=rtk-db-restored(un-div5)
452,white_rooster,White rooster,124,29,72000,500000,91,0,91,91,1000,2300,2000,1,0,3,81,-40,Vita=rtk-db-restored(un-div5)
453,rooster_guardian,Rooster guardian,137,8,141000,600000,91,0,91,91,1300,2600,2000,1,0,5,91,-61,Vita=rtk-db-restored(un-div5)
454,divine_rooster,Divine rooster,137,4,231000,1600000,99,0,99,163,1500,2400,1000,1,1,4,99,-47,Vita=rtk-db-restored(un-div5)
455,rooster_barbarian,Rooster barbarian,137,21,254000,1800000,99,0,99,163,1700,2700,1000,1,1,5,99,-57,Vita=rtk-db-restored(un-div5)
456,wild_chick,Wild chick,121,9,225000,1800000,99,0,99,99,5400,7200,2000,1,0,3,59,-65,Vita=rtk-db-restored(un-div5)
457,black_chicken,Black chicken,28,10,280000,2000000,99,0,99,99,5040,9000,2000,1,0,3,79,-75,Vita=rtk-db-restored(un-div5)
458,great_roost,Great roost,124,10,305000,2500000,99,0,99,99,6000,9600,2000,1,0,3,99,-65,Vita=rtk-db-restored(un-div5)
459,sunfeather,Sunfeather,121,30,426000,3900000,99,0,99,99,6000,13800,2000,1,0,3,89,-70,Vita=rtk-db-restored(un-div5)
460,rooster_defender,Rooster defender,137,0,1125000,5400000,99,0,99,99,7800,15600,2000,1,0,5,99,-90,Vita=rtk-db-restored(un-div5)
461,spirit_rooster,Spirit rooster,137,20,1475000,7000000,99,0,130,173,9000,14400,1000,1,1,7,99,-77,Vita=rtk-db-restored(un-div5)
462,rooster_avenger,Rooster avenger,137,20,1850000,8000000,99,0,130,173,10200,16200,1000,1,1,8,99,-87,Vita=rtk-db-restored(un-div5)
463,healing_totem,Healing totem,0,0,0,0,1,0,0,0,0,0,2000,0,0,0,0,0,
464,ogre_explorer,Ogre explorer,185,13,55000,400,50,50,50,0,1000,1600,3000,1,0,3,50,-60,Vita=rtk-db-restored(un-div5)
465,stone_ogre,Stone ogre,185,6,200000,600,50,0,50,50,1800,6000,3000,1,0,3,50,-65,Vita=rtk-db-restored(un-div5)
466,deep_woods_mantis,Deep Woods Mantis,98,1,47000,200000,63,0,63,63,200,600,2000,1,0,0,0,-20,Vita=rtk-db-restored(un-div5)
467,dirt_mantis,Dirt Mantis,98,9,78000,440000,63,0,63,63,700,1400,2000,1,0,0,0,-20,Vita=rtk-db-restored(un-div5)
468,shadow_mantis,Shadow Mantis,98,29,78000,440000,63,0,63,63,700,1400,2000,1,0,0,0,-20,Vita=rtk-db-restored(un-div5)
469,dark_mantis,Dark Mantis,98,28,224000,1600000,91,0,91,91,1600,5000,2000,1,0,0,0,-65,Vita=rtk-db-restored(un-div5)
470,forest_mantis,Forest Mantis,98,0,55000,300000,63,0,63,63,800,1600,2000,1,0,0,0,-60,Vita=rtk-db-restored(un-div5)
471,ghost_mantis,Ghost Mantis,98,11,208000,1600000,91,0,91,91,1500,6000,2000,1,0,0,0,-65,Vita=rtk-db-restored(un-div5)
472,sting,Sting,171,1,90000,800000,63,0,63,63,1000,2600,2000,1,0,1,0,-10,Vita=rtk-db-restored(un-div5)
473,chtan,Ch\'tan,171,2,75000,2000000,91,0,91,91,3600,10000,2000,1,0,3,0,-70,
474,sintu,Sin-tu,171,0,375000,2000000,91,0,91,91,3000,10200,2000,1,0,3,0,-70,Vita=rtk-db-restored(un-div5)
475,iron_panda,Iron Panda,24,21,3450,4000,20,0,20,20,25,50,2000,1,0,0,0,0,Vita=rtk-db-restored(un-div5)
476,iron_tiger,Iron Tiger,107,21,5975,7000,20,0,20,20,25,75,2000,1,0,0,0,0,Vita=rtk-db-restored(un-div5)
477,giant_iron_tiger,Giant Iron Tiger,29,21,7850,10000,20,0,20,20,45,110,2000,1,0,0,0,0,Vita=rtk-db-restored(un-div5)
478,gimyi,Gim Yi,142,21,16950,40000,20,0,20,20,12,64,1000,1,1,0,0,0,Vita=rtk-db-restored(un-div5)
479,black_skeleton,Black skeleton,30,10,39500,170000,50,0,50,50,400,1000,2000,1,0,1,0,-15,Vita=rtk-db-restored(un-div5)
480,skeleton_je,Skeleton je,30,1,41750,200000,50,0,50,50,700,2100,2000,1,0,1,0,-15,Vita=rtk-db-restored(un-div5)
481,skeleton_ja,Skeleton ja,30,23,50000,240000,50,0,50,50,350,900,2000,1,0,2,0,-25,Vita=rtk-db-restored(un-div5)
482,skeleton_ji,Skeleton ji,30,12,63450,280000,50,0,50,50,900,1600,2000,1,0,2,0,-25,Vita=rtk-db-restored(un-div5)
483,skeleton_sa,Skeleton sa,31,12,110000,2500000,90,0,90,90,400,800,2000,1,0,2,0,-20,Vita=rtk-db-restored(un-div5)
484,marsh_ogre,Marsh ogre,185,31,198000,1600000,91,0,91,91,2000,5700,3000,1,0,3,0,-65,Vita=rtk-db-restored(un-div5)
485,zangze_ogre,Zangze,185,2,468000,2000000,91,0,91,91,2600,10000,3000,1,0,3,0,-70,Vita=rtk-db-restored(un-div5)
486,zinte_ogre,Zin-te,185,17,458000,2000000,91,0,91,91,3000,10200,3000,1,0,3,0,-70,Vita=rtk-db-restored(un-div5)
487,polar_bear,Polar bear,117,0,52000,250000,80,0,80,80,900,1100,2000,1,0,3,0,-30,Vita=rtk-db-restored(un-div5)
488,satans_helper,Satan\'s little helper,118,2,14000,300000,80,0,80,80,900,1100,2000,1,0,3,0,-30,
489,snow_beast,Snow beast,116,11,104000,500000,80,0,80,80,1350,2000,2000,1,0,3,0,-40,Vita=rtk-db-restored(un-div5)
490,death_wish,Death wish,119,2,345000,1500000,80,0,80,80,2000,4000,2000,1,0,3,0,-65,Vita=rtk-db-restored(un-div5)
491,snow_rabbit,Snow rabbit,21,29,1080,600,20,0,20,20,2,8,3000,0,0,0,0,40,Vita=rtk-db-restored(un-div5)
492,arctic_deer,Arctic deer,89,29,2680,1100,20,0,20,20,7,14,3000,0,0,0,0,40,Vita=rtk-db-restored(un-div5)
493,slush_ogre,Slush ogre,99,18,4150,2000,20,0,20,20,10,60,3000,1,0,0,0,100,Vita=rtk-db-restored(un-div5)
494,snow_ogre,Snow ogre,99,18,17250,40000,35,0,35,35,50,200,3000,1,0,0,0,0,Vita=rtk-db-restored(un-div5)
495,sleet_ogre,Sleet ogre,99,18,19750,100000,50,0,50,50,190,290,3000,1,0,1,0,-10,Vita=rtk-db-restored(un-div5)
496,hail_ogre,Hail ogre,99,18,51500,300000,65,0,65,65,510,790,3000,1,0,2,0,-25,Vita=rtk-db-restored(un-div5)
497,flurry_ogre,Flurry ogre,99,18,72750,700000,80,0,80,80,1540,1980,3000,1,0,3,0,-40,Vita=rtk-db-restored(un-div5)
498,blizzard_ogre,Blizzard ogre,99,18,88000,1000000,95,0,95,95,1600,2000,3000,1,0,3,0,-50,Vita=rtk-db-restored(un-div5)
499,avalanche_ogre,Avalanche ogre,99,18,1640000,7000000,99,0,99,99,9800,14400,3000,1,0,0,0,-65,Vita=rtk-db-restored(un-div5)
500,tempest_ogre,Tempest ogre,99,18,2000000,10500000,99,0,99,99,14400,18750,3000,1,0,3,0,-80,Vita=rtk-db-restored(un-div5)
501,cyclone_ogre,Cyclone ogre,99,18,4400000,14000000,99,0,99,99,28500,37500,3000,1,0,3,0,-95,Vita=rtk-db-restored(un-div5)
502,slush_king,Slush king,99,17,6950,20000,20,0,20,20,100,600,3000,1,0,0,0,100,Vita=rtk-db-restored(un-div5)
503,snow_king,Snow king,99,17,31450,400000,35,0,35,35,500,2000,3000,1,0,0,0,0,Vita=rtk-db-restored(un-div5)
504,sleet_king,Sleet king,99,17,42300,1000000,50,0,50,50,700,2400,3000,1,0,1,0,-10,Vita=rtk-db-restored(un-div5)
505,hail_king,Hail king,99,17,92550,3000000,65,0,65,65,730,7300,3000,1,0,2,0,-25,Vita=rtk-db-restored(un-div5)
506,flurry_king,Flurry king,99,17,132000,7000000,80,0,80,80,1620,16200,3000,1,0,4,0,-40,Vita=rtk-db-restored(un-div5)
507,blizzard_king,Blizzard king,99,17,164350,10000000,95,0,95,95,2800,20000,3000,1,0,5,0,-50,Vita=rtk-db-restored(un-div5)
508,avalanche_king,Avalanche king,99,17,3050000,70000000,99,0,99,99,5200,52000,3000,1,0,5,0,-65,Vita=rtk-db-restored(un-div5)
509,tempest_king,Tempest king,99,17,4150000,105000000,99,0,99,99,8400,84000,3000,1,0,6,0,-80,Vita=rtk-db-restored(un-div5)
510,cyclone_king,Cyclone king,99,17,9850000,140000000,99,0,99,99,11400,114000,3000,1,0,7,0,-95,Vita=rtk-db-restored(un-div5)
511,bear,Bear,24,5,1350,1000,30,0,30,30,40,55,2000,0,0,3,0,40,Vita=rtk-db-restored(un-div5)
512,tiger,Tiger,29,5,2200,1500,30,0,30,30,15,30,2000,0,0,0,0,0,Vita=rtk-db-restored(un-div5)
513,lobster,Lobster,168,2,10750,65000,50,0,50,50,15,300,2000,1,0,1,0,-10,Vita=rtk-db-restored(un-div5);MobBehavior=owner-design
514,boa,Boa,33,11,4500,4400,40,0,50,50,35,55,2000,0,0,0,0,35,Vita=rtk-db-restored(un-div5)
515,sand_lobster,Sand lobster,168,5,50550,300000,70,0,70,70,760,1100,2000,1,0,3,0,-45,Vita=rtk-db-restored(un-div5)
516,rock_lobster,Rock lobster,168,13,55000,500000,70,0,70,70,1000,1500,2000,1,0,3,0,-55,Vita=rtk-db-restored(un-div5)
517,golden_lobster,Golden Lobster,168,30,384000,2000000,99,0,99,99,240,4800,2000,1,0,3,0,-65,Vita=rtk-db-restored(un-div5)
518,golden_hare,Golden hare,125,30,2700,4500,25,0,25,25,30,50,1000,1,0,0,25,95,Vita=rtk-db-restored(un-div5)
519,mad_rabbit,Mad rabbit,125,2,3300,5500,25,0,25,25,40,60,1000,1,0,0,25,95,Vita=rtk-db-restored(un-div5)
520,giant_hare,Giant hare,21,7,3900,6500,25,0,25,25,50,70,1000,1,0,0,25,95,Vita=rtk-db-restored(un-div5)
521,rabbit_sentry,Rabbit sentry,131,31,10000,16000,25,0,25,25,200,250,1000,1,0,1,25,-10,Vita=rtk-db-restored(un-div5)
522,mythic_hare,Mythic hare,131,0,17000,37000,50,0,50,65,125,195,1000,1,1,2,50,-20,Vita=rtk-db-restored(un-div5)
523,hare_witch,Hare witch,131,20,21000,45000,50,0,50,65,150,220,1000,1,1,2,50,-20,Vita=rtk-db-restored(un-div5)
524,mad_hare,Mad hare,125,12,25000,110000,70,0,70,70,200,360,1000,1,0,1,70,-10,Vita=rtk-db-restored(un-div5)
525,giant_rabbit,Giant rabbit,21,13,48000,180000,70,0,70,70,225,475,1000,1,0,2,70,-20,Vita=rtk-db-restored(un-div5)
526,rabbit_guardian,Rabbit guardian,131,16,81000,250000,70,0,70,70,450,1000,1000,1,0,3,700,-40,Vita=rtk-db-restored(un-div5)
527,divine_rabbit,Divine rabbit,131,30,91000,500000,99,0,99,163,300,850,1000,1,1,3,99,-30,Vita=rtk-db-restored(un-div5)
528,rabbit_witch,Rabbit witch,131,3,104000,550000,99,0,99,163,400,950,2000,1,1,4,99,-40,Vita=rtk-db-restored(un-div5)
529,hop,Hop,125,29,48750,405000,99,0,99,99,1280,1520,1000,1,0,3,99,-40,Vita=rtk-db-restored(un-div5)
530,thump,Thump,125,29,74000,630000,99,0,99,99,1420,1660,1000,1,0,3,99,-40,Vita=rtk-db-restored(un-div5)
531,fluff,Fluff,21,10,67000,630000,99,0,99,99,1600,2240,2000,1,0,3,99,-50,Vita=rtk-db-restored(un-div5)
532,rabbit_defender,Rabbit defender,131,0,195000,1100000,99,0,99,99,2180,2940,1000,1,0,5,99,-70,Vita=rtk-db-restored(un-div5)
533,spirit_rabbit,Spirit rabbit,131,0,284000,2000000,99,0,99,173,1740,2580,1000,1,1,6,99,-65,Vita=rtk-db-restored(un-div5)
534,rabbit_avenger,Rabbit avenger,131,0,324000,2400000,99,0,99,173,2060,2860,2000,1,1,7,99,-70,Vita=rtk-db-restored(un-div5)
535,ore,Ore,849,16,10000,0,1,0,0,0,0,0,2000,0,0,0,0,0,Vita=rtk-db-restored(un-div5)
536,ore_med,Ore med vein,849,0,1200,0,1,0,0,0,0,0,2000,0,0,0,0,0,Vita=rtk-db-restored(un-div5)
537,ore_high,Ore high vein,850,10,1200,0,1,0,0,0,0,0,2000,0,0,0,0,0,Vita=rtk-db-restored(un-div5)
538,ore_very_high,Ore very high vein,853,4,1200,0,1,0,0,0,0,0,2000,0,0,0,0,0,Vita=rtk-db-restored(un-div5)
539,gold_ore,Gold ore vein,853,16,1200,0,1,0,0,0,0,0,2000,0,0,0,0,0,Vita=rtk-db-restored(un-div5)
540,silver_ore,Silver ore vein,853,28,1200,0,1,0,0,0,0,0,2000,0,0,0,0,0,Vita=rtk-db-restored(un-div5)
541,ginko_tree,Ginko tree,761,8,10000,0,1,0,0,0,0,0,1000,0,0,0,0,35,Vita=rtk-db-restored(un-div5)
542,bent_grain,Bent grain,773,0,1200,0,1,0,0,0,0,0,15000,0,0,255,0,0,Vita=rtk-db-restored(un-div5)
543,tall_wheat,Tall wheat,774,0,1200,0,1,0,0,0,0,0,15000,0,0,255,0,0,Vita=rtk-db-restored(un-div5)
544,very_tall_wheat,Very tall wheat,774,2,1200,0,1,0,0,0,0,0,15000,0,0,255,0,0,Vita=rtk-db-restored(un-div5)
545,damp_wheat,Damp wheat,822,0,1200,0,1,0,0,0,0,0,15000,0,0,255,0,0,Vita=rtk-db-restored(un-div5)
546,training_dummy,Training dummy,1302,0,17000,0,1,0,0,0,0,0,2000,2,0,0,0,0,
547,island_lobster,Island lobster,168,10,150,500,15,0,15,15,15,30,3000,1,0,0,0,35,Vita=rtk-db-restored(un-div5)
548,tiger_night,Night,130,2,425000,4000000,99,0,99,173,2400,3600,1000,1,0,4,99,-72,Vita=rtk-db-restored(un-div5)
549,tiger_storm,Storm,130,1,535000,4200000,99,0,99,173,3100,4150,1000,1,0,4,99,-72,Vita=rtk-db-restored(un-div5)
550,tiger_blizzard,Blizzard,130,3,595000,5000000,99,0,99,173,3750,5550,1000,1,0,4,99,-75,Vita=rtk-db-restored(un-div5)
551,tiger_summit,Summit,130,4,850000,6000000,99,0,99,173,4800,7200,1000,1,0,4,99,-77,Vita=rtk-db-restored(un-div5)
552,tiger_twostripes,Two stripes,130,0,1835000,14000000,99,0,99,173,9350,13450,1000,1,0,5,99,-85,Vita=rtk-db-restored(un-div5)
553,thirsty_ogre,Thirsty ogre,185,0,40,75,10,0,10,10,3,7,2000,0,0,0,10,100,
554,vile_scorpion,Vile scorpion,171,15,18600,48000,42,0,42,42,130,290,2000,1,0,0,42,0,Vita=rtk-db-restored(un-div5)
555,scorpion_lurker,Scorpion lurker,171,16,21000,79000,42,0,42,42,150,325,2000,1,0,0,42,0,Vita=rtk-db-restored(un-div5)
556,radiant_scorpion,Radiant scorpion,171,27,33400,125000,42,0,42,42,225,475,2000,1,0,0,42,0,Vita=rtk-db-restored(un-div5)
557,crimson_scorpion,Crimson scorpion,171,31,915500,785000,50,0,50,50,980,1880,1000,1,0,2,50,-25,Vita=rtk-db-restored(un-div5)
558,sonhi_stickman,Sonhi stickman,0,21,2000,15,1,0,0,0,200,800,2000,0,0,0,0,20,Vita=rtk-db-restored(un-div5)
559,sonhi_swordsman,Sonhi swordsman,36,21,2000,15,1,0,0,0,200,800,2000,0,0,0,0,20,Vita=rtk-db-restored(un-div5)
560,sonhi_archer,Sonhi archer,1,21,2000,15,1,0,0,0,200,800,2000,0,0,0,0,20,Vita=rtk-db-restored(un-div5)
561,sonhi_captain,Sonhi captain,37,21,5000,20,1,0,0,0,500,1200,2000,1,0,0,0,0,Vita=rtk-db-restored(un-div5)
562,cotw_caterpillar,Caterpillar,183,30,1000,0,68,0,68,68,10,35,2000,0,0,0,68,30,Vita=rtk-db-restored(un-div5)
563,cotw_fluffy_dog,Fluffy dog,198,8,3000,0,72,0,72,72,15,85,2000,0,0,0,72,10,Vita=rtk-db-restored(un-div5)
564,cotw_panda_bear,Panda bear,24,5,6600,0,81,0,81,81,20,180,2000,0,0,0,81,-10,Vita=rtk-db-restored(un-div5)
565,cotw_wild_monkey,Wild monkey,126,0,22500,0,90,0,90,90,50,375,2000,0,0,0,90,-15,Vita=rtk-db-restored(un-div5)
566,cotw_gorilla,Gorilla,127,12,36000,0,99,0,99,99,50,575,2000,0,0,0,99,-15,Vita=rtk-db-restored(un-div5)
567,cotw_wind_dancer,Wind dancer,140,0,75000,0,99,0,99,99,1000,2000,2000,0,0,0,99,-25,Vita=rtk-db-restored(un-div5)
568,cotw_wind_warrior,Wind warrior,140,0,130000,0,99,0,99,99,2000,4000,2000,0,0,0,99,-45,Vita=rtk-db-restored(un-div5)
569,new_years_mob1,Young spirit,2400,0,3100,4800,20,0,20,20,35,65,2000,1,0,0,20,75,Vita=rtk-db-restored(un-div5)
570,new_years_mob2,Eager spirit,2400,0,4800,5600,20,0,20,20,45,85,1000,1,0,0,20,60,Vita=rtk-db-restored(un-div5)
571,new_years_mob3,Angry spirit,2400,0,31750,145750,50,0,50,50,455,675,2000,1,0,2,50,-20,Vita=rtk-db-restored(un-div5)
572,new_years_mob4,Quick spirit,2400,0,34750,155750,50,0,50,50,515,715,1000,1,0,2,50,-25,Vita=rtk-db-restored(un-div5)
573,new_years_mob5,Terrible spirit,2400,0,84000,675000,80,0,80,80,1650,2300,2000,1,0,3,80,-30,Vita=rtk-db-restored(un-div5)
574,new_years_mob6,Ancient spirit,2400,0,96000,725000,80,0,80,80,1800,2550,1000,1,0,3,80,-45,Vita=rtk-db-restored(un-div5)
575,new_years_boss1,Spirit guardian,2400,0,33000,45000,30,0,30,30,90,210,1000,1,0,1,30,-10,Vita=rtk-db-restored(un-div5)
576,new_years_boss2,Spirit defender,2400,0,137000,850000,75,0,75,75,600,950,1000,1,0,4,75,-45,Vita=rtk-db-restored(un-div5)
577,new_years_boss3,Spirit champion,2400,0,515000,2750000,99,0,99,99,3750,5400,1000,1,0,4,99,-75,Vita=rtk-db-restored(un-div5)
578,kwisin_companion,Kwi-Sin Companion,26,30,1000,0,68,0,68,68,10,35,2000,1,0,0,68,30,Vita=rtk-db-restored(un-div5)
579,mingken_companion,Ming-Ken Companion,88,30,1000,0,68,0,68,68,10,35,2000,1,0,0,68,30,Vita=rtk-db-restored(un-div5)
580,ohaeng_companion,Ohaeng Companion,120,30,1000,0,68,0,68,68,10,35,2000,1,0,0,68,30,Vita=rtk-db-restored(un-div5)
581,kwisin_assistant,Kwi-Sin Assistant,32,5,3000,0,72,0,72,72,15,85,2000,1,0,0,72,10,Vita=rtk-db-restored(un-div5)
582,mingken_assistant,Ming-Ken Assistant,89,5,3000,0,72,0,72,72,15,85,2000,1,0,0,72,10,Vita=rtk-db-restored(un-div5)
583,ohaeng_assistant,Ohaeng Assistant,90,5,3000,0,72,0,72,72,15,85,2000,1,0,0,72,10,Vita=rtk-db-restored(un-div5)
584,kwisin_protector,Kwi-Sin Protector,33,8,6600,0,81,0,81,81,20,180,2000,1,0,0,81,-10,Vita=rtk-db-restored(un-div5)
585,mingken_protector,Ming-Ken Protector,255,3,6600,0,81,0,81,81,20,180,2000,1,0,0,81,-10,Vita=rtk-db-restored(un-div5)
586,ohaeng_protector,Ohaeng Protector,109,8,6600,0,81,0,81,81,20,180,2000,1,0,0,81,-10,Vita=rtk-db-restored(un-div5)
587,kwisin_fighter,Fighter of Kwi-Sin,30,1,22500,0,90,0,90,90,50,375,2000,1,0,0,90,-15,Vita=rtk-db-restored(un-div5)
588,mingken_fighter,Fighter of Ming-Ken,19,1,22500,0,90,0,90,90,50,375,2000,1,0,0,90,-15,Vita=rtk-db-restored(un-div5)
589,ohaeng_fighter,Fighter of Ohaeng,111,1,22500,0,90,0,90,90,50,375,2000,1,0,0,90,-15,Vita=rtk-db-restored(un-div5)
590,kwisin_warrior,Kwi-Sin Warrior,31,12,36000,0,99,0,99,99,50,575,2000,1,0,0,99,-15,Vita=rtk-db-restored(un-div5)
591,mingken_warrior,Ming-Ken Warrior,153,12,36000,0,99,0,99,99,50,575,2000,1,0,0,99,-15,Vita=rtk-db-restored(un-div5)
592,ohaeng_warrior,Ohaeng Warrior,112,0,36000,0,99,0,99,99,50,575,2000,1,0,0,99,-15,Vita=rtk-db-restored(un-div5)
593,kwisin_champion,Kwi-Sin Champion,225,0,75000,0,99,0,99,99,1000,2000,2000,1,0,0,99,-25,Vita=rtk-db-restored(un-div5)
594,mingken_champion,Ming-Ken Champion,156,0,75000,0,99,0,99,99,1000,2000,2000,1,0,0,99,-25,Vita=rtk-db-restored(un-div5)
595,ohaeng_champion,Ohaeng Champion,187,0,75000,0,99,0,99,99,1000,2000,2000,1,0,0,99,-25,Vita=rtk-db-restored(un-div5)
596,kwisin_avatar,Kwi-Sin Avatar,225,0,130000,0,99,0,99,99,2000,4000,2000,1,0,0,99,-45,Vita=rtk-db-restored(un-div5)
597,mingken_avatar,Ming-Ken Avatar,156,0,130000,0,99,0,99,99,2000,4000,2000,1,0,0,99,-45,Vita=rtk-db-restored(un-div5)
598,ohaeng_avatar,Ohaeng Avatar,187,0,130000,0,99,0,99,99,2000,4000,2000,1,0,0,99,-45,Vita=rtk-db-restored(un-div5)
599,golden_rabbit,Golden rabbit,125,30,15000,40000,70,0,70,70,140,200,1000,1,0,1,0,-10,Vita=rtk-db-restored(un-div5)
600,giasomo_bird,Giasomo bird,58,0,1000,0,9,0,0,0,1,2,2000,0,0,0,0,80,Vita=rtk-db-restored(un-div5)
601,dummy_mythic_dragon,Mythic dragon,132,0,636000,5000000,99,0,99,173,4600,5900,1000,1,0,7,75,-74,Vita=rtk-db-restored(un-div5)
602,dummy_dragon_mage,Dragon mage,132,24,666000,5000000,99,0,99,173,4000,5000,1000,1,0,7,75,-70,Vita=rtk-db-restored(un-div5)
603,dummy_divine_dragon,Divine dragon,132,30,2385000,5000000,99,0,130,173,18400,29500,1000,1,0,9,75,-90,Vita=rtk-db-restored(un-div5)
604,dummy_dragon_slayer,Dragon slayer,132,21,2497500,5000000,99,0,130,173,20000,25000,1000,1,0,9,75,-90,Vita=rtk-db-restored(un-div5)
605,dummy_spirit_dragon,Spirit dragon,132,20,11925000,5000000,99,0,99,173,110400,177000,1000,1,0,9,75,-95,Vita=rtk-db-restored(un-div5)
606,dummy_dragon_avenger,Dragon avenger,132,20,12487500,5000000,99,0,99,173,120000,150000,1000,1,0,9,75,-95,Vita=rtk-db-restored(un-div5)
607,dummy_mythic_dog,Mythic dog,138,2,22800,5000000,64,0,64,89,200,350,1000,1,0,2,64,-20,Vita=rtk-db-restored(un-div5)
608,dummy_dog_assassin,Dog assassin,138,20,30500,5000000,64,0,64,89,250,400,1000,1,0,2,64,-20,Vita=rtk-db-restored(un-div5)
609,dummy_divine_dog,Divine dog,138,30,177000,5000000,99,0,99,163,1400,2000,1000,1,0,4,84,-47,Vita=rtk-db-restored(un-div5)
610,dummy_dog_cutthroat,Dog cutthroat,138,53,236000,5000000,99,0,99,163,1500,2100,1000,1,0,5,84,-57,Vita=rtk-db-restored(un-div5)
611,dummy_spirit_dog,Spirit dog,138,20,955000,5000000,99,0,130,173,7000,10000,1000,1,0,8,99,-87,Vita=rtk-db-restored(un-div5)
612,dummy_dog_avenger,Dog avenger,138,20,1205000,5000000,99,0,130,173,7500,10500,1000,1,0,9,99,-97,Vita=rtk-db-restored(un-div5)
613,dummy_mythic_horse,Mythic horse,134,2,98500,5000000,99,0,99,163,800,1600,1000,1,0,4,99,-45,Vita=rtk-db-restored(un-div5)
614,dummy_horse_do,Horse do,134,20,149750,5000000,99,0,99,163,800,1800,1000,1,0,5,99,-50,Vita=rtk-db-restored(un-div5)
615,dummy_divine_horse,Divine horse,134,30,318000,5000000,99,0,99,173,2200,2700,1000,1,0,6,99,-65,Vita=rtk-db-restored(un-div5)
616,dummy_horse_chongun,Horse chongun,134,21,324000,5000000,99,0,99,173,2300,3000,1000,1,0,7,99,-70,Vita=rtk-db-restored(un-div5)
617,dummy_spirit_horse,Spirit horse,134,20,3021000,5000000,99,0,130,173,17600,21600,1000,1,0,9,99,-90,Vita=rtk-db-restored(un-div5)
618,dummy_horse_avenger,Horse avenger,134,20,3078000,5000000,99,0,130,173,18400,24000,1000,1,0,9,99,-95,Vita=rtk-db-restored(un-div5)
619,dummy_mythic_monkey,Mythic monkey,136,0,18300,5000000,50,0,50,65,150,280,1000,1,0,2,50,-25,Vita=rtk-db-restored(un-div5)
620,dummy_monkey_mauler,Monkey mauler,136,20,25500,5000000,50,0,50,65,220,300,1000,1,0,2,50,-25,Vita=rtk-db-restored(un-div5)
621,dummy_divine_monkey,Divine monkey,136,0,128000,5000000,99,0,99,163,820,1520,1000,1,0,4,0,-42,Vita=rtk-db-restored(un-div5)
622,dummy_monkey_basher,Monkey basher,136,20,172000,5000000,99,0,99,163,900,1600,1000,1,0,5,99,-52,Vita=rtk-db-restored(un-div5)
623,dummy_spirit_monkey,Spirit monkey,136,0,304000,5000000,99,0,130,173,2000,3000,1000,1,0,7,99,-70,Vita=rtk-db-restored(un-div5)
624,dummy_monkey_avenger,Monkey avenger,136,20,432000,5000000,99,0,130,173,2100,3300,1000,1,0,7,99,-70,Vita=rtk-db-restored(un-div5)
625,dummy_mythic_ox,Mythic ox,129,2,102000,5000000,99,0,99,163,900,1800,1000,1,0,4,99,-45,Vita=rtk-db-restored(un-div5)
626,dummy_ox_gorer,Ox gorer,129,20,152000,5000000,99,0,99,163,1000,2000,1000,1,0,5,99,-55,Vita=rtk-db-restored(un-div5)
627,dummy_divine_ox,Divine ox,129,30,608000,5000000,99,0,130,173,5000,7000,1000,1,0,7,99,-72,Vita=rtk-db-restored(un-div5)
628,dummy_ox_charger,Ox charger,129,21,804000,5000000,99,0,130,173,6100,8000,1000,1,0,7,99,-76,Vita=rtk-db-restored(un-div5)
629,dummy_spirit_ox,Spirit ox,129,20,3648000,5000000,99,0,130,173,30000,42000,1000,1,0,8,99,-85,Vita=rtk-db-restored(un-div5)
630,dummy_ox_avenger,Ox avenger,129,20,4824000,5000000,99,0,130,173,36600,48000,1000,1,0,8,99,-85,Vita=rtk-db-restored(un-div5)
631,dummy_mythic_boar,Mythic boar,139,2,200000,5000000,99,0,99,163,1400,2200,1000,1,0,5,99,-55,Vita=rtk-db-restored(un-div5)
632,dummy_boar_champion,Boar champion,139,20,238000,5000000,99,0,99,163,1500,2600,1000,1,0,6,99,-60,Vita=rtk-db-restored(un-div5)
633,dummy_divine_pig,Divine pig,139,30,1115000,5000000,99,0,130,173,10600,21800,1000,1,0,7,99,-75,Vita=rtk-db-restored(un-div5)
634,dummy_pig_champion,Pig champion,139,53,1410000,5000000,99,0,130,173,10800,22200,1000,1,0,7,99,-78,Vita=rtk-db-restored(un-div5)
635,dummy_spirit_pig,Spirit pig,139,20,4181250,5000000,99,0,130,173,34450,81750,1000,1,0,8,99,-85,Vita=rtk-db-restored(un-div5)
636,dummy_pig_avenger,Pig avenger,139,20,6675000,5000000,99,0,130,173,35100,83250,1000,1,0,9,99,-90,Vita=rtk-db-restored(un-div5)
637,dummy_mythic_hare,Mythic hare,131,0,17000,5000000,50,0,50,65,125,195,1000,1,0,2,50,-20,Vita=rtk-db-restored(un-div5)
638,dummy_hare_witch,Hare witch,131,20,21000,5000000,50,0,50,65,150,220,1000,1,0,2,50,-20,Vita=rtk-db-restored(un-div5)
639,dummy_divine_rabbit,Divine rabbit,131,30,91000,5000000,99,0,99,163,300,850,1000,1,0,3,99,-30,Vita=rtk-db-restored(un-div5)
640,dummy_rabbit_witch,Rabbit witch,131,3,104000,5000000,99,0,99,163,400,950,2000,1,0,4,99,-40,Vita=rtk-db-restored(un-div5)
641,dummy_spirit_rabbit,Spirit rabbit,131,0,284000,5000000,99,0,99,173,1740,2580,1000,1,0,6,99,-65,Vita=rtk-db-restored(un-div5)
642,dummy_rabbit_avenger,Rabbit avenger,131,0,324000,5000000,99,0,99,173,2060,2860,2000,1,0,7,99,-70,Vita=rtk-db-restored(un-div5)
643,dummy_mythic_rat,Mythic rat,128,2,45800,5000000,78,0,78,103,350,750,1000,1,0,3,78,-30,Vita=rtk-db-restored(un-div5)
644,dummy_mighty_mouse,Mighty mouse,128,20,54800,5000000,78,0,78,103,400,800,1000,1,0,3,78,-30,Vita=rtk-db-restored(un-div5)
645,dummy_divine_rat,Divine rat,128,30,285000,5000000,99,0,99,163,1200,2000,1000,1,0,6,99,-60,Vita=rtk-db-restored(un-div5)
646,dummy_rat_lord,Rat lord,128,21,318000,5000000,99,0,99,163,2000,3000,1000,1,0,6,99,-65,Vita=rtk-db-restored(un-div5)
647,dummy_spirit_rat,Spirit rat,128,20,2350000,5000000,99,0,130,173,8000,12000,1000,1,0,9,99,-90,Vita=rtk-db-restored(un-div5)
648,dummy_rat_avenger,Rat avenger,128,20,3350000,5000000,99,0,130,173,10000,15000,1000,1,0,9,99,-95,Vita=rtk-db-restored(un-div5)
649,dummy_mythic_rooster,Mythic rooster,137,2,28000,5000000,71,0,71,96,225,425,1000,1,0,3,71,-30,Vita=rtk-db-restored(un-div5)
650,dummy_rooster_swordsman,Rooster swordsman,137,20,36000,5000000,71,0,71,96,250,450,1000,1,0,3,71,-30,Vita=rtk-db-restored(un-div5)
651,dummy_divine_rooster,Divine rooster,137,4,231000,5000000,99,0,99,163,1500,2400,1000,1,0,4,99,-47,Vita=rtk-db-restored(un-div5)
652,dummy_rooster_barbarian,Rooster barbarian,137,21,254000,5000000,99,0,99,163,1700,2700,1000,1,0,5,99,-57,Vita=rtk-db-restored(un-div5)
653,dummy_spirit_rooster,Spirit rooster,137,20,1475000,5000000,99,0,130,173,9000,14400,1000,1,0,7,99,-77,Vita=rtk-db-restored(un-div5)
654,dummy_rooster_avenger,Rooster avenger,137,20,1850000,5000000,99,0,130,173,10200,16200,1000,1,0,8,99,-87,Vita=rtk-db-restored(un-div5)
655,dummy_divine_sheep,Divine sheep,135,31,1264000,5000000,99,0,130,173,8000,12000,1000,1,0,7,99,-75,Vita=rtk-db-restored(un-div5)
656,dummy_mythic_sheep,Mythic sheep,135,2,316000,5000000,99,0,99,173,1600,2400,1000,1,0,6,99,-65,Vita=rtk-db-restored(un-div5)
657,dummy_sheep_avenger,Sheep avenger,135,2,7392000,5000000,99,0,130,173,52500,77500,1000,1,0,9,99,-95,Vita=rtk-db-restored(un-div5)
658,dummy_sheep_shepherd,Sheep shepherd,135,21,1344000,5000000,99,0,130,173,10500,15500,1000,1,0,8,99,-80,Vita=rtk-db-restored(un-div5)
659,dummy_sheep_veteran,Sheep veteran,135,2,336000,5000000,99,0,99,173,2100,3100,1000,1,0,7,99,-70,Vita=rtk-db-restored(un-div5)
660,dummy_spirit_sheep,Spirit sheep,135,2,6952000,5000000,99,0,130,173,40000,60000,1000,1,0,9,99,-90,Vita=rtk-db-restored(un-div5)
661,dummy_mythic_snake,Mythic snake,133,2,148000,5000000,99,0,99,163,1600,2500,1000,1,0,6,99,-60,Vita=rtk-db-restored(un-div5)
662,dummy_snake_shaman,Snake shaman,133,20,275000,5000000,99,0,99,163,2000,3000,1000,1,0,6,99,-65,Vita=rtk-db-restored(un-div5)
663,dummy_divine_snake,Divine snake,133,30,555000,5000000,99,0,130,173,6000,9375,1000,1,0,7,99,-75,Vita=rtk-db-restored(un-div5)
664,dummy_snake_mage,Snake mage,133,21,1031250,5000000,99,0,130,173,7500,11250,1000,1,0,8,99,-80,Vita=rtk-db-restored(un-div5)
665,dummy_spirit_snake,Spirit snake,133,20,3330000,5000000,99,0,130,173,30000,46875,1000,1,0,9,99,-90,Vita=rtk-db-restored(un-div5)
666,dummy_snake_avenger,Snake avenger,133,20,6187500,5000000,99,0,130,173,37500,56250,1000,1,0,9,99,-95,Vita=rtk-db-restored(un-div5)
667,dummy_mythic_tiger,Mythic tiger,130,2,315000,5000000,99,0,130,173,1800,2700,1000,1,0,6,99,-68,Vita=rtk-db-restored(un-div5)
668,dummy_tiger_warrior,Tiger warrior,130,2,420000,5000000,99,0,130,173,2300,3100,1000,1,0,7,99,-72,Vita=rtk-db-restored(un-div5)
669,dummy_divine_tiger,Divine tiger,130,30,1181250,5000000,99,0,130,173,9000,13500,1000,1,0,9,99,-90,Vita=rtk-db-restored(un-div5)
670,dummy_tiger_slasher,Tiger slasher,130,3,1575000,5000000,99,0,130,173,11500,15500,1000,1,0,9,99,-92,Vita=rtk-db-restored(un-div5)
671,dummy_spirit_tiger,Spirit tiger,130,30,7087500,5000000,99,0,130,173,45000,67500,1000,1,0,9,99,-92,Vita=rtk-db-restored(un-div5)
672,dummy_tiger_avenger,Tiger avenger,130,30,9450000,5000000,99,0,130,173,57500,77500,1000,1,0,9,99,-95,Vita=rtk-db-restored(un-div5)
673,dummy_fox,Fox,22,5,1250,0,30,0,30,30,2,28,2000,0,0,0,0,40,Vita=rtk-db-restored(un-div5)
674,dummy_sheep,Sheep,173,11,2800,0,1,0,0,0,7,10,2000,0,0,0,0,70,Vita=rtk-db-restored(un-div5)
675,dummy_dark_fox,Dark fox,22,28,2275,0,20,0,20,20,15,25,2000,1,0,0,0,20,Vita=rtk-db-restored(un-div5)
676,dummy_blood_fox,Blood fox,22,31,2450,0,20,0,0,0,15,25,2000,1,0,0,20,12,Vita=rtk-db-restored(un-div5)
677,dummy_lava_fox,Lava fox,22,25,2275,0,20,0,20,20,20,30,2000,1,0,0,20,5,Vita=rtk-db-restored(un-div5)
678,dummy_sun_fox,Sun fox,22,30,3450,0,20,0,20,20,20,50,2000,1,0,0,20,5,Vita=rtk-db-restored(un-div5)
679,dummy_bear,Bear,24,5,1350,0,30,0,30,30,40,55,2000,0,0,3,0,40,Vita=rtk-db-restored(un-div5)
680,dummy_rat,Rat,91,10,100,0,1,0,0,0,2,5,2000,0,0,0,0,90,Vita=rtk-db-restored(un-div5)
681,dummy_deer,Deer,89,5,290,0,5,0,5,5,6,10,3000,0,0,0,0,80,Vita=rtk-db-restored(un-div5)
682,dummy_rabbit,Rabbit,21,3,10,0,1,0,0,0,1,1,3000,0,0,0,0,100,Vita=rtk-db-restored(un-div5)
683,dummy_squirrel,Squirrel,25,9,18,0,2,0,0,0,1,3,3000,0,0,0,0,100,Vita=rtk-db-restored(un-div5)
684,dummy_sheep,Sheep,173,11,2800,0,1,0,0,0,7,10,2000,0,0,0,0,70,Vita=rtk-db-restored(un-div5)
685,dummy_snake,Snake,26,0,460,0,10,0,10,10,10,15,2000,0,0,0,10,75,Vita=rtk-db-restored(un-div5)
686,dummy_tiger,Tiger,29,5,2200,0,30,0,30,30,15,30,2000,0,0,0,0,0,Vita=rtk-db-restored(un-div5)
687,sewers_blood_mouse,Blood mouse,90,10,55,25,5,0,10,10,2,3,2000,1,0,0,0,75,Vita=rtk-db-restored(un-div5)
688,sewers_blood_rat,Blood rat,91,10,240,60,10,0,10,10,10,15,2000,1,0,0,8,75,Vita=rtk-db-restored(un-div5)
689,sewers_blood_snake,Snake,26,0,460,80,10,0,10,10,10,15,2000,1,0,0,10,75,Vita=rtk-db-restored(un-div5)
690,sewers_blood_serpent,Blood serpent,33,17,460,80,10,0,10,10,10,15,2000,1,0,0,10,75,Vita=rtk-db-restored(un-div5)
691,sewers_blood_leech,Blood leech,114,24,500,120,10,0,10,10,10,15,2000,1,0,0,12,75,Vita=rtk-db-restored(un-div5)
692,wind_walk,Wind walk,0,0,0,0,1,0,0,0,0,0,2000,0,0,0,0,0,
693,nine_tailed_fox,Nine-tailed fox,34,5,12250,20000,20,0,20,20,100,130,2000,1,1,1,20,-15,Vita=rtk-db-restored(un-div5)
694,arawns_stag,Arawn\'s stag,89,11,60,50,5,0,5,5,6,10,3000,0,0,0,0,80,
695,mysterious_merchant,Mysterious merchant,1050,0,15000,0,1,0,0,0,0,0,2000,0,0,0,0,0,Vita=rtk-db-restored(un-div5)
696,instance_cave,Baekdu Illusion [99],0,0,128000,3000000,99,0,99,99,2000,5000,1000,1,0,3,99,-75,Vita=rtk-db-restored(un-div5)
697,instance_cave,Baekdu Illusion [Il San],0,0,600000,7500000,99,0,99,99,4000,8000,1000,1,0,3,99,-75,Vita=rtk-db-restored(un-div5)
698,instance_cave,Baekdu Illusion [Ee San],0,0,1250000,9500000,99,0,99,99,6000,12000,1000,1,0,3,99,-75,Vita=rtk-db-restored(un-div5)
699,employ_troop_scout,Chongun Scout,1,0,5000,0,68,0,68,68,10,35,2000,1,0,0,68,30,Vita=rtk-db-restored(un-div5)
700,employ_troop_spearman,Chongun Spearman,0,0,5000,0,68,0,68,68,10,35,2000,1,0,0,68,30,Vita=rtk-db-restored(un-div5)
701,employ_troop_swordsman,Chongun Swordsman,36,0,5000,0,68,0,68,68,10,35,2000,1,0,0,68,30,Vita=rtk-db-restored(un-div5)
702,employ_troop_master,Chongun Master,63,0,5000,0,68,0,68,68,10,35,2000,1,0,0,68,30,Vita=rtk-db-restored(un-div5)
703,shrine,Shrine,0,0,10,0,1,0,0,0,0,0,2000,0,0,0,0,0,Vita=rtk-db-restored(un-div5)
704,instance_boss,Baekdu Guardian [Ee San],1344,18,31250000,375000000,99,0,99,99,45000,50000,1000,1,0,0,99,-75,Vita=rtk-db-restored(un-div5)
705,instance_boss,Baekdu Guardian  [Il San],1344,18,12500000,189500000,99,0,99,99,19000,25000,1000,1,0,0,99,-75,Vita=rtk-db-restored(un-div5)
706,instance_boss,Baekdu Guardian [99],1344,18,2625000,53000000,99,0,99,99,8000,12000,1000,1,0,0,99,-75,Vita=rtk-db-restored(un-div5)
707,efflorescence,Efflorescence,50,0,10,0,1,0,0,0,0,0,1000,0,0,0,0,0,Vita=rtk-db-restored(un-div5)
708,call_companion_red_wolf,Red wolf,23,31,3000,2000,30,0,30,30,30,115,2000,1,0,0,30,5,Vita=rtk-db-restored(un-div5)
709,call_companion_green_squirrel,Green squirrel,25,0,150,500,5,0,5,5,6,26,3000,1,0,0,5,90,Vita=rtk-db-restored(un-div5)
710,call_companion_black_lobster,Black lobster,168,2,10750,65000,50,0,50,50,15,300,2000,1,0,1,0,-10,Vita=rtk-db-restored(un-div5)
711,call_companion_rabbit,Rabbit,21,3,10,5,1,0,0,0,1,1,3000,1,0,0,0,100,Vita=rtk-db-restored(un-div5)
712,call_companion_fox,Fox,22,5,1250,320,30,0,30,30,2,28,2000,1,0,0,30,40,Vita=rtk-db-restored(un-div5)
713,call_companion_bear,Bear,24,5,1350,1000,30,0,30,30,40,55,2000,1,0,3,0,40,Vita=rtk-db-restored(un-div5)
714,call_companion_tiger,Tiger,29,5,2200,1500,30,0,30,30,15,30,2000,1,0,0,0,0,Vita=rtk-db-restored(un-div5)
715,druid_instance_sonhi_stickman,Sonhi Stickman,0,12,40000,50,50,0,50,0,0,0,2000,1,0,0,99,0,Vita=rtk-db-restored(un-div5)
716,druid_instance_sonhi_archer,Sonhi Archer,0,12,65000,50,50,0,50,0,0,0,2000,1,0,0,99,0,Vita=rtk-db-restored(un-div5)
717,druid_instance_sonhi_commander,Sonhi Commander,0,0,80000,50,50,0,50,0,0,0,2000,1,0,0,99,0,Vita=rtk-db-restored(un-div5)
718,druid_instance_tree,Tree of Reflection,4000,0,5000000,0,1,0,0,0,0,0,2000,0,0,0,0,0,Vita=rtk-db-restored(un-div5)
719,rabbit_invasion_mob,Rabbit Invasion 1,21,3,1,0,1,0,0,0,0,0,3000,0,0,0,0,0,Vita=rtk-db-restored(un-div5)
720,rabbit_invasion_mob,Rabbit Invasion 2,21,0,2,0,1,0,0,0,0,0,2000,0,0,0,0,0,Vita=rtk-db-restored(un-div5)
721,rabbit_invasion_mob,Rabbit Invasion 3,21,12,3,0,1,0,0,0,0,0,2000,0,0,0,0,0,Vita=rtk-db-restored(un-div5)
722,rabbit_invasion_mob,Rabbot Invasion 4,21,5,4,0,1,0,0,0,0,0,2000,0,0,0,0,0,Vita=rtk-db-restored(un-div5)
723,rabbit_invasion_mob,Rabbit Invasion 5,21,7,5,0,1,0,0,0,0,0,2000,0,0,0,0,0,Vita=rtk-db-restored(un-div5)
724,rabbit_invasion_mob,Rabbit Invasion boss,131,0,150,0,1,0,0,0,0,0,2000,0,0,0,0,0,Vita=rtk-db-restored(un-div5)
725,spy_mob_1,Imperial Courtier,0,0,500000,0,50,0,0,0,0,0,2000,0,0,0,0,0,Vita=rtk-db-restored(un-div5)
726,spy_mob_2,Threatening Imperial Courtier,0,0,500000,0,50,0,0,0,0,0,1500,0,0,0,0,0,Vita=rtk-db-restored(un-div5)
727,spy_server,Server,0,0,500000,0,50,0,0,0,0,0,1000,0,0,0,0,0,Vita=rtk-db-restored(un-div5)
728,spy_dealer,Dealer,0,0,500000,0,50,0,0,0,0,0,2000,0,0,0,0,0,Vita=rtk-db-restored(un-div5)
729,spy_hwan,Hwan,63,30,500000,0,50,0,0,0,0,0,2000,0,0,0,0,0,Vita=rtk-db-restored(un-div5)
730,testxyz,testxyz,0,0,0,0,1,0,0,0,0,0,0,0,0,0,0,0,
731,calamity_minor,Calamity,1110,0,10000000,1000000000,99,130,130,173,75000,115000,3000,1,0,3,99,-75,Vita=rtk-db-restored(un-div5)
732,abyssal_bunny,Abyssal Bunny,131,12,975000,850000,99,0,99,173,12000,15000,1000,1,0,3,99,-75,Vita=rtk-db-restored(un-div5)
733,abyssal_hare,Abyssal Hare,131,11,1090500,885000,99,0,99,173,14500,17500,1000,1,0,5,99,-75,Vita=rtk-db-restored(un-div5)
734,abyssal_rabbit,Abyssal Rabbit,131,10,1200000,965000,99,0,99,173,17000,20000,2000,1,0,7,99,-75,Vita=rtk-db-restored(un-div5)
735,abyssal_harebrained,Hare-Brained,131,12,2650000,850000,99,0,99,173,20000,25000,1000,1,0,3,99,-75,Vita=rtk-db-restored(un-div5)
736,abyssal_rab_guardian,Rabibit Guardian,131,12,1500000,850000,99,0,99,173,19500,22500,1000,1,0,3,99,-75,Vita=rtk-db-restored(un-div5)
737,abyssal_rab_monarch,Rabbit Monarch,131,12,3500000,850000,99,0,99,173,25000,30000,1000,1,0,3,99,-75,Vita=rtk-db-restored(un-div5)
738,abyssal_monkeya,abyssal monkey1,131,12,975000,850000,99,0,99,173,12000,15000,1000,1,0,3,99,-75,Vita=rtk-db-restored(un-div5)
739,abyssal_monkeyb,abyssal_monkey2,131,11,1090500,885000,99,0,99,173,14500,17500,1000,1,0,5,99,-75,Vita=rtk-db-restored(un-div5)
740,abyssal_monkeyc,abyssal_monkey3,131,10,1200000,965000,99,0,99,173,17000,20000,2000,1,0,7,99,-75,Vita=rtk-db-restored(un-div5)
741,abyssal_monkeybossa,Shamankey,586,0,2650000,850000,99,0,99,173,20000,25000,1000,1,0,3,99,-75,Vita=rtk-db-restored(un-div5)
742,abyssal_monkeyguardian,abyssal_monkeyguardian,131,12,1500000,850000,99,0,99,173,19500,22500,1000,1,0,3,99,-75,Vita=rtk-db-restored(un-div5)
743,abyssal_monkeyf,abyssal_monkeybossf,131,12,3500000,850000,99,0,99,173,25000,30000,1000,1,0,3,99,-75,Vita=rtk-db-restored(un-div5)
744,abyssal_doga,abyssal dog1,131,12,975000,850000,99,0,99,173,12000,15000,1000,1,0,3,99,-75,Vita=rtk-db-restored(un-div5)
745,abyssal_dogb,Hellhound,1828,0,1090500,885000,99,0,99,173,14500,17500,1000,1,0,5,99,-75,Vita=rtk-db-restored(un-div5)
746,abyssal_dogc,abyssal_dog3,131,10,1200000,965000,99,0,99,173,17000,20000,2000,1,0,7,99,-75,Vita=rtk-db-restored(un-div5)
747,abyssal_dogbossa,abyssal_dogboss1,131,12,2650000,850000,99,0,99,173,20000,25000,1000,1,0,3,99,-75,Vita=rtk-db-restored(un-div5)
748,abyssal_dogguardian,Garmr,1828,10,1500000,850000,99,0,99,173,19500,22500,1000,1,0,3,99,-75,Vita=rtk-db-restored(un-div5)
749,abyssal_dogf,abyssal_dogbossf,131,12,3500000,850000,99,0,99,173,25000,30000,1000,1,0,3,99,-75,Vita=rtk-db-restored(un-div5)
750,abyssal_roostera,Abyssal Hatchling,873,0,975000,850000,99,0,99,173,12000,15000,1000,1,0,3,99,-75,Vita=rtk-db-restored(un-div5)
751,abyssal_roosterb,Abyssal Chick,887,0,1090500,885000,99,0,99,173,14500,17500,1000,1,0,5,99,-75,Vita=rtk-db-restored(un-div5)
752,abyssal_roosterc,Abyssal Chicken,890,0,1200000,965000,99,0,99,173,17000,20000,2000,1,0,7,99,-75,Vita=rtk-db-restored(un-div5)
753,abyssal_roosterbossa,Vermilion,1489,0,2650000,850000,99,0,99,173,20000,25000,1000,1,0,3,99,-75,Vita=rtk-db-restored(un-div5)
754,abyssal_roosterguardian,Chucken,894,0,1500000,850000,99,0,99,173,19500,22500,1000,1,0,3,99,-75,Vita=rtk-db-restored(un-div5)
755,abyssal_roosterf,Phoenix,1814,24,3500000,850000,99,0,99,173,25000,30000,1000,1,0,3,99,-75,Vita=rtk-db-restored(un-div5)
756,abyssal_rata,abyssal rat1,131,12,975000,850000,99,0,99,173,12000,15000,1000,1,0,3,99,-75,Vita=rtk-db-restored(un-div5)
757,abyssal_ratb,abyssal_rat2,131,11,1090500,885000,99,0,99,173,14500,17500,1000,1,0,5,99,-75,Vita=rtk-db-restored(un-div5)
758,abyssal_ratc,abyssal_rat3,131,10,1200000,965000,99,0,99,173,17000,20000,2000,1,0,7,99,-75,Vita=rtk-db-restored(un-div5)
759,abyssal_ratbossa,abyssal_ratboss1,131,12,2650000,850000,99,0,99,173,20000,25000,1000,1,0,3,99,-75,Vita=rtk-db-restored(un-div5)
760,abyssal_ratguardian,abyssal_ratguardian,131,12,1500000,850000,99,0,99,173,19500,22500,1000,1,0,3,99,-75,Vita=rtk-db-restored(un-div5)
761,abyssal_ratf,abyssal_ratbossf,131,12,3500000,850000,99,0,99,173,25000,30000,1000,1,0,3,99,-75,Vita=rtk-db-restored(un-div5)
762,abyssal_horsea,abyssal horse1,131,12,975000,850000,99,0,99,173,12000,15000,1000,1,0,3,99,-75,Vita=rtk-db-restored(un-div5)
763,abyssal_horseb,abyssal_horse2,131,11,1090500,885000,99,0,99,173,14500,17500,1000,1,0,5,99,-75,Vita=rtk-db-restored(un-div5)
764,abyssal_horsec,abyssal_horse3,131,10,1200000,965000,99,0,99,173,17000,20000,2000,1,0,7,99,-75,Vita=rtk-db-restored(un-div5)
765,abyssal_horsebossa,abyssal_horseboss1,131,12,2650000,850000,99,0,99,173,20000,25000,1000,1,0,3,99,-75,Vita=rtk-db-restored(un-div5)
766,abyssal_horseguardian,abyssal_horseguardian,131,12,1500000,850000,99,0,99,173,19500,22500,1000,1,0,3,99,-75,Vita=rtk-db-restored(un-div5)
767,abyssal_horsef,abyssal_horsebossf,131,12,3500000,850000,99,0,99,173,25000,30000,1000,1,0,3,99,-75,Vita=rtk-db-restored(un-div5)
768,abyssal_oxa,abyssal ox1,131,12,975000,850000,99,0,99,173,12000,15000,1000,1,0,3,99,-75,Vita=rtk-db-restored(un-div5)
769,abyssal_oxb,abyssal_ox2,131,11,1090500,885000,99,0,99,173,14500,17500,1000,1,0,5,99,-75,Vita=rtk-db-restored(un-div5)
770,abyssal_oxc,abyssal_ox3,131,10,1200000,965000,99,0,99,173,17000,20000,2000,1,0,7,99,-75,Vita=rtk-db-restored(un-div5)
771,abyssal_oxbossa,abyssal_oxboss1,131,12,2650000,850000,99,0,99,173,20000,25000,1000,1,0,3,99,-75,Vita=rtk-db-restored(un-div5)
772,abyssal_oxguardian,abyssal_oxguardian,131,12,1500000,850000,99,0,99,173,19500,22500,1000,1,0,3,99,-75,Vita=rtk-db-restored(un-div5)
773,abyssal_oxf,abyssal_oxbossf,131,12,3500000,850000,99,0,99,173,25000,30000,1000,1,0,3,99,-75,Vita=rtk-db-restored(un-div5)
774,abyssal_piga,abyssal pig1,131,12,975000,850000,99,0,99,173,12000,15000,1000,1,0,3,99,-75,Vita=rtk-db-restored(un-div5)
775,abyssal_pigb,abyssal_pig2,131,11,1090500,885000,99,0,99,173,14500,17500,1000,1,0,5,99,-75,Vita=rtk-db-restored(un-div5)
776,abyssal_pigc,abyssal_pig3,131,10,1200000,965000,99,0,99,173,17000,20000,2000,1,0,7,99,-75,Vita=rtk-db-restored(un-div5)
777,abyssal_pigbossa,abyssal_pigboss1,131,12,2650000,850000,99,0,99,173,20000,25000,1000,1,0,3,99,-75,Vita=rtk-db-restored(un-div5)
778,abyssal_pigguardian,abyssal_pigguardian,131,12,1500000,850000,99,0,99,173,19500,22500,1000,1,0,3,99,-75,Vita=rtk-db-restored(un-div5)
779,abyssal_pigf,Big Bad Boar,1015,0,3500000,850000,99,0,99,173,25000,30000,1000,1,0,3,99,-75,Vita=rtk-db-restored(un-div5)
780,abyssal_snakea,Molten Cobra,1039,0,975000,850000,99,0,99,173,12000,15000,1000,1,0,3,99,-75,Vita=rtk-db-restored(un-div5)
781,abyssal_snakeb,Abyssal Serpent,617,0,1090500,885000,99,0,99,173,14500,17500,1000,1,0,5,99,-75,Vita=rtk-db-restored(un-div5)
782,abyssal_snakec,Abyssal Viper,893,0,1200000,965000,99,0,99,173,17000,20000,2000,1,0,7,99,-75,Vita=rtk-db-restored(un-div5)
783,abyssal_snakebossa,abyssal_snakeboss1,131,12,2650000,850000,99,0,99,173,20000,25000,1000,1,0,3,99,-75,Vita=rtk-db-restored(un-div5)
784,abyssal_snakeguardian,Titanium Snake,1915,1,1500000,850000,99,0,99,173,19500,22500,1000,1,0,3,99,-75,Vita=rtk-db-restored(un-div5)
785,abyssal_snakef,Quetzalcoatl,1920,0,3500000,850000,99,0,99,173,25000,30000,1000,1,0,3,99,-75,Vita=rtk-db-restored(un-div5)
786,abyssal_sheepa,abyssal sheep1,131,12,975000,850000,99,0,99,173,12000,15000,1000,1,0,3,99,-75,Vita=rtk-db-restored(un-div5)
787,abyssal_sheepb,abyssal_sheep2,131,11,1090500,885000,99,0,99,173,14500,17500,1000,1,0,5,99,-75,Vita=rtk-db-restored(un-div5)
788,abyssal_sheepc,abyssal_sheep3,131,10,1200000,965000,99,0,99,173,17000,20000,2000,1,0,7,99,-75,Vita=rtk-db-restored(un-div5)
789,abyssal_sheepbossa,abyssal_sheepboss1,131,12,2650000,850000,99,0,99,173,20000,25000,1000,1,0,3,99,-75,Vita=rtk-db-restored(un-div5)
790,abyssal_sheepguardian,abyssal_sheepguardian,131,12,1500000,850000,99,0,99,173,19500,22500,1000,1,0,3,99,-75,Vita=rtk-db-restored(un-div5)
791,abyssal_sheepf,abyssal_sheepbossf,131,12,3500000,850000,99,0,99,173,25000,30000,1000,1,0,3,99,-75,Vita=rtk-db-restored(un-div5)
792,abyssal_tigera,Thundercat,735,0,975000,850000,99,0,99,173,12000,15000,1000,1,0,3,99,-75,Vita=rtk-db-restored(un-div5)
793,abyssal_tigerb,Lavacat,735,17,1090500,885000,99,0,99,173,14500,17500,1000,1,0,5,99,-75,Vita=rtk-db-restored(un-div5)
794,abyssal_tigerc,Earthcat,735,2,1200000,965000,99,0,99,173,17000,20000,2000,1,0,7,99,-75,Vita=rtk-db-restored(un-div5)
795,abyssal_tigerbossa,Bloodhorn,885,0,2650000,850000,99,0,99,173,20000,25000,1000,1,0,3,99,-75,Vita=rtk-db-restored(un-div5)
796,abyssal_tigerguardian,Cerberus,1843,7,1500000,850000,99,0,99,173,19500,22500,1000,1,0,3,99,-75,Vita=rtk-db-restored(un-div5)
797,abyssal_tigerf,Rashkasha,1486,0,3500000,850000,99,0,99,173,25000,30000,1000,1,0,3,99,-75,Vita=rtk-db-restored(un-div5)
798,abyssal_dragona,Abyssal Wyvern,631,0,975000,850000,99,0,99,173,12000,15000,1000,1,0,3,99,-75,Vita=rtk-db-restored(un-div5)
799,abyssal_dragonb,Eastern Dragon,1512,0,1090500,885000,99,0,99,173,14500,17500,1000,1,0,5,99,-75,Vita=rtk-db-restored(un-div5)
800,abyssal_dragonc,Abyssal Wyrm,1038,0,1200000,965000,99,0,99,173,17000,20000,2000,1,0,7,99,-75,Vita=rtk-db-restored(un-div5)
801,abyssal_dragonbossa,Flammie,1842,0,2650000,850000,99,0,99,173,20000,25000,1000,1,0,3,99,-75,Vita=rtk-db-restored(un-div5)
802,abyssal_dragonbossb,Fafnir,1488,0,1500000,850000,99,0,99,173,19500,22500,1000,1,0,3,99,-75,Vita=rtk-db-restored(un-div5)
803,abyssal_dragonf,Tiamat,1578,0,3500000,850000,99,0,99,173,25000,30000,1000,1,0,3,99,-75,Vita=rtk-db-restored(un-div5)
900,tiger_sentry,Tiger sentry,130,31,55700,1675000,94,0,99,94,2600,4050,1000,1,0,0,0,0,
901,tiger_guardian,Tiger guardian,130,32,213950,7850000,99,0,99,99,13000,20250,1000,1,0,0,0,0,
902,tiger_defender,Tiger defender,130,33,1110350,10000000,99,0,130,173,72750,113750,1000,1,0,0,0,0,
