ts,eid,look,mob,zone,gear,hp_total,swings,last_dmg,bar_max,clean,level,exp
1785300182735,304740,,,,,16,2,8,42,0,,10
1785300463553,281787,,,,,18,2,4,12,0,,10
1785300468055,280893,21,,,,4,1,4,0,1,,5
1785300471562,35311,25,,,,14,1,14,0,1,,10
1785300481571,282018,21,,,,13,1,13,0,1,,5
1785300494086,304128,21,,,,11,1,11,0,1,,5
1785300498594,304737,21,,,,2,1,2,0,1,,5
1785300503599,35257,21,,,,3,1,3,0,1,,5
1785300509601,133577,25,,,,18,3,3,50,1,,10
1785300516105,35232,21,,,,15,1,15,0,1,,5
1785300517609,281777,21,,,,5,1,5,0,1,,5
1785300520612,281779,21,,,,7,1,7,0,1,,5
1785300523614,281783,21,,,,15,1,15,0,1,,5
1785300526616,35243,21,,,,3,1,3,0,1,,5
1785300537633,824448,25,,,,16,3,7,78,1,,10
1785300542653,824452,25,,,,13,3,3,53,1,,10
1785300886929,720245,185,,,,9,1,9,0,1,,75
1785300890936,728537,185,,,,19,2,10,18,1,,75
1785300892938,724045,185,,,,9,1,9,0,1,,75
1785300894939,721058,185,,,,10,1,10,0,1,,75
1785300897443,719592,185,,,,26,1,26,0,1,,75
1785300898947,718676,185,,,,19,2,10,18,1,,75
1785300901445,720247,185,,,,18,2,9,10,1,,75
1785300903951,718678,185,,,,17,2,8,10,1,,75
1785300905450,719594,185,,,,10,1,10,0,1,,75
1785300908956,720244,185,,,,19,2,10,18,1,,75
1785300909960,719599,185,,,,9,1,9,0,1,,75
1785300910456,719742,185,,,,9,1,9,0,1,,
1785301440085,827335,185,,,,50,1,50,0,1,,78
1785301443591,719049,185,,,,24,1,24,0,1,,78
1785301445088,827007,185,,,,28,1,28,0,1,,78
1785301446592,826742,185,,,,24,1,24,0,1,,78
1785301451095,721057,185,,,,25,1,25,0,1,,78
1785301452599,827006,185,,,,25,1,25,0,1,,78
1785301455101,720818,185,,,,26,1,26,0,1,,78
1785301459613,830485,185,,,,24,1,24,0,1,,78
1785301463115,830487,185,,,,28,1,28,0,1,,78
1785301464616,827009,185,,,,26,1,26,0,1,,78
1785301465620,830723,185,,,,25,1,25,0,1,,78
1785301468123,830484,185,,,,24,1,24,0,1,,78
1785301469622,719591,185,,,,29,1,29,0,1,,78
1785301473629,827010,185,,,,25,1,25,0,1,,78
1785301477130,830944,185,,,,29,1,29,0,1,,78
1785301478635,830943,185,,,,28,1,28,0,1,,78
1785301479635,830949,185,,,,76,1,76,0,1,,78
1785301482135,830945,185,,,,27,1,27,0,1,,78
1785301483136,830942,185,,,,28,1,28,0,1,,78
1785301484638,830948,185,,,,78,1,78,0,1,,78
1785301487140,830946,185,,,,25,1,25,0,1,,78
1785301490644,830486,185,,,,25,1,25,0,1,,78
1785301492144,830941,185,,,,28,1,28,0,1,,78
1785301751437,830947,185,,,,87,1,87,0,1,,78
1785301753944,831108,185,,,,28,1,28,0,1,,78
1785301755443,831105,185,,,,25,1,25,0,1,,78
1785301765450,830724,185,,,,27,1,27,0,1,,78
1785301768454,608942,185,,,,27,1,27,0,1,,78
1785301774962,831110,185,,,,26,1,26,0,1,,78
1785301775961,832808,185,,,,26,1,26,0,1,,78
1785301778465,831106,185,,,,28,1,28,0,1,,78
1785301780970,831113,185,,,,27,1,27,0,1,,78
1785301781969,832956,185,,,,28,1,28,0,1,,78
1785301783469,831112,185,,,,29,1,29,0,1,,78
1785301785470,832942,185,,,,29,1,29,0,1,,78
1785301787472,832859,185,,,,29,1,29,0,1,,78
1785301792478,833002,185,,,,27,1,27,0,1,,78
1785301794983,833003,185,,,,26,1,26,0,1,,78
1785301796482,833001,185,,,,24,1,24,0,1,,78
1785301797482,831109,185,,,,28,1,28,0,1,,78
1785301799483,831111,185,,,,84,1,84,0,1,,78
1785301801486,833000,185,,,,24,1,24,0,1,,78
1785301805991,831107,185,,,,27,1,27,0,1,,78
1785301809996,832941,185,,,,28,1,28,0,1,,78
1785301812503,833442,185,,,,24,1,24,0,1,,78
1785301815505,833440,185,,,,25,1,25,0,1,,78
1785301816007,833443,185,,,,25,1,25,0,1,,78
1785301817007,833439,185,,,,26,1,26,0,1,,78
1785301818509,833438,185,,,,27,1,27,0,1,,78
1785301820009,833510,185,,,,27,1,27,0,1,,78
1785301821511,833509,185,,,,25,1,25,0,1,,78
1785301822517,833445,185,,,,27,1,27,0,1,,78
1785301826019,833507,185,,,,29,1,29,0,1,,78
1785301828022,833511,185,,,,27,1,27,0,1,,78
1785301829523,833508,185,,,,24,1,24,0,1,,78
1785301838035,833441,185,,,,26,1,26,0,1,,78
1785301843534,832999,185,,,,29,1,29,0,1,,78
1785301844035,833444,185,,,,27,1,27,0,1,,78
1785301851042,833639,185,,,,29,1,29,0,1,,78
1785301852543,833631,185,,,,24,1,24,0,1,,78
1785301853547,833635,185,,,,26,1,26,0,1,,78
1785301857049,833633,185,,,,87,1,87,0,1,,78
1785301858048,833632,185,,,,26,1,26,0,1,,78
1785301859550,833634,185,,,,27,1,27,0,1,,78
1785301861051,833636,185,,,,24,1,24,0,1,,78
1785301862553,833638,185,,,,28,1,28,0,1,,78
1785301863553,833637,185,,,,28,1,28,0,1,,78
1785301864555,833630,185,,,,29,1,29,0,1,,78
1785301881077,833888,185,,,,28,1,28,0,1,,78
1785301884086,622082,185,,,,25,1,25,0,1,,78
1785301887581,827008,185,,,,29,1,29,0,1,,78
1785301918120,833883,185,,,,25,1,25,0,1,,78
1785301920119,833891,185,,,,29,1,29,0,1,,78
1785301924126,833890,185,,,,29,1,29,0,1,,78
1785301925623,833885,185,,,,27,1,27,0,1,,78
1785301928129,833889,185,,,,27,1,27,0,1,,78
1785301928628,833884,185,,,,29,1,29,0,1,,78
1785301932140,834005,185,,,,84,1,84,0,1,,78
1785301933136,834173,185,,,,30,1,30,0,1,,78
1785301935637,833886,185,,,,25,1,25,0,1,,78
1785301936140,834172,185,,,,26,1,26,0,1,,78
1785301936639,833882,185,,,,27,1,27,0,1,,78
1785301938142,834219,185,,,,27,1,27,0,1,,78
1785301939641,834171,185,,,,28,1,28,0,1,,78
1785301940141,833887,185,,,,25,1,25,0,1,,78
1785301940641,834170,185,,,,90,1,90,0,1,,78
1785301942642,834218,185,,,,28,1,28,0,1,,78
1785301944146,834216,185,,,,30,1,30,0,1,,78
1785301945646,834217,185,,,,25,1,25,0,1,,78
1785302445956,834291,185,,,,25,1,25,0,1,,78
1785302447957,834290,185,,,,29,1,29,0,1,,78
1785302450478,834283,185,,,,25,1,25,0,1,,78
1785302451479,834286,185,,,,30,1,30,0,1,,78
1785302452982,835535,185,,,,26,1,26,0,1,,78
1785302455487,834442,185,,,,26,1,26,0,1,,78
1785302456484,834443,185,,,,27,1,27,0,1,,78
1785302458496,834444,185,,,,27,1,27,0,1,,78
1785302464521,834287,185,,,,28,1,28,0,1,,78
1785302466527,835256,185,,,,29,1,29,0,1,,78
1785302467030,834288,185,,,,27,1,27,0,1,,78
1785302468535,834285,185,,,,84,1,84,0,1,,78
1785302470041,838037,185,,,,81,1,81,0,1,,78
1785302470541,835541,185,,,,27,1,27,0,1,,78
1785302472570,838038,185,,,,26,1,26,0,1,,78
1785302473072,838046,185,,,,26,1,26,0,1,,78
1785302476075,834289,185,,,,31,1,31,0,1,,78
1785302476588,838047,185,,,,31,1,31,0,1,,78
1785302478095,838040,185,,,,30,1,30,0,1,,78
1785302480100,838092,185,,,,29,1,29,0,1,,78
1785302482105,838036,185,,,,28,1,28,0,1,,78
1785302483111,838039,185,,,,28,1,28,0,1,,78
1785302484111,834292,185,,,,31,1,31,0,1,,78
1785302486623,838093,185,,,,29,1,29,0,1,,78
1785302488128,838095,185,,,,28,1,28,0,1,,78
1785302490147,838094,185,,,,27,1,27,0,1,,78
1785302491200,838096,185,,,,28,1,28,0,1,,78
1785302502746,838177,185,,,,30,1,30,0,1,,78
1785302505752,838178,185,,,,27,1,27,0,1,,78
1785302507272,838180,185,,,,28,1,28,0,1,,78
1785302509275,838179,185,,,,29,1,29,0,1,,78
1785302510775,838173,185,,,,28,1,28,0,1,,78
1785302511775,838174,185,,,,84,1,84,0,1,,78
1785302514317,838172,185,,,,29,1,29,0,1,,78
1785302515323,838176,185,,,,26,1,26,0,1,,78
1785303044539,77632,,,,,14,2,8,33,0,,21
1785303201196,41319,25,,,,28,1,28,0,1,,10
1785303399210,41364,519,,,,890,33,21,94,1,,384
1785303715567,62609,,,,,1117,44,21,95,0,,384
1785304833029,849745,,,,,876,32,22,95,0,,384
1785304984194,41358,519,,,,972,40,21,95,1,,384
1785305046280,41362,519,,,,945,40,20,97,1,,384
1785305094833,838475,185,,,,31,1,31,0,1,,75
1785305096832,838478,185,,,,30,1,30,0,1,,75
1785305097835,838481,185,,,,26,1,26,0,1,,75
1785305099836,838474,185,,,,29,1,29,0,1,,75
1785305102336,838482,185,,,,31,1,31,0,1,,75
1785305103839,838783,185,,,,27,1,27,0,1,,75
1785305106845,838477,185,,,,26,1,26,0,1,,75
1785305107845,838784,185,,,,29,1,29,0,1,,75
1785305108341,838479,185,,,,31,1,31,0,1,,75
1785305109345,838782,185,,,,29,1,29,0,1,,75
1785305112344,838707,185,,,,27,1,27,0,1,,75
1785305113848,838476,185,,,,30,1,30,0,1,,75
1785305119352,838483,185,,,,31,1,31,0,1,,75
1785305121353,860674,185,,,,29,1,29,0,1,,75
1785305122357,860678,185,,,,26,1,26,0,1,,75
1785305123356,860671,185,,,,93,1,93,0,1,,75
1785305124361,860675,185,,,,27,1,27,0,1,,75
1785305125361,860676,185,,,,28,1,28,0,1,,75
1785305741041,860673,185,,,,56,1,56,0,1,,75
1785305745050,860724,185,,,,29,1,29,0,1,,75
1785305746550,860725,185,,,,27,1,27,0,1,,75
1785305751052,864389,185,,,,29,1,29,0,1,,75
1785305752053,860815,185,,,,26,1,26,0,1,,75
1785305753554,860817,185,,,,26,1,26,0,1,,75
1785305755557,860818,185,,,,31,1,31,0,1,,75
1785305758059,860679,185,,,,30,1,30,0,1,,75
1785305759557,860677,185,,,,29,1,29,0,1,,75
1785305761561,860726,185,,,,26,1,26,0,1,,75
1785305762561,865455,185,,,,26,1,26,0,1,,75
1785305764067,860672,185,,,,78,1,78,0,1,,75
1785305764563,860816,185,,,,29,1,29,0,1,,75
1785305765564,860727,185,,,,90,1,90,0,1,,75
1785305766564,860729,185,,,,29,1,29,0,1,,75
1785305769066,863527,185,,,,29,1,29,0,1,,75
1785305771067,865456,185,,,,30,1,30,0,1,,75
1785305772069,865453,185,,,,31,1,31,0,1,,75
1785305778076,860728,185,,,,27,1,27,0,1,,75
1785305784082,865454,185,,,,29,1,29,0,1,,75
1785305794099,834284,185,,,,29,1,29,0,1,,75
1785305812614,865543,185,,,,30,1,30,0,1,,75
1785305815116,865548,185,,,,31,1,31,0,1,,75
1785305816115,865546,185,,,,93,1,93,0,1,,75
1785305817116,865545,185,,,,27,1,27,0,1,,75
1785305820126,865540,185,,,,26,1,26,0,1,,75
1785305820625,865574,185,,,,27,1,27,0,1,,75
1785305823626,865541,185,,,,30,1,30,0,1,,75
1785305826131,865549,185,,,,30,1,30,0,1,,75
1785305828133,865573,185,,,,31,1,31,0,1,,75
1785305829637,865547,185,,,,30,1,30,0,1,,75
1785305831143,865571,185,,,,30,1,30,0,1,,75
1785305834650,865570,185,,,,28,1,28,0,1,,75
1785305839149,865575,185,,,,27,1,27,0,1,,75
1785305842152,865544,185,,,,28,1,28,0,1,,75
1785305944263,865542,185,,,,52,1,52,0,1,,75
1785305946262,865777,185,,,,31,1,31,0,1,,75
1785305958777,865572,185,,,,26,1,26,0,1,,75
1785305959277,865776,185,,,,29,1,29,0,1,,75
1785305962283,865774,185,,,,28,1,28,0,1,,75
1785305967788,865773,185,,,,27,1,27,0,1,,75
1785305970792,865778,185,,,,27,1,27,0,1,,75
1785305971788,865770,185,,,,30,1,30,0,1,,75
1785305972788,865772,185,,,,30,1,30,0,1,,75
1785305973789,865775,185,,,,81,1,81,0,1,,75
1785305975291,866610,185,,,,31,1,31,0,1,,75
1785305976793,865771,185,,,,28,1,28,0,1,,75
1785305978295,866609,185,,,,81,1,81,0,1,,75
1785305981298,866612,185,,,,26,1,26,0,1,,75
1785305982798,866611,185,,,,29,1,29,0,1,,75
1785305984302,865808,185,,,,28,1,28,0,1,,75
1785306760149,838181,185,,,,27,1,27,0,1,,75
1785306762654,616231,185,,,,29,1,29,0,1,,75
1785306766659,718679,185,,,,29,1,29,0,1,,75
1785306786175,868532,185,,,,30,1,30,0,1,,75
1785306787176,866688,185,,,,29,1,29,0,1,,75
1785306791178,866792,185,,,,27,1,27,0,1,,75
1785306791689,866717,185,,,,26,1,26,0,1,,75
1785306792178,866687,185,,,,26,1,26,0,1,,75
1785306793697,866716,185,,,,31,1,31,0,1,,75
1785306794689,866718,185,,,,30,1,30,0,1,,75
1785306799184,866683,185,,,,31,1,31,0,1,,75
1785306800187,866691,185,,,,27,1,27,0,1,,75
1785306800693,866684,185,,,,31,1,31,0,1,,75
1785306803696,866690,185,,,,27,1,27,0,1,,75
1785306804693,866686,185,,,,29,1,29,0,1,,75
1785306806190,866685,185,,,,26,1,26,0,1,,75
1785306808192,872287,185,,,,26,1,26,0,1,,75
1785306809701,866793,185,,,,29,1,29,0,1,,75
1785306810699,872283,185,,,,30,1,30,0,1,,75
1785306812706,872298,185,,,,31,1,31,0,1,,75
1785306814704,866689,185,,,,28,1,28,0,1,,75
1785306816199,872284,185,,,,29,1,29,0,1,,75
1785306818706,872285,185,,,,27,1,27,0,1,,75
1785306824213,872286,185,,,,26,1,26,0,1,,75
1785306833727,834215,185,,,,28,1,28,0,1,,75
1785306837227,872297,185,,,,30,1,30,0,1,,75
1785306843885,872636,185,,,,26,1,26,0,1,,75
1785306846885,872634,185,,,,31,1,31,0,1,,75
1785306847895,872633,185,,,,84,1,84,0,1,,75
1785306849382,872632,185,,,,29,1,29,0,1,,75
1785306851904,872628,185,,,,26,1,26,0,1,,75
1785306855393,872697,185,,,,29,1,29,0,1,,75
1785306855904,872696,185,,,,30,1,30,0,1,,75
1785306858397,872635,185,,,,26,1,26,0,1,,75
1785306859900,872631,185,,,,31,1,31,0,1,,75
1785306884426,872758,185,,,,29,1,29,0,1,,75
1785306885938,872759,185,,,,28,1,28,0,1,,75
1785306888429,872756,185,,,,29,1,29,0,1,,75
1785306890432,872629,185,,,,27,1,27,0,1,,75
1785306891948,872630,185,,,,28,1,28,0,1,,75
1785306894436,872761,185,,,,26,1,26,0,1,,75
1785306897952,873022,185,,,,26,1,26,0,1,,75
1785306900446,873021,185,,,,27,1,27,0,1,,75
1785306903475,873019,185,,,,27,1,27,0,1,,75
1785306905081,872755,185,,,,26,1,26,0,1,,75
1785306909194,872760,185,,,,26,1,26,0,1,,75
1785306912148,873100,185,,,,29,1,29,0,1,,75
1785306913644,873099,185,,,,28,1,28,0,1,,75
1785306914644,872627,185,,,,29,1,29,0,1,,75
1785306916643,873024,185,,,,28,1,28,0,1,,75
1785306917646,873102,185,,,,27,1,27,0,1,,75
1785306919162,873104,185,,,,31,1,31,0,1,,75
1785306921653,873103,185,,,,26,1,26,0,1,,75
1785306922654,873101,185,,,,29,1,29,0,1,,75
1785306931227,873023,185,,,,30,1,30,0,1,,75
1785306935178,873020,185,,,,31,1,31,0,1,,75
1785306942190,872757,185,,,,27,1,27,0,1,,75
1785366319072,58965,21,,,,64,1,64,0,1,,5
1785366334586,37147,25,,,,64,1,64,0,1,,10
1785366338589,37123,25,,,,30,1,30,0,1,,10
1785366345597,37157,25,,,,60,1,60,0,1,,10
1785366348097,37127,25,,,,32,1,32,0,1,,10
1785366351600,37121,25,,,,32,1,32,0,1,,10
1785366356106,37163,25,,,,60,1,60,0,1,,10
1785366361611,37107,25,,,,56,1,56,0,1,,10
1785366365114,37139,25,,,,62,1,62,0,1,,10
1785366369620,37129,25,,,,64,1,64,0,1,,10
1785366373620,534110,25,,,,60,1,60,0,1,,10
1785366397142,37137,25,,,,62,1,62,0,1,,10
1785366398643,37117,25,,,,29,1,29,0,1,,10
1785366401647,37161,25,,,,54,1,54,0,1,,10
1785366404651,37149,25,,,,28,1,28,0,1,,10
1785366471125,37141,25,,,,32,1,32,0,1,,10
1785366473127,535372,,,,,56,1,56,0,0,,10
1785366522181,526658,,,,,60,1,60,0,0,,10
1785366617285,167027,,,,,200,5,91,81,0,,577
1785366627291,167025,25,,,,188,6,25,67,1,,577
1785366634798,167015,,,,,166,5,29,63,0,,577
1785366639806,167037,25,,,,164,4,26,63,1,,577
1785366655321,167005,25,,,,191,6,29,69,1,,577
1785366663827,167013,25,,,,175,4,25,61,1,,577
1785366668836,167021,25,,,,168,6,29,84,1,,577
1785366676840,167017,25,,,,136,3,26,56,1,,577
1785366690851,167031,25,,,,164,5,30,66,1,,577
1785366695855,167009,25,,,,163,5,28,62,1,,577
1785366760925,58951,21,,,,30,1,30,0,1,,5
1785368412933,58971,21,,,,54,1,54,0,1,,5
1785368415439,58952,21,,,,62,1,62,0,1,,5
1785368420444,58970,21,,,,31,1,31,0,1,,5
1785368427948,533676,21,,,,30,1,30,0,1,,5
1785368432953,58985,21,,,,64,1,64,0,1,,5
1785368442964,93653,21,,,,58,1,58,0,1,,5
1785368445465,58984,21,,,,27,1,27,0,1,,5
1785368450974,58959,21,,,,31,1,31,0,1,,5
1785368463488,58961,21,,,,64,1,64,0,1,,5
1785368471001,58968,21,,,,58,1,58,0,1,,5
1785368477009,58973,21,,,,30,1,30,0,1,,5
1785373377082,424619,25,,,,27,1,27,0,1,,10
1785450784801,59266,25,,,,31,1,31,0,1,,10
1785450790801,59248,25,,,,26,2,18,52,1,,10
1785450796807,59278,25,,,,17,3,9,76,1,,10
1785450809827,530072,25,,,,17,4,4,64,1,,10
1785450818341,250473,25,,,,18,3,4,60,1,,10
1785450852880,59258,25,,,,32,1,32,0,1,,10
1785450862391,471483,89,,,,367,12,27,92,1,,50
1785450885419,59638,89,,,,317,11,27,82,1,,50
1785450925463,59264,25,,,,64,1,64,0,1,,10
1785450948490,59618,88,,,,286,9,25,90,1,,50
1785450974299,250475,25,,,,30,1,30,0,1,,10
1785451245712,59246,25,,,,27,2,14,7,1,,10
1785451249219,59236,25,,,,28,1,28,0,1,,10
1785451255225,250477,25,,,,27,2,14,18,1,,10
1785451259729,59290,25,,,,28,1,28,0,1,,10
1785451262736,59274,25,,,,24,1,24,0,1,,10
1785451264239,531217,25,,,,26,1,26,0,1,,10
1785451268244,59282,25,,,,26,1,26,0,1,,10
1785451268744,59232,25,,,,14,1,14,0,1,,10
1785451271748,59294,25,,,,25,2,13,20,1,,10
1785451273752,59254,25,,,,24,1,24,0,1,,10
1785451279762,537196,25,,,,25,2,13,7,1,,10
1785451281761,59272,25,,,,26,1,26,0,1,,10
1785451283264,59284,25,,,,26,1,26,0,1,,10
1785451303784,532849,88,,,,273,23,12,91,1,,50
1785451341326,359106,25,,,,24,2,12,20,1,,10
1785451344331,59234,25,,,,26,1,26,0,1,,10
1785451346836,537188,25,,,,28,1,28,0,1,,10
1785451354844,59252,25,,,,28,1,28,0,1,,10
1785451357348,537190,25,,,,25,2,12,13,1,,10
1785451359852,532230,25,,,,26,1,26,0,1,,10
1785451363358,59242,25,,,,28,1,28,0,1,,10
1785451365860,537180,25,,,,26,1,26,0,1,,10
1785451368363,537198,25,,,,24,1,24,0,1,,10
1785451371866,59262,25,,,,28,1,28,0,1,,10
1785451374868,359108,25,,,,24,1,24,0,1,,10
1785451376372,531221,25,,,,28,1,28,0,1,,10
1785451379375,59288,25,,,,26,1,26,0,1,,10
1785451381376,537184,25,,,,26,2,14,7,1,,10
1785451385385,537186,25,,,,26,2,13,23,1,,10
1785451386881,531215,25,,,,28,1,28,0,1,,10
1785451389384,537194,25,,,,27,2,14,13,1,,10
1785451390886,537752,25,,,,14,1,14,0,1,,10
1785451393390,531219,25,,,,25,2,12,18,1,,10
1785451397896,537192,25,,,,24,1,24,0,1,,10
1785451430939,532235,89,,,,327,27,12,92,1,,50
1785451576644,538750,89,,,,299,21,37,91,1,,50
1785452231583,538344,25,,,,14,1,14,0,1,,10
1785452238089,537744,25,,,,26,2,13,23,1,,10
1785452270126,540754,89,,,,349,25,12,93,1,,50
1785454707171,548892,89,,,,266,21,10,92,1,,52
1785454858949,537756,25,,,,28,1,28,0,1,,10
1785455616148,532234,89,,,,262,24,12,96,1,,50
1785455645678,59639,89,,,,291,25,11,95,1,,50
1785455677721,576271,89,,,,324,28,11,92,1,,50
1785455705855,583020,89,,,,361,26,37,96,1,,50
1785456377407,59268,25,,,,24,1,24,0,1,,10
1785456383414,59238,25,,,,24,2,12,14,1,,10
1785456624495,37378,451,,,,391,31,11,94,1,,90
1785456813198,587646,89,,,,278,25,11,95,1,,50
1785456935846,532232,25,,,,42,1,42,0,1,,10
1785456940850,538346,25,,,,26,2,12,12,1,,10
1785456947856,546535,25,,,,25,2,13,25,1,,10
1785456953862,538330,25,,,,25,2,13,25,1,,10
1785456956865,538336,25,,,,24,2,12,25,1,,10
1785456961875,537754,25,,,,28,1,28,0,1,,10
1785456963881,537748,25,,,,26,1,26,0,1,,10
1785456965892,538326,25,,,,24,1,24,0,1,,10
1785456970888,537750,25,,,,27,2,13,17,1,,10
1785456975396,600089,25,,,,26,1,26,0,1,,10
1785456977901,594979,25,,,,51,2,39,25,1,,10
1785456982908,538338,25,,,,28,1,28,0,1,,10
1785456990414,537758,25,,,,17,5,4,82,1,,10
1785456994924,538334,25,,,,18,1,18,0,1,,10
1785456998932,575798,25,,,,21,5,9,81,1,,10
1785457005936,600077,25,,,,16,5,3,81,1,,10
1785457008437,538923,25,,,,16,2,8,42,1,,10
1785457013948,537746,25,,,,16,3,4,38,1,,10
1785457018947,59280,25,,,,18,5,3,62,1,,10
1785457487860,600710,,,,,18,5,3,82,0,,10
1785457491367,59250,,,,,16,2,8,42,0,,10
1785457496395,59270,,,,,17,5,3,81,0,,10
1785457498409,600712,25,,,,18,1,18,0,1,,10
1785457506544,59260,,,,,17,5,4,75,0,,10
1785457510592,538332,,,,,16,2,8,46,0,,10
1785457515624,538348,25,,,,14,4,3,78,1,,10
1785457519145,600702,25,,,,14,4,3,69,1,,10
1785457527169,600714,25,,,,19,4,4,52,1,,10
1785457533745,600706,25,,,,14,4,4,78,1,,10
1785457579784,37376,451,,,,362,30,12,96,1,,90
1785458864406,97214,22,,,,192,21,9,19,1,,320
1785476184747,59582,,,,,59,5,11,78,0,,15
1785476184747,59582,,,,,59,5,11,78,0,,15
1785476488896,73400,58,,,,437,44,9,96,1,,262
1785476488896,73400,58,,,,437,44,9,96,1,,262
1785476536447,73247,21,,,,623,29,28,96,1,,84
1785476536447,73247,21,,,,623,29,28,96,1,,84
1785510224293,37542,,,,,64,1,64,0,0,,10
1785510633771,37552,,,,,30,1,30,0,0,,10
1785528389664,337435,,,,,56,1,56,0,0,,10
1785528395168,337437,25,,,,28,1,28,0,1,,10
1785528414183,337443,25,,,,31,1,31,0,1,,10
1785534575563,337445,25,,,,29,1,29,0,1,,10
1785534735946,337441,,,,,56,1,56,0,0,,10
1785545515952,337465,,,,,30,1,30,0,0,,10
1785545535978,337451,25,,,,30,1,30,0,1,,10
1785545683700,337449,,,,,33,1,33,0,0,,10
1785545707732,368358,,,,,33,1,33,0,0,,10
1785545722261,337485,25,,,,56,1,56,0,1,,10
1785545742768,337469,,,,,32,1,32,0,0,,10
1785546283801,644530,,,,,30,1,30,0,0,,10
1785549997635,335821,,,,,66,1,66,0,0,,10
1785552019687,695487,25,,,,31,1,31,0,1,,10
1785552020687,337453,25,,,,31,1,31,0,1,,10
1785552083262,337471,,,,,33,1,33,0,0,,10
1785552097278,335855,25,,,,28,1,28,0,1,,10
1785552110792,337473,25,,,,31,1,31,0,1,,10
1785552118799,335845,25,,,,56,1,56,0,1,,10
1785552141325,337479,25,,,,27,1,27,0,1,,10
1785552153837,335847,25,,,,28,1,28,0,1,,10
1785552422296,337447,,,,,30,1,30,0,0,,10
1785555042302,337463,,,,,31,1,31,0,0,,10
1785555055819,337481,,,,,28,1,28,0,0,,10
1785555168448,715612,,,,,56,1,56,0,0,,10
1785555170951,715804,,,,,28,1,28,0,0,,10
1785556330141,337483,,,,,62,1,62,0,0,,10
1785556373195,459510,,,,,30,1,30,0,0,,10
1785556405725,698523,,,,,28,1,28,0,0,,10
1785556596963,750421,,,,,29,1,29,0,0,,10
1785557160652,719982,,,,,30,1,30,0,0,,10
1785557268771,459512,,,,,30,1,30,0,0,,10
1785557304821,338083,89,,,,161,6,27,40,1,,50
1785558101205,715610,,,,,30,1,30,0,0,,10
1785558365853,765271,,,,,33,1,33,0,0,,10
1785558490694,733824,,,,,4828,58,50,97,0,,
1785568634649,808993,89,,,,357,11,89,90,1,,50
1785569568610,809907,,,,,33,1,33,0,0,,10
1785569578119,811425,,,,,60,1,60,0,0,,10
1785569594641,811785,,,,,322,12,26,90,0,,50
1785569603646,809921,25,,,,56,1,56,0,1,,10
1785569622168,809355,,,,,60,1,60,0,0,,10
1785569692373,519276,,,,,863,36,19,90,0,,320
1785569696377,809925,,,,,31,1,31,0,0,,10
1785569802636,810292,,,,,30,1,30,0,0,,10
1785569807647,809351,,,,,30,1,30,0,0,,10
1785569820662,809151,,,,,324,11,28,82,0,,50
1785569843686,809365,,,,,30,1,30,0,0,,10
1785569847692,809909,,,,,30,1,30,0,0,,10
1785569855698,809915,,,,,28,1,28,0,0,,10
1785569859400,879338,,,,,30,1,30,0,0,,10
1785569882926,811423,,,,,30,1,30,0,0,,10
1785569915451,808310,25,,,,32,1,32,0,1,,10
1785569936974,880637,88,,,,311,6,81,91,1,,50
1785569940979,810300,25,,,,28,1,28,0,1,,10
1785569955490,808316,25,,,,60,1,60,0,1,,10
1785569964004,809913,,,,,60,1,60,0,0,,10
1785569969008,809357,25,,,,32,1,32,0,1,,10
1785569987029,880829,25,,,,33,1,33,0,1,,10
1785570029081,880837,25,,,,31,1,31,0,1,,10
1785570067619,809369,25,,,,54,1,54,0,1,,10
1785570072627,880833,25,,,,28,1,28,0,1,,10
1785570097663,881316,25,,,,30,1,30,0,1,,10
1785570108180,880246,25,,,,174,1,174,0,1,,10
1785570115187,699371,88,,,,350,13,28,91,1,,50
1785570120691,810298,25,,,,33,1,33,0,1,,10
1785570157232,880839,25,,,,64,1,64,0,1,,10
1785570161336,811421,25,,,,29,1,29,0,1,,10
1785570167840,881678,25,,,,28,1,28,0,1,,10
1785570191879,810290,25,,,,28,1,28,0,1,,10
1785570202890,881676,25,,,,29,1,29,0,1,,10
1785570207895,809363,25,,,,30,1,30,0,1,,10
1785570215408,879344,89,,,,317,11,28,83,1,,50
1785570243431,881326,88,,,,293,11,26,89,1,,50
1785570262449,879340,25,,,,31,1,31,0,1,,10
1785570275972,879342,25,,,,31,1,31,0,1,,10
1785570281980,881999,25,,,,62,1,62,0,1,,10
1785570288985,881993,25,,,,180,1,180,0,1,,10
1785570305001,881322,25,,,,60,1,60,0,1,,10
1785570315011,675601,89,,,,208,8,25,51,1,,50
1785570329027,811419,25,,,,62,1,62,0,1,,10
1785570343541,882275,25,,,,62,1,62,0,1,,10
1785599931062,288355,,,,,60,1,60,0,0,,10
1785599937672,37851,,,,,30,1,30,0,0,,10
1785599945688,288351,,,,,28,1,28,0,0,,10
1785599961708,347925,25,,,,29,1,29,0,1,,10
1785599983740,37845,,,,,32,1,32,0,0,,10
1785599985230,58485,88,,,,271,10,26,89,1,,50
1785599986231,37843,,,,,31,1,31,0,0,,10
1785599991240,37871,25,,,,29,1,29,0,1,,10
1785600013269,347927,25,,,,29,1,29,0,1,,10
1785600431946,58447,90,,,,116,2,62,3,1,,15
1785600521546,58446,90,,,,62,2,31,42,1,,15
1785600549093,57884,25,,,,33,1,33,0,1,,10
1785600559610,57896,25,,,,31,1,31,0,1,,10
1785600562107,57900,25,,,,32,1,32,0,1,,10
1785600564607,285614,25,,,,64,1,64,0,1,,10
1785600571620,57892,25,,,,32,1,32,0,1,,10
1785600585130,285616,25,,,,31,1,31,0,1,,10
1785600600151,57844,25,,,,28,1,28,0,1,,10
1785600613162,57874,25,,,,87,1,87,0,1,,10
1785600622673,57860,25,,,,29,1,29,0,1,,10
1785600802863,57886,25,,,,29,1,29,0,1,,10
1785600809877,57856,25,,,,64,1,64,0,1,,10
1785601248197,288357,,,,,33,1,33,0,0,,10
1785601250717,37875,,,,,32,1,32,0,0,,10
1785601253215,37873,,,,,29,1,29,0,0,,10
1785601256724,348796,,,,,29,1,29,0,0,,10
1785601259761,143495,,,,,30,1,30,0,0,,10
1785601262248,37835,25,,,,28,1,28,0,1,,10
1785601273808,304703,,,,,332,12,29,90,0,,50
1785601274309,37855,,,,,31,1,31,0,0,,10
1785601275321,37885,25,,,,33,1,33,0,1,,10
1785601282949,37881,,,,,66,1,66,0,0,,10
1785601285449,37837,25,,,,60,1,60,0,1,,10
1785601298504,307289,89,,,,269,8,27,90,1,,50
1785601301029,37847,25,,,,29,1,29,0,1,,10
1785601304041,288353,25,,,,30,1,30,0,1,,10
1785601309549,144036,25,,,,29,1,29,0,1,,10
1785601310087,37833,25,,,,31,1,31,0,1,,10
1785601312076,349525,25,,,,29,1,29,0,1,,10
1785601328687,349945,,,,,301,9,25,80,0,,50
1785601369418,348788,25,,,,64,1,64,0,1,,10
1785601374955,363704,25,,,,62,1,62,0,1,,10
1785601377999,363722,25,,,,29,1,29,0,1,,10
1785601381029,303850,25,,,,30,1,30,0,1,,10
1785601389093,363718,25,,,,62,1,62,0,1,,10
1785601399653,363698,25,,,,28,1,28,0,1,,10
1785601451781,364498,25,,,,30,1,30,0,1,,10
1785601458328,363694,25,,,,32,1,32,0,1,,10
1785601464395,364512,25,,,,58,1,58,0,1,,10
1785601488654,363714,25,,,,54,1,54,0,1,,10
1785601603193,364492,,,,,29,1,29,0,0,,10
1785601607197,37865,25,,,,62,1,62,0,1,,10
1785601611700,364502,25,,,,60,1,60,0,1,,10
1785601623217,365652,25,,,,33,1,33,0,1,,10
1785601637726,37877,25,,,,62,1,62,0,1,,10
1785601646735,366547,25,,,,58,1,58,0,1,,10
1785601661253,364147,89,,,,328,9,25,81,1,,50
1785601663755,366551,25,,,,33,1,33,0,1,,10
1785601671761,364494,25,,,,32,1,32,0,1,,10
1785601682281,363690,25,,,,30,1,30,0,1,,10
1785601691788,365642,25,,,,64,1,64,0,1,,10
1785601702297,363700,25,,,,32,1,32,0,1,,10
1785601713309,366561,25,,,,66,1,66,0,1,,10
1785601745502,365648,25,,,,66,1,66,0,1,,10
1785601749032,365654,25,,,,31,1,31,0,1,,10
1785601794581,364508,25,,,,31,1,31,0,1,,10
1785601934247,334922,,,,,60,2,29,35,0,,15
1785601938754,333522,,,,,59,2,30,44,0,,15
1785601944760,333515,,,,,120,4,31,74,0,,25
1785601953766,335966,,,,,139,3,27,54,0,,25
1785601956771,334924,,,,,54,2,27,47,0,,15
1785601961778,335965,90,,,,120,2,58,45,1,,25
1785601967278,333519,,,,,142,5,29,78,0,,25
1785602013323,334921,,,,,60,2,30,50,0,,15
1785602021331,334923,,,,,84,3,27,57,0,,15
1785602026841,334919,90,,,,56,2,27,48,1,,15
1785602036857,334918,,,,,60,2,32,48,0,,15
1785602049984,335964,,,,,147,3,29,51,0,,25
1785602057000,334616,,,,,144,4,27,54,0,,25
1785602069096,335969,,,,,145,4,28,50,0,,25
1785602082114,336974,32,,,,170,4,88,79,1,,30
1785602105277,333930,,,,,138,5,30,79,0,,30
1785602230531,333928,,,,,108,2,28,20,0,,30
1785602233533,370267,,,,,61,2,32,40,0,,15
1785602238037,370659,,,,,120,2,58,47,0,,25
1785602243046,370663,,,,,140,5,31,78,0,,25
1785602247553,370660,,,,,123,4,31,71,0,,25
1785602253059,333931,,,,,170,4,88,74,0,,30
1785602271078,370261,,,,,87,3,31,57,0,,15
1785602277585,371547,32,,,,136,5,26,75,1,,30
1785602283091,336973,32,,,,130,5,25,77,1,,30
1785602286598,334920,90,,,,59,2,30,42,1,,15
1785602289602,370478,90,,,,114,4,28,70,1,,25
1785602302107,370662,90,,,,117,2,60,50,1,,25
1785602306111,335968,90,,,,112,4,29,74,1,,25
1785602314122,370658,90,,,,141,3,28,54,1,,25
1785602317130,335967,90,,,,114,3,26,50,1,,25
1785602320131,370263,90,,,,60,2,32,41,1,,15
1785602349723,372537,90,,,,60,2,29,34,1,,15
1785602373233,373055,,,,,109,3,26,47,0,,25
1785602379747,372536,90,,,,56,1,56,0,1,,15
1785602381244,372534,90,,,,116,2,58,6,1,,15
1785602384752,370265,90,,,,61,2,30,36,1,,15
1785602389761,370264,90,,,,61,2,32,49,1,,15
1785602396767,334917,90,,,,118,2,58,3,1,,15
1785602399773,370661,90,,,,120,4,28,70,1,,25
1785602402773,370262,90,,,,60,2,31,50,1,,15
1785602409782,371548,32,,,,109,4,27,70,1,,30
1785602422806,370266,90,,,,56,1,56,0,1,,15
1785602448327,373698,90,,,,54,2,28,50,1,,15
1785602452330,373701,90,,,,114,2,58,1,1,,15
1785602456336,373702,90,,,,55,2,29,45,1,,15
1785602469347,373389,90,,,,185,3,79,56,1,,25
1785602477353,373386,90,,,,113,4,26,71,1,,25
1785602482862,373700,90,,,,106,2,52,1,1,,15
1785602484865,334916,90,,,,80,3,27,56,1,,15
1785602495372,372535,90,,,,56,2,30,46,1,,15
1785602504886,373387,90,,,,113,2,58,47,1,,25
1785602509387,374457,32,,,,106,4,27,74,1,,30
1785602514894,373391,90,,,,163,3,53,52,1,,25
1785602519395,373385,90,,,,112,4,26,70,1,,25
1785602621517,153935,,,,,81,3,25,42,0,,30
1785602626524,153934,,,,,115,4,29,72,0,,30
1785602632031,154852,,,,,136,4,26,52,0,,30
1785602639037,153933,,,,,114,4,27,72,0,,30
1785602648072,154425,,,,,144,5,26,76,0,,25
1785602665592,154424,,,,,110,2,57,48,0,,25
1785602669099,58220,,,,,112,2,57,43,0,,25
1785602733662,71675,,,,,822,34,26,97,0,,150
1785602832884,92996,,,,,2405,82,27,98,0,,600
1785602841896,376470,32,,,,137,5,27,77,1,,30
1785602854910,375560,90,,,,182,4,94,75,1,,25
1785602861419,376468,32,,,,110,4,26,71,1,,30
1785602871449,376467,32,,,,108,4,25,76,1,,30
1785602894460,375561,90,,,,140,3,30,55,1,,25
1785602931493,378072,32,,,,111,4,25,72,1,,30
1785602959525,378695,90,,,,173,2,88,12,1,,25
1785602992166,376469,32,,,,133,5,29,72,1,,30
1785603000676,375562,90,,,,199,5,88,74,1,,25
1785603007177,58219,90,,,,138,5,28,75,1,,25
1785603009683,96802,32,,,,149,1,149,0,1,,30
1785603014183,378694,90,,,,136,3,25,53,1,,25
1785603022693,378071,32,,,,130,5,25,77,1,,30
1785603026696,378073,32,,,,166,4,83,69,1,,30
1785603097276,71674,,,,,838,30,26,93,0,,150
1785603146332,379713,90,,,,177,4,85,67,1,,25
1785603201391,380545,32,,,,144,4,29,49,1,,30
1785603214904,380542,32,,,,112,4,28,69,1,,30
1785603218910,380546,32,,,,140,5,30,76,1,,30
1785603269985,71676,,,,,729,23,26,92,0,,150
1785603364581,379144,,,,,2381,84,27,98,0,,600
1785603407136,380544,32,,,,113,4,25,70,1,,30
1785603419146,379716,90,,,,142,5,27,77,1,,25
1785603526764,385392,32,,,,167,3,55,50,1,,30
1785603533769,385393,32,,,,129,5,28,77,1,,30
1785603543778,379715,90,,,,133,3,79,73,1,,25
1785603549784,379714,90,,,,106,4,28,74,1,,25
1785603612864,376471,,,,,885,29,23,84,0,,157
1785603863657,388423,,,,,148,3,31,55,0,,26
1785603870162,389683,32,,,,137,5,26,77,1,,31
1785603890684,389682,32,,,,105,4,29,74,1,,31
1785603905203,383253,90,,,,141,5,28,78,1,,26
1785603906207,385391,32,,,,147,3,91,74,1,,31
1785604476140,193402,21,,,,29,1,29,0,1,,5
1785604507181,333255,,,,,58,1,58,0,0,,15
1785604513190,333251,90,,,,54,2,26,48,1,,15
1785604525200,332366,90,,,,58,1,58,0,1,,15
1785604540718,332363,90,,,,58,1,58,0,1,,15
1785604544727,333253,90,,,,88,3,29,50,1,,15
1785604546730,332362,90,,,,58,2,31,47,1,,15
1785604550230,332368,90,,,,58,2,30,40,1,,15
1785604582805,333252,90,,,,60,1,60,0,1,,15
1785604586272,329454,90,,,,60,1,60,0,1,,15
1785604589273,333254,90,,,,55,2,26,43,1,,15
1785604600283,394786,90,,,,118,2,60,7,1,,15
1785604612300,394785,90,,,,120,2,64,9,1,,15
1785604628315,394787,90,,,,64,1,64,0,1,,15
1785604664852,394782,90,,,,64,2,32,37,1,,15
1785604667352,394784,90,,,,124,2,96,47,1,,15
1785604700397,394783,90,,,,58,1,58,0,1,,15
1785604709401,394788,90,,,,90,3,32,53,1,,15
1785604746439,334910,,,,,116,4,30,69,0,,26
1785604752445,333046,,,,,115,4,30,76,0,,26
1785604758966,334914,,,,,116,4,26,72,0,,26
1785604767466,333526,,,,,119,4,31,75,0,,26
1785604775981,334913,,,,,115,4,30,75,0,,26
1785604803516,333935,,,,,125,2,93,37,0,,15
1785604811531,333940,90,,,,58,2,29,50,1,,15
1785604827562,333937,90,,,,56,2,29,50,1,,15
1785604836602,333942,90,,,,84,3,28,52,1,,15
1785604846637,334912,90,,,,135,5,28,79,1,,26
1785604875730,334911,90,,,,113,3,29,50,1,,26
1785604881707,334915,90,,,,107,4,28,76,1,,26
1785604908422,333941,90,,,,62,2,30,31,1,,15
1785604913973,397106,90,,,,54,1,54,0,1,,15
1785604920543,333934,90,,,,62,1,62,0,1,,15
1785604935160,374890,,,,,91,3,31,49,0,,15
1785604939671,376080,,,,,135,3,27,54,0,,26
1785604948180,374460,,,,,136,5,29,77,0,,31
1785604967367,374458,,,,,135,5,28,78,0,,31
1785604973384,376466,,,,,106,4,26,75,0,,31
1785604986966,374892,,,,,56,1,56,0,0,,15
1785604991017,376082,,,,,114,4,28,73,0,,26
1785604996570,374891,,,,,58,2,29,45,0,,15
1785604999587,376081,,,,,117,4,30,70,0,,26
1785605005651,397995,90,,,,146,5,30,73,1,,26
1785605032931,398499,90,,,,62,2,32,46,1,,15
1785605037476,398501,90,,,,60,1,60,0,1,,15
1785605040487,374893,90,,,,55,2,28,47,1,,15
1785605046815,374888,90,,,,86,3,28,49,1,,15
1785605108539,374889,90,,,,60,2,30,38,1,,15
1785605132622,398117,,,,,62,1,62,0,0,,15
1785605138110,398116,,,,,114,2,60,12,0,,15
1785605149161,398109,,,,,114,3,29,43,0,,26
1785605153680,398114,,,,,138,5,27,76,0,,26
1785605160683,398112,,,,,114,4,30,74,0,,26
1785605167700,398113,90,,,,116,3,30,38,1,,26
1785605172701,398108,90,,,,111,3,30,51,1,,26
1785605185721,398110,90,,,,111,2,53,46,1,,26
1785605190724,397104,90,,,,57,2,27,45,1,,15
1785605193222,397107,90,,,,87,3,31,50,1,,15
1785605254792,396857,90,,,,116,4,28,69,1,,26
1785605262803,398115,90,,,,58,1,58,0,1,,15
1785605264805,399840,90,,,,85,3,28,54,1,,15
1785605269810,400508,90,,,,120,4,30,74,1,,26
1785605277824,398111,90,,,,111,4,29,72,1,,26
1785605281823,397105,90,,,,59,2,28,35,1,,15
1785605289326,333936,90,,,,87,3,29,53,1,,15
1785605300336,333933,90,,,,60,2,29,40,1,,15
1785605317857,334909,90,,,,147,5,31,75,1,,26
1785605331367,399434,,,,,112,4,29,72,0,,31
1785605342387,400057,,,,,136,5,26,77,0,,26
1785605356479,333938,90,,,,58,2,31,44,1,,15
1785605360989,333939,90,,,,60,1,60,0,1,,15
1785605373496,401459,90,,,,59,2,30,44,1,,15
1785605391518,401458,90,,,,90,1,90,0,1,,15
1785605397521,401460,90,,,,61,2,31,48,1,,15
1785605404541,401456,90,,,,80,2,28,17,1,,15
1785605419555,401463,90,,,,87,2,29,3,1,,15
1785605423472,401462,90,,,,56,2,26,38,1,,15
1785605433572,400510,90,,,,148,5,29,76,1,,26
1785605441578,400511,90,,,,113,3,29,39,1,,26
1785605459098,402093,90,,,,135,4,29,54,1,,26
1785605473119,402095,90,,,,114,2,57,40,1,,26
1785605509654,400908,,,,,116,4,31,74,0,,26
1785605513658,399839,90,,,,64,1,64,0,1,,15
1785605515163,401461,90,,,,58,1,58,0,1,,15
1785605520172,403101,90,,,,59,2,30,46,1,,15
1785605523669,400513,90,,,,173,3,58,56,1,,26
1785605546691,403098,90,,,,60,2,31,46,1,,15
1785605591847,402094,90,,,,170,4,82,73,1,,26
1785605592847,400512,90,,,,112,2,82,73,1,,26
1785605664707,400509,90,,,,120,2,60,42,1,,26
1785605701235,404485,90,,,,141,5,29,75,1,,26
1785605731850,403103,90,,,,106,2,54,10,1,,15
1785605737813,407442,90,,,,168,3,53,52,1,,26
1785605741286,407441,90,,,,110,4,25,75,1,,26
1785605767330,403100,90,,,,58,2,27,41,1,,15
1785605772334,407443,90,,,,139,4,29,54,1,,26
1785605796870,408552,90,,,,139,5,27,72,1,,26
1785605817386,407439,90,,,,111,4,29,75,1,,26
1785605827409,405585,90,,,,60,2,30,40,1,,15
1785605845922,407437,90,,,,115,2,60,51,1,,26
1785605864452,409202,90,,,,55,2,28,46,1,,15
1785605874958,409201,90,,,,60,2,31,50,1,,15
1785605882468,409588,90,,,,115,3,31,44,1,,26
1785605899484,405584,90,,,,55,2,28,48,1,,15
1785605908497,409203,90,,,,64,1,64,0,1,,15
1785605950056,401611,,,,,115,4,29,69,0,,26
1785605971578,399436,32,,,,109,4,25,71,1,,31
1785605972080,399842,90,,,,58,1,58,0,1,,15
1785605978083,373697,90,,,,62,2,31,39,1,,15
1785605981585,374456,32,,,,136,3,83,73,1,,31
1785605988094,403097,32,,,,138,3,28,31,1,,31
1785605995103,373388,90,,,,118,2,58,48,1,,26
1785606014657,374459,32,,,,137,5,29,74,1,,31
1785606030671,373390,90,,,,134,5,29,80,1,,26
1785606040685,373392,90,,,,132,3,26,36,1,,26
1785606046189,373695,90,,,,53,2,26,44,1,,15
1785704194949,160002,,Large centipede,,,104,4,26,72,0,,30
1785704206459,75569,,Large centipede,,,150,3,91,67,0,,25
1785704208464,461254,,,,,61,2,31,48,0,,15
1785704221477,471500,,Rat,,,60,2,32,50,0,,15
1785705081259,502643,,,Rat Race,,114,4,27,72,0,,30
1785705113920,60013,,Mouse,Rat Race,,62,2,30,36,0,,15
1785705113920,60013,,Large centipede,Rat Race,,62,2,30,36,0,,15
1785705117930,495427,,Large centipede,Rat Race,,86,3,32,55,0,,
1785705117930,495427,,Mouse,Rat Race,,86,3,32,55,0,,
1785705117930,495427,,,,,86,3,32,55,0,,
1785705133941,306170,,Rat,Rat Race,,125,2,94,67,0,,25
1785705133941,306170,90,Rat,Rat Race,,125,2,94,67,1,,25
1785705133941,306170,90,Rat,Rat Race,,125,2,94,67,1,,25
1785705140447,471309,,Large centipede,Rat Race,,112,4,27,68,0,,30
1785705140447,471309,,Large centipede,Rat Race,,112,4,27,68,0,,30
1785705140447,471309,,Large centipede,Rat Race,,112,4,27,68,0,,30
1785705150956,471312,32,Large centipede,Rat Race,,134,5,27,77,1,,30
1785705150956,471312,32,Large centipede,Rat Race,,134,5,27,77,1,,30
1785705150957,471312,,Large centipede,Rat Race,,134,5,27,77,0,,30
1785705159470,461255,90,Large centipede,Rat Race,,89,3,27,52,1,,15
1785705159470,461255,90,Large centipede,Rat Race,,89,3,27,52,1,,15
1785705159470,461255,,Large centipede,Rat Race,,89,3,27,52,0,,15
1785705164971,75570,90,Mouse,Rat Race,,137,5,28,77,1,,25
1785705164971,75570,90,Mouse,Rat Race,,137,5,28,77,1,,25
1785705164971,75570,,Mouse,Rat Race,,137,5,28,77,0,,25
1785706646921,60067,21,Rabbit,Buya,,66,1,66,0,1,17,5
1785706663435,38249,90,Rabbit,Buya,,163,1,163,0,1,17,15
1785706680952,60103,21,White rabbit,Buya,,64,1,64,0,1,17,5
1785706685458,60079,21,Rabbit,Buya,,56,1,56,0,1,17,5
1785706707996,60066,21,Rabbit,Buya,,56,1,56,0,1,17,5
1785706709998,60098,21,Rabbit,Buya,,33,1,33,0,1,17,5
1785706712498,60083,21,Rabbit,Buya,,58,1,58,0,1,17,5
1785706730012,60094,21,Rabbit,Buya,,66,1,66,0,1,17,5
1785706734522,141647,21,Rabbit,Buya,,31,1,31,0,1,17,5
1785706735020,135204,21,Rabbit,Buya,,33,1,33,0,1,17,5
1785706762075,354554,21,Rabbit,Buya,Swift sword|Farmer armor|Merchant helm|Sea ring|Sea ring,66,1,66,0,1,17,5
1785706765079,241732,21,White rabbit,Buya,Swift sword|Farmer armor|Merchant helm|Sea ring|Sea ring,28,1,28,0,1,17,5
1785706777095,143014,21,Rabbit,Buya,Swift sword|Farmer armor|Merchant helm|Sea ring|Sea ring,28,1,28,0,1,17,5
1785710258935,552882,90,Rat,Vermin Cavern,Swift sword|Farmer armor|Merchant helm|Black ring|Sea ring,143,5,27,75,1,17,25
1785710272948,90988,90,Rat,Vermin Cavern,Swift sword|Farmer armor|Merchant helm|Black ring|Sea ring,120,4,30,71,1,17,25
1785710374620,461559,,,Vermin Cavern,,56,2,27,46,0,17,15
1785710381623,159283,,Mouse,Vermin Cavern,,64,1,64,0,0,17,15
1785710391129,462365,,Mouse,Vermin Cavern,,198,5,88,76,0,17,25
1785710406159,461560,,Rat,Vermin Cavern,,57,2,29,42,0,17,15
1785711173787,90989,,Rat,Thousand Legs,,170,4,91,73,0,17,25
1785711220847,59414,,Rat,Thousand Legs,,788,31,24,96,0,17,150
1785711228343,558946,,Rat,Thousand Legs,,142,5,29,73,0,17,30
1785711234347,95269,,Large centipede,Thousand Legs,,138,5,29,77,0,17,30
1785711247361,558947,,Large centipede,Thousand Legs,,134,5,29,78,0,17,30
1785711322947,95264,992,Big bat,Thousand Legs,,1809,67,28,69,1,17,600
1785711329958,95266,32,Large centipede,Thousand Legs,,111,4,28,74,1,17,30
1785711340459,563548,90,Large centipede,Thousand Legs,,120,4,30,71,1,17,25
1785711351469,90992,90,Rat,Thousand Legs,,106,2,76,68,1,17,25
1785711362479,90990,90,Large centipede,Thousand Legs,,105,4,25,70,1,17,25
1785711368990,564033,32,Large centipede,Thousand Legs,,108,4,29,73,1,17,30
1785711371997,564034,32,Large centipede,Thousand Legs,,105,4,26,73,1,17,30
1785711379010,564031,32,Large centipede,Thousand Legs,,129,3,80,80,1,17,30
1785711662015,565124,,Bat,Thousand Legs,Swift sword|Farmer armor|Merchant helm|Black ring|Sea ring,803,33,27,96,0,18,157
1785713196737,576036,,Large centipede,Thousand Legs,Swift sword|Farmer armor|Merchant helm|Black ring|Sea ring,121,2,30,7,0,18,31
1785713213860,566270,32,Large centipede,Thousand Legs,Swift sword|Farmer armor|Merchant helm|Black ring|Sea ring,110,4,29,72,1,18,31
1785713224871,568762,32,Large centipede,Thousand Legs,Swift sword|Farmer armor|Merchant helm|Black ring|Sea ring,144,5,30,76,1,18,31
1785713231878,566272,32,Large centipede,Thousand Legs,Swift sword|Farmer armor|Merchant helm|Black ring|Sea ring,110,4,26,72,1,18,31
1785713282935,59412,992,Bat,Thousand Legs,Swift sword|Farmer armor|Merchant helm|Black ring|Sea ring,817,29,71,93,1,18,157
1785713410224,567781,,Big bat,Thousand Legs,Swift sword|Farmer armor|Merchant helm|Black ring|Sea ring,2006,68,28,71,0,18,630
1785713414144,589692,32,Large centipede,Thousand Legs,Swift sword|Farmer armor|Merchant helm|Black ring|Sea ring,113,4,29,70,1,18,31
1785713854466,589691,,Large centipede,Thousand Legs,Swift sword|Farmer armor|Merchant helm|Black ring|Sea ring,109,4,25,74,0,18,31
1785713861475,589693,,Large centipede,Thousand Legs,Swift sword|Farmer armor|Merchant helm|Black ring|Sea ring,117,4,29,72,0,18,31
1785713957089,592597,,Big bat,Thousand Legs,Swift sword|Farmer armor|Merchant helm|Black ring|Sea ring,2640,92,86,99,0,18,630
1785713978616,565285,,Big bat,Thousand Legs,Swift sword|Farmer armor|Merchant helm|Black ring|Sea ring,122,2,62,47,0,18,26
1785713995633,589690,32,Rat,Thousand Legs,Swift sword|Farmer armor|Merchant helm|Black ring|Sea ring,146,3,29,79,1,18,31
1785713999634,90991,90,Rat,Thousand Legs,Swift sword|Farmer armor|Merchant helm|Black ring|Sea ring,144,3,31,50,1,18,26
1785714342521,565284,,,Thousand Legs,Swift sword|Farmer armor|Merchant helm|Black ring|Sea ring,30,1,30,0,0,18,25
1785714347022,95270,,Large centipede,Thousand Legs,Swift sword|Farmer armor|Merchant helm|Black ring|Sea ring,119,2,91,70,0,18,30
1785714395579,567782,,Large centipede,Thousand Legs,Swift sword|Farmer armor|Merchant helm|Black ring|Sea ring,823,30,27,94,0,18,150
1785714404079,594223,32,Large centipede,Thousand Legs,Swift sword|Farmer armor|Merchant helm|Black ring|Sea ring,139,5,25,76,1,18,30
1785714412594,600124,90,Large centipede,Thousand Legs,Swift sword|Farmer armor|Merchant helm|Black ring|Sea ring,171,4,82,69,1,18,25
1785714422604,602617,32,Rat,Thousand Legs,Swift sword|Farmer armor|Merchant helm|Black ring|Sea ring,121,2,30,23,1,18,30
1785714510797,600122,992,Big bat,Thousand Legs,Swift sword|Farmer armor|Merchant helm|Black ring|Sea ring,2167,81,27,98,1,18,600
1785714522812,604175,32,Large centipede,Thousand Legs,Swift sword|Farmer armor|Merchant helm|Black ring|Sea ring,110,4,29,72,1,18,30
1785714529316,604176,32,Large centipede,Thousand Legs,Swift sword|Farmer armor|Merchant helm|Black ring|Sea ring,137,5,30,78,1,18,30
1785714544401,604870,90,Large centipede,Thousand Legs,Swift sword|Farmer armor|Merchant helm|Black ring|Sea ring,148,3,30,53,1,18,25
1785714551908,599372,32,Rat,Thousand Legs,Swift sword|Farmer armor|Merchant helm|Black ring|Sea ring,139,5,30,76,1,18,30
1785714569930,565286,90,Rat,Thousand Legs,Swift sword|Farmer armor|Merchant helm|Black ring,119,3,29,41,1,18,25
1785714662512,591447,992,Bat,Thousand Legs,Swift sword|Farmer armor|Merchant helm|Black ring,876,29,25,94,1,18,150
1785715534569,607414,,Large centipede,Thousand Legs,Swift sword|Farmer armor|Merchant helm|Black ring|Sea ring,133,5,25,77,0,18,30
1785715541073,604177,,Large centipede,Thousand Legs,Swift sword|Farmer armor|Merchant helm|Black ring|Sea ring,143,3,91,31,0,18,30
1785715546085,608075,,,Thousand Legs,Swift sword|Farmer armor|Merchant helm|Black ring|Sea ring,120,4,31,73,0,18,25
1785715548584,599371,,Large centipede,Thousand Legs,Swift sword|Farmer armor|Merchant helm|Black ring|Sea ring,115,4,27,73,0,18,30
1785715558593,608076,,Large centipede,Thousand Legs,Swift sword|Farmer armor|Merchant helm|Black ring|Sea ring,113,2,60,53,0,18,25
1785715600137,607417,,Large centipede,Thousand Legs,Swift sword|Farmer armor|Merchant helm|Black ring|Sea ring,910,34,26,94,0,18,150
1785715681730,75557,,Bat,Sonar Central,Swift sword|Farmer armor|Merchant helm|Sea ring,942,32,27,94,0,18,150
1785715739280,75552,992,Bat,Sonar Central,Swift sword|Farmer armor|Merchant helm|Sea ring,935,34,69,97,1,18,150
1785715850424,75556,992,Bat,Sonar Central,Swift sword|Farmer armor|Merchant helm|Sea ring,832,30,69,96,1,18,150
1785715897471,75553,992,Bat,Sonar Central,Swift sword|Farmer armor|Merchant helm|Sea ring,877,34,24,97,1,18,150
1785716178373,620134,992,Bat,Sonar Central,Swift sword|Farmer armor|Merchant helm|Sea ring,830,32,24,96,1,18,150
1785716236429,470804,,Bat,Rat Race,Swift sword|Farmer armor|Merchant helm|Sea ring,60,2,29,34,0,18,15
1785716243939,506257,,Large centipede,Rat Race,Swift sword|Farmer armor|Merchant helm|Sea ring,113,4,29,73,0,18,30
1785716266461,530591,,Rat,Rat Race,Swift sword|Farmer armor|Merchant helm|Black ring|Sea ring,110,4,28,70,0,18,30
1785716275966,561687,90,Mouse,Rat Race,Swift sword|Farmer armor|Merchant helm|Black ring|Sea ring,62,2,31,50,1,18,15
1785716281970,510427,32,Large centipede,Rat Race,Swift sword|Farmer armor|Merchant helm|Black ring|Sea ring,131,5,27,79,1,18,30
1785716290481,509904,,Large centipede,Rat Race,Swift sword|Farmer armor|Merchant helm|Black ring|Sea ring,54,1,54,0,0,18,15
1785716299986,504899,90,Large centipede,Rat Race,Swift sword|Farmer armor|Merchant helm|Black ring|Sea ring,56,1,56,0,1,18,15
1785716307993,306169,90,Mouse,Rat Race,Swift sword|Farmer armor|Merchant helm|Black ring|Sea ring,145,3,28,52,1,18,25
1785716328025,461253,90,Large centipede,Rat Race,Swift sword|Farmer armor|Merchant helm|Sea ring,108,4,27,71,1,18,25
1785716334535,530768,90,Large centipede,Rat Race,Swift sword|Farmer armor|Merchant helm|Sea ring,133,3,28,33,1,18,25
1785716336539,60008,90,,Rat Race,Swift sword|Farmer armor|Merchant helm|Sea ring,93,3,32,50,1,18,15
1785716342546,622916,32,Rat,Rat Race,Swift sword|Farmer armor|Merchant helm|Sea ring,136,5,29,75,1,18,30
1785716346547,504898,90,Mouse,Rat Race,Swift sword|Farmer armor|Merchant helm|Sea ring,58,2,28,41,1,18,15
1785716353560,508830,32,Large centipede,Rat Race,Swift sword|Farmer armor|Merchant helm|Sea ring,136,5,27,77,1,18,30
1785716369072,470938,90,Rat,Rat Race,Swift sword|Farmer armor|Merchant helm|Black ring|Sea ring,114,4,28,72,1,18,25
1785716377083,75572,90,Rat,Rat Race,Swift sword|Farmer armor|Merchant helm|Black ring|Sea ring,109,4,26,75,1,18,25
1785716384089,506256,32,Large centipede,Rat Race,Swift sword|Farmer armor|Merchant helm|Black ring|Sea ring,133,5,27,78,1,18,30
1785716386594,622814,90,Rat,Rat Race,Swift sword|Farmer armor|Merchant helm|Black ring|Sea ring,57,2,30,48,1,18,15
1785716390597,494543,90,Rat,Rat Race,Swift sword|Farmer armor|Merchant helm|Black ring|Sea ring,110,4,30,73,1,18,25
1785716394096,60004,90,,Rat Race,Swift sword|Farmer armor|Merchant helm|Black ring|Sea ring,89,3,29,48,1,18,15
1785716403119,495428,90,Mouse,Rat Race,Swift sword|Farmer armor|Merchant helm|Sea ring,91,3,32,56,1,18,15
1785716409643,60009,90,Mouse,Rat Race,Swift sword|Farmer armor|Merchant helm|Sea ring,59,2,30,50,1,18,15
1785716411150,622917,32,,Rat Race,Swift sword|Farmer armor|Merchant helm|Sea ring,136,5,26,78,1,18,30
1785716414652,473184,90,Mouse,Rat Race,Swift sword|Farmer armor|Merchant helm|Sea ring,134,3,82,77,1,18,25
1785716425170,625069,90,Rat,Rat Race,Swift sword|Farmer armor|Merchant helm|Sea ring,139,5,26,73,1,18,25
1785716431689,625081,90,Rat,Rat Race,Swift sword|Farmer armor|Merchant helm|Sea ring,60,2,28,31,1,18,15
1785716444707,625074,90,Mouse,Rat Race,Swift sword|Farmer armor|Merchant helm|Black ring|Sea ring,58,2,31,46,1,18,15
1785716450251,471501,90,Rat,Rat Race,Swift sword|Farmer armor|Merchant helm|Black ring|Sea ring,62,2,32,48,1,18,15
1785716450754,625076,90,Ginseng piece	White rat,Rat Race,Swift sword|Farmer armor|Merchant helm|Black ring|Sea ring,62,1,62,0,1,18,15
1785716466801,625079,90,Mouse,Rat Race,Swift sword|Farmer armor|Merchant helm|Black ring|Sea ring,62,1,62,0,1,18,15
1785716472815,625082,90,Mouse,Rat Race,Swift sword|Farmer armor|Merchant helm|Black ring|Sea ring,87,3,29,53,1,18,15
1785716485394,625072,90,Mouse,Rat Race,Swift sword|Farmer armor|Merchant helm|Black ring|Sea ring,112,4,27,70,1,18,25
1785716502071,625068,90,Mouse,Rat Race,Swift sword|Farmer armor|Merchant helm|Sea ring,114,3,27,37,1,18,25
1785716512117,625073,90,Rat,Rat Race,Swift sword|Farmer armor|Merchant helm|Sea ring,114,4,30,75,1,18,25
1785716525192,506814,90,Rat,Rat Race,Swift sword|Farmer armor|Merchant helm|Sea ring,112,4,30,74,1,18,25
1785716541768,625075,90,Rat,Rat Race,Swift sword|Farmer armor|Merchant helm|Sea ring,59,2,27,34,1,18,15
1785716547782,625070,90,Mouse,Rat Race,Swift sword|Farmer armor|Merchant helm|Sea ring,111,4,28,73,1,18,25
1785716555346,625080,90,Rat,Rat Race,Swift sword|Farmer armor|Merchant helm|Sea ring,60,1,60,0,1,18,15
1785716569447,625077,90,Mouse,Rat Race,Swift sword|Farmer armor|Merchant helm|Black ring|Sea ring,181,1,181,0,1,18,15
1785716577982,555065,,Mouse,Vermin Cavern,Swift sword|Farmer armor|Merchant helm|Black ring|Sea ring,119,2,62,49,0,18,25
1785716581006,59996,,Mouse,Vermin Cavern,Swift sword|Farmer armor|Merchant helm|Black ring|Sea ring,62,2,32,37,0,18,15
1785716584528,305845,,Rat,Vermin Cavern,Swift sword|Farmer armor|Merchant helm|Black ring|Sea ring,110,4,27,76,0,18,25
1785716590571,470802,,Rat,Vermin Cavern,Swift sword|Farmer armor|Merchant helm|Black ring|Sea ring,56,1,56,0,0,18,15
1785716604685,90986,,Rat,Vermin Cavern,Swift sword|Farmer armor|Merchant helm|Black ring|Sea ring,115,4,29,71,0,18,25
1785716617885,460975,,Mouse,Vermin Cavern,Swift sword|Farmer armor|Merchant helm|Sea ring,141,5,29,79,0,18,25
1785716634491,90984,,White rat,Vermin Cavern,Swift sword|Farmer armor|Merchant helm|Sea ring,147,3,30,49,0,18,25
1785716644290,511321,,Rat,Vermin Cavern,Swift sword|Farmer armor|Merchant helm|Sea ring,64,2,32,45,0,18,15
1785716655940,555375,90,Mouse,Vermin Cavern,Swift sword|Farmer armor|Merchant helm|Sea ring,61,2,31,43,1,18,15
1785716668044,90982,90,Mouse,Vermin Cavern,Swift sword|Farmer armor|Merchant helm|Sea ring,145,5,30,76,1,18,25
1785716704645,555377,90,Rat,Vermin Cavern,Swift sword|Farmer armor|Merchant helm|Sea ring,58,1,58,0,1,18,15
1785723880393,356616,25,Green squirrel,Leviathan Fields,Novice sword|Farmer armor|Merchant helm|Black ring|Sea ring,167,12,12,84,1,18,577
1785723913247,104804,25,Green squirrel,Leviathan Fields,Novice sword|Farmer armor|Merchant helm|Black ring|Sea ring,157,9,42,81,1,18,577
1785723949323,664464,25,Green squirrel,Leviathan Fields,Novice sword|Farmer armor|Merchant helm|Black ring|Sea ring,163,10,39,85,1,18,577
1785723969353,104800,25,Green squirrel,Leviathan Fields,Novice sword|Farmer armor|Merchant helm|Black ring|Sea ring,142,10,13,81,1,18,577
1785723987367,664462,25,Green squirrel,Leviathan Fields,Novice sword|Farmer armor|Merchant helm|Black ring|Sea ring,166,10,37,82,1,18,577
1785724092476,353584,25,Green squirrel,Leviathan Hermit,Novice sword|Farmer armor|Merchant helm|Black ring|Sea ring,167,11,37,91,1,18,577
1785724121506,106193,25,Green squirrel,Leviathan Hermit,Novice sword|Farmer armor|Merchant helm|Black ring|Sea ring,158,10,12,80,1,18,577
1785724149047,353588,25,Green squirrel,Leviathan Hermit,Novice sword|Farmer armor|Merchant helm|Black ring|Sea ring,153,12,13,91,1,18,577
1785724167070,353586,25,Green squirrel,Leviathan Hermit,Novice sword|Farmer armor|Merchant helm|Black ring|Sea ring,171,5,42,84,1,18,577
1785724550252,104808,,Green squirrel,Leviathan Fields,Novice sword|Farmer armor|Merchant helm|Black ring|Sea ring,133,9,14,78,0,18,577
1785724566813,356614,,Green squirrel,Leviathan Fields,Novice sword|Farmer armor|Merchant helm|Black ring|Sea ring,140,11,13,90,0,18,577
1785724606960,356618,25,Green squirrel,Leviathan Fields,Novice sword|Farmer armor|Merchant helm|Black ring|Sea ring,152,9,37,81,1,18,577
1785724692055,718906,25,Green squirrel,Leviathan Fields,Novice sword|Farmer armor|Merchant helm|Black ring|Sea ring,159,12,13,91,1,19,577
1785724740110,718900,25,Green squirrel,Leviathan Fields,Novice sword|Farmer armor|Merchant helm|Black ring|Sea ring,153,12,13,90,1,19,577
1785724805216,718904,25,Green squirrel,Leviathan Fields,Novice sword|Farmer armor|Merchant helm|Black ring|Sea ring,185,12,14,91,1,19,577
1785724858770,727790,,Green squirrel,Leviathan Fields,Novice sword|Farmer armor|Merchant helm|Black ring|Sea ring,115,9,13,63,0,19,577
1785724901326,718902,25,Green squirrel,Leviathan Fields,Novice sword|Farmer armor|Merchant helm|Black ring|Sea ring,159,12,12,90,1,19,577
1785724932358,216507,,Green squirrel,Leviathan Mound,Novice sword|Farmer armor|Merchant helm|Black ring|Sea ring,166,13,14,92,0,19,577
1785724964902,640534,25,Green squirrel,Leviathan Mound,Novice sword|Farmer armor|Merchant helm|Black ring|Sea ring,171,12,14,84,1,19,577
1785724985422,640536,25,Green squirrel,Leviathan Mound,Novice sword|Farmer armor|Merchant helm|Black ring|Sea ring,158,12,13,90,1,19,577
1785725038471,718908,25,Green squirrel,Leviathan Fields,Novice sword|Farmer armor|Merchant helm|Black ring|Sea ring,147,9,12,80,1,19,577
1785725059026,727788,25,Green squirrel,Leviathan Fields,Novice sword|Farmer armor|Merchant helm|Black ring|Sea ring,167,13,14,92,1,19,577
1786750924086,95582,,,Leviathan Hermit,Swift sword|Farmer armor|Merchant helm|Sea ring|Black ring,188,5,32,59,0,21,577
1786750964642,95584,25,,Leviathan Hermit,Swift sword|Farmer armor|Merchant helm|Sea ring|Black ring,217,5,96,79,1,21,577
1786750991173,95586,25,,Leviathan Hermit,Swift sword|Farmer armor|Merchant helm|Sea ring|Black ring,153,4,31,55,1,21,577
1786761432298,576664,25,,,,172,6,27,81,1,24,577
1786761469344,576672,25,,,,151,3,31,56,1,24,577
1786761514387,576668,25,,,,140,4,30,59,1,24,577
1786761715911,578396,25,,,,172,6,27,79,1,24,577
1786761727929,578386,25,,,,177,6,27,80,1,24,577
1786761732434,578380,25,,,,146,5,27,80,1,24,577
1786761745445,578412,25,,,,176,4,91,81,1,24,577
1786761750950,578390,25,,,,172,3,55,65,1,24,577
1786761762467,578394,25,,,,150,5,30,79,1,24,577
1786761774974,578382,25,,,,149,5,28,78,1,24,577
1786761797996,578378,25,,,,151,3,28,35,1,24,577
1786761808509,578388,25,,,,175,6,29,81,1,24,577
1786761823522,578406,25,,,,183,4,30,66,1,24,577
1786761868278,578398,25,,,,179,4,28,40,1,24,577
1786771130655,201899,125,,,,2455,77,33,98,1,25,4725
1786771263527,201894,125,,,,2664,81,34,94,1,25,4725
1786771495493,201897,125,,,,2190,65,108,98,1,25,4725
1786771623288,201900,,,,,544,18,27,18,0,25,4725
1786771715914,675920,125,,,,2177,63,32,97,1,25,4725
1786771983465,677527,125,,,,2816,84,30,98,1,25,4725
1786772110192,201896,125,,,,365,9,105,9,1,25,4725
1786773881424,674289,,,Mythic Waters 1,,2347,69,102,98,0,26,4500
1786774001558,682307,,,Mythic Waters 1,,2523,67,33,98,0,26,4500
1786774065126,679912,,,Mythic Waters 1,,2271,68,32,89,0,26,4500
1786774161240,682311,,,Mythic Waters 1,,2511,74,25,98,0,26,4500
1786776319869,703407,,,Mythic Waters 1,,2347,67,37,98,0,26,4500
1786776745341,650380,,,Mythic Waters 1,,2077,57,30,93,0,26,4500
1786776821926,703442,,,Mythic Waters 1,,2518,73,35,98,0,26,4500
1786776906208,703444,,,Mythic Waters 1,,2527,72,32,98,0,26,4500
1786777331717,703445,,,Mythic Waters 1,Viperhead woodsword|Royal armor|Black ring|Black ring,2502,65,99,95,0,26,4500
1786778157758,708271,,,Mythic Waters 1,Viperhead woodsword|Royal armor|Black ring|Black ring,2487,74,29,98,0,26,4500
1786778315426,711896,,,Mythic Waters 1,Viperhead woodsword|Royal armor|Black ring|Black ring,2743,83,37,99,0,26,4500
1786816223974,258361,,,Mythic Waters 1,Viperhead woodsword|Royal armor|Black ring|Black ring,2732,75,38,98,0,27,4500
1786816584350,208293,,,Mythic Waters 1,Viperhead woodsword|Royal armor|Black ring|Black ring,2117,58,38,95,0,27,4500
1786816644915,258360,,,Mythic Waters 1,Viperhead woodsword|Royal armor|Black ring|Black ring,2195,66,33,97,0,27,4500
1786817191601,430321,,,Mythic Waters 1,,2577,79,34,99,0,27,4500
1786817331511,435618,125,,Mythic Waters 1,,2527,52,87,98,1,27,
1786817340862,435620,125,,Mythic Waters 1,,2581,35,87,92,1,27,4500
1786817343380,435622,125,,Mythic Waters 1,,2526,39,28,94,1,27,4500
1786817419469,435617,125,,Mythic Waters 1,,2510,63,34,97,1,27,4500
1786817485032,435509,,,Mythic Waters 1,,2856,82,39,98,0,27,4500
1786818250668,435511,125,,Mythic Waters 1,Viperhead woodsword|Royal armor|Black ring|Black ring,2816,82,39,98,1,27,4500
1786819343726,439408,,,Mythic Waters 1,Viperhead woodsword|Royal armor|Black ring|Black ring,1740,53,32,78,0,27,4500
1786819424805,445270,,,Mythic Waters 1,Viperhead woodsword|Royal armor|Black ring|Black ring,2690,81,30,98,0,27,4500
1786819497897,445271,125,,Mythic Waters 1,Viperhead woodsword|Royal armor|Black ring|Black ring,2203,64,39,98,1,27,4500
1786819813516,453746,,,Mythic Waters 1,Viperhead woodsword|Royal armor|Black ring|Black ring,2345,63,87,98,0,27,4500
1786820010738,456818,125,,Mythic Waters 1,Viperhead woodsword|Royal armor|Black ring|Black ring,2409,71,30,98,1,27,4500
1786820049270,460440,125,,Mythic Waters 1,Viperhead woodsword|Royal armor|Black ring|Black ring,2668,23,189,97,1,27,
1786820049270,460442,125,,Mythic Waters 1,Viperhead woodsword|Royal armor|Black ring|Black ring,2616,24,179,97,1,27,
1786820094417,460438,125,,Mythic Waters 1,Viperhead woodsword|Royal armor|Black ring|Black ring,2505,53,30,96,1,27,4500
1786820144973,460443,125,,Mythic Waters 1,Viperhead woodsword|Royal armor|Black ring|Black ring,2506,63,37,96,1,27,4500
1786820177838,462086,125,,Mythic Waters 1,Viperhead woodsword|Royal armor|Black ring|Black ring,2504,32,95,96,1,27,
1786820177838,462089,125,,Mythic Waters 1,Viperhead woodsword|Royal armor|Black ring|Black ring,2584,32,87,97,1,27,
1786820241571,462087,125,,Mythic Waters 1,Viperhead woodsword|Royal armor|Black ring|Black ring,2529,48,33,97,1,27,4500
1786820257585,208291,125,,Mythic Waters 1,Viperhead woodsword|Royal armor|Black ring|Black ring,2549,53,29,98,1,27,4500
1786820335683,462084,125,,Mythic Waters 1,Viperhead woodsword|Royal armor|Black ring|Black ring,2515,72,39,97,1,27,4500
1786820475329,258359,125,,Mythic Waters 1,Viperhead woodsword|Royal armor|Black ring|Black ring,2438,75,36,98,1,27,4500
1786820788161,465824,125,,Mythic Waters 1,Viperhead woodsword|Royal armor|Black ring|Black ring,2714,79,39,99,1,27,4500
1786820880761,435510,125,,Mythic Waters 1,Viperhead woodsword|Royal armor|Black ring|Black ring,2307,69,36,98,1,27,4500
1786821016893,456817,125,,Mythic Waters 1,Viperhead woodsword|Royal armor|Black ring|Black ring,2754,75,87,98,1,28,4500
1786821115001,445269,125,,Mythic Waters 1,Viperhead woodsword|Royal armor|Black ring|Black ring,2163,55,27,98,1,28,4500
1786821161397,468964,125,,Mythic Waters 1,Viperhead woodsword|Royal armor|Black ring|Black ring,2539,25,148,92,1,28,
1786821239228,468961,125,,Mythic Waters 1,Viperhead woodsword|Royal armor|Black ring|Black ring,2561,67,81,98,1,28,4500
1786821343339,468962,125,,Mythic Waters 1,Viperhead woodsword|Royal armor|Black ring|Black ring,2504,65,28,97,1,28,4500
1786821404498,463281,125,,Mythic Waters 1,Viperhead woodsword|Royal armor|Black ring|Black ring,2367,67,90,98,1,28,4500
1786821462058,468960,125,,Mythic Waters 1,Viperhead woodsword|Royal armor|Black ring|Black ring,2508,64,25,97,1,28,4500
1786821547286,468051,125,,Mythic Waters 1,Viperhead woodsword|Royal armor|Black ring|Black ring,2634,78,35,98,1,28,4500
1786847165430,111364,25,,,,166,5,34,81,1,65,550
1786847174939,111366,25,,,,164,4,31,59,1,65,550
1786847232515,111384,,,,,164,5,35,78,0,65,550
1786847251033,111388,25,,,,170,4,31,55,1,65,550
1786847283567,111382,,,,,135,4,35,74,0,65,550
1786847294578,775158,,,,,199,4,34,81,0,65,550
1786847305587,111376,,,,,138,4,36,73,0,65,550
1786847314095,111362,,,,,140,4,36,73,0,65,550
1786847325105,111390,25,,,,167,5,34,77,1,65,550
1786847336117,111372,25,,,,138,4,35,76,1,65,550
1786847342624,111380,25,,,,161,3,94,74,1,65,550
1786847353134,111370,25,,,,170,4,33,51,1,65,550
1786847366143,775160,25,,,,162,3,32,48,1,65,550
1786847383163,111394,25,,,,173,5,35,79,1,65,550
1786847394674,111386,25,,,,168,3,36,56,1,16,550
1786847414203,111392,25,,,,166,4,32,58,1,16,550
1786847431225,111368,25,,,,167,5,34,74,1,16,550
1786847474768,111378,25,,,,132,4,33,73,1,16,550
1786847700505,778455,25,,,,210,1,210,0,1,16,550
1786847708013,778483,25,,,,177,4,35,58,1,16,550
1786847716018,778453,25,,,,162,3,32,54,1,16,550
1786847729040,778477,25,,,,171,5,35,75,1,16,550
1786847735648,778485,25,,,,163,4,35,53,1,16,550
1786847747162,778459,25,,,,134,4,33,73,1,16,550
1786847758173,778461,25,,,,199,6,33,81,1,16,550
1786847765807,778481,25,,,,206,4,108,80,1,16,550
1786855626400,778469,,,,,185,6,34,82,0,16,550
1786855641418,789386,25,,,,154,5,26,76,1,16,550
1786855649426,778465,25,,,,189,5,33,63,1,16,550
1786855656436,778457,25,,,,186,5,31,58,1,16,550
1786855665452,778451,25,,,,176,6,29,81,1,17,550
1786855671955,789388,25,,,,159,5,33,81,1,17,550
1786855705502,789384,25,,,,155,5,32,83,1,17,550
1786855717002,789396,25,,,,185,5,28,61,1,17,550
1786855735527,789390,25,,,,146,5,26,78,1,17,550
1786855745032,778467,25,,,,185,3,94,57,1,17,550
1786855756042,778475,25,,,,176,5,33,62,1,17,550
1786855763550,778479,25,,,,156,5,32,77,1,17,550
1786855792081,778471,,,Southern Path,,158,5,35,77,0,17,550
1786855821631,789394,25,,Southern Path,Viperhead woodsaber,172,3,34,51,1,17,550
1786855828641,778463,25,,Southern Path,Viperhead woodsaber,157,3,34,52,1,17,550
1786855854161,860855,25,,Southern Path,Viperhead woodsaber,171,1,171,0,1,17,550
1786855862672,860867,25,,Southern Path,Viperhead woodsaber,159,4,36,53,1,17,550
1786855876194,860869,25,,Southern Path,Viperhead woodsaber,159,3,31,47,1,17,550
1786855885709,860879,25,,Southern Path,Viperhead woodsaber,150,5,26,79,1,17,550
1786855899721,789392,25,,Southern Path,Viperhead woodsaber,228,6,82,83,1,17,550
1786855916233,860871,25,,Southern Path,Viperhead woodsaber,168,4,36,53,1,17,550
1786855933753,789398,,,,,60,2,28,5,0,17,550
1786855951271,860881,,,Southern Path,Viperhead woodsaber,156,5,30,73,0,18,550
1786855960278,860877,,,Southern Path,Viperhead woodsaber,158,5,29,75,0,18,550
1786855965783,860857,,,Southern Path,Viperhead woodsaber,159,5,37,81,0,18,550
1786855996321,860865,25,,Southern Path,Viperhead woodsaber,163,4,36,63,1,18,550
1786856011839,778473,25,,Southern Path,Viperhead woodsaber,179,6,27,79,1,18,550
1786856027350,860861,25,,Southern Path,Viperhead woodsaber,181,4,85,80,1,18,550
1786856044995,860875,25,,Southern Path,Viperhead woodsaber,197,6,35,79,1,18,550
1786856054982,860859,25,,Southern Path,Viperhead woodsaber,202,4,102,76,1,18,550
1786856066781,860863,25,,Southern Path,Viperhead woodsaber,194,6,35,81,1,18,550
1786856101542,860873,25,,Southern Path,Viperhead woodsaber,160,5,28,73,1,18,550
1786856248693,105720,,,Southern Fork,Viperhead woodsaber,156,5,28,79,0,18,550
1786856257209,105718,,,Southern Fork,Viperhead woodsaber,164,5,28,78,0,18,550
1786856271222,105722,25,,Southern Fork,Viperhead woodsaber,136,4,31,74,1,18,550
1786856286735,94994,25,,Leviathan Hermit,Viperhead woodsaber,164,3,34,48,1,18,550
1786856314766,864364,25,,Southern Path,Viperhead woodsaber,156,5,33,78,1,18,550
1786856322276,864344,25,,Southern Path,Viperhead woodsaber,157,5,37,81,1,18,550
1786856350331,864334,25,,Southern Path,Viperhead woodsaber,186,6,30,82,1,18,550
1786856359833,864362,25,,Southern Path,Viperhead woodsaber,186,4,30,60,1,18,550
1786856369348,864346,25,,Southern Path,Viperhead woodsaber,181,5,34,66,1,18,550
1786856375364,864358,25,,Southern Path,Viperhead woodsaber,173,5,34,77,1,18,550
1786856395381,864336,25,,Southern Path,Viperhead woodsaber,194,6,37,83,1,18,550
1786856406893,864352,25,,Southern Path,Viperhead woodsaber,170,2,96,50,1,18,550
1786856420428,864354,25,,Southern Path,Viperhead woodsaber,172,6,30,83,1,18,550
1786856430928,864340,25,,Southern Path,Viperhead woodsaber,150,4,34,61,1,18,550
1786856477081,864342,,,Southern Path,,171,3,32,76,0,18,550
1786856503109,864368,25,,Southern Path,Viperhead woodsaber,162,5,33,75,1,18,550
1786856508113,864348,25,,Southern Path,Viperhead woodsaber,201,4,102,79,1,18,550
1786856524138,864338,,,Southern Path,Viperhead woodsaber,162,5,37,80,0,18,550
1786856543655,864366,25,,Southern Path,Viperhead woodsaber,184,5,30,62,1,18,550
1786856623754,864356,25,,Southern Path,Viperhead woodsaber,168,4,33,52,1,18,550
1786856718682,865878,,,Southern Fork,,185,6,28,83,0,18,550
1786856734698,865876,25,,Southern Fork,Viperhead woodsaber,156,5,27,74,1,18,550
1786856763734,865880,25,,Southern Fork,Viperhead woodsaber,171,5,35,74,1,18,550
1786856786762,864350,,,Southern Path,Viperhead woodsaber,153,5,27,71,0,18,550
1786856814800,864360,25,,Southern Path,Viperhead woodsaber,153,4,28,58,1,18,550
1786856849412,869357,25,,Southern Path,Viperhead woodsaber,189,3,62,54,1,19,550
1786856856921,869359,25,,Southern Path,Viperhead woodsaber,173,6,29,82,1,19,550
1786856864426,869381,25,,Southern Path,Viperhead woodsaber,189,4,33,57,1,19,550
1786856870936,869379,25,,Southern Path,Viperhead woodsaber,185,6,34,81,1,19,550
1786856881443,869361,25,,Southern Path,Viperhead woodsaber,191,6,34,83,1,19,550
1786856902468,869377,25,,Southern Path,Viperhead woodsaber,180,4,35,67,1,19,550
1786856914482,869367,25,,Southern Path,Viperhead woodsaber,189,5,37,59,1,19,550
1786856930502,869349,25,,Southern Path,Viperhead woodsaber,151,5,30,79,1,19,550
1786856940014,869355,25,,Southern Path,Viperhead woodsaber,194,4,31,80,1,19,550
1786856959529,869371,25,,Southern Path,Viperhead woodsaber,170,5,35,75,1,19,550
1786856981562,869363,25,,Southern Path,Viperhead woodsaber,195,3,102,60,1,19,550
1786856990575,869351,25,,Southern Path,Viperhead woodsaber,157,5,33,79,1,19,550
1786856996576,869373,25,,Southern Path,Viperhead woodsaber,165,1,165,0,1,19,550
1786857012606,869365,25,,Southern Path,Viperhead woodsaber,158,5,30,77,1,19,550
1786857025618,869375,25,,Southern Path,Viperhead woodsaber,139,3,37,47,1,19,550
1786857047642,869353,25,,Southern Path,Viperhead woodsaber,185,6,34,82,1,19,550
1786857064174,869369,25,,Southern Path,Viperhead woodsaber,154,4,30,54,1,19,550
1786857202829,871132,,,Southern Fork,,186,4,28,57,0,19,550
1786857219350,871134,,,Southern Fork,Viperhead woodsaber,180,6,30,80,0,19,550
1786857243379,871130,25,,Southern Fork,Viperhead woodsaber,157,5,29,80,1,19,550
1786857353097,873652,,,Southern Path,Viperhead woodsaber,195,6,35,79,0,19,550
1786857362615,873646,,,Southern Path,Viperhead woodsaber,167,4,37,57,0,19,550
1786857368118,873634,,,Southern Path,Viperhead woodsaber,146,5,29,80,0,19,550
1786857383135,873650,,,Southern Path,Viperhead woodsaber,161,4,28,48,0,19,550
1786857407162,873656,,,Southern Path,Viperhead woodsaber,187,5,34,61,0,19,550
1786857415672,873644,25,,Southern Path,Viperhead woodsaber,212,5,96,75,1,19,550
1786857428182,873636,25,,Southern Path,Viperhead woodsaber,200,6,37,80,1,19,550
1786857445703,873632,25,,Southern Path,Viperhead woodsaber,161,4,37,62,1,19,550
1786857453716,873638,25,,Southern Path,Viperhead woodsaber,200,5,37,56,1,19,550
1786857464726,873640,25,,Southern Path,Viperhead woodsaber,244,4,111,54,1,19,550
1786857497966,873642,,,,,65,2,33,1,0,19,550
1786857513277,873648,25,,Southern Path,Viperhead woodsaber,167,5,37,80,1,19,550
1786857534810,873624,25,,Southern Path,Viperhead woodsaber,151,3,88,77,1,19,550
1786859512137,91607,,,Buya,Military fork|Jade scale mail|Merchant helm,1138,11,132,85,0,20,2100
1786859542163,91608,,,Buya,Military fork|Jade scale mail|Merchant helm,1822,13,142,93,0,20,2100
1786859580207,91612,,,Buya,Military fork|Jade scale mail|Merchant helm,1152,10,134,84,0,20,2100
1786859609734,91609,617,,Buya,Military fork|Jade scale mail|Merchant helm,1536,11,140,90,1,20,2100
1786859648811,887155,617,,Buya,Military fork|Jade scale mail|Merchant helm,1792,13,140,92,1,20,2100
1786859669833,887158,617,,Buya,Military fork|Jade scale mail|Merchant helm,374,7,136,81,1,20,2100
1786859698863,885570,617,,Buya,Military fork|Jade scale mail|Merchant helm,1516,11,140,90,1,22,2100
1786859724893,887159,617,,Buya,Military fork|Jade scale mail|Merchant helm,1672,12,138,91,1,22,2100
1786859761931,887156,617,,Buya,Military fork|Jade scale mail|Merchant helm,744,8,142,81,1,22,2100
1786859782463,887160,617,,Buya,Military fork|Jade scale mail|Merchant helm,1022,10,136,84,1,22,2100
1786859809492,885573,617,,Buya,Military fork|Jade scale mail|Merchant helm,1774,13,134,91,1,22,2100
1786859838528,887162,617,,Buya,Military fork|Jade scale mail|Merchant helm,1154,11,144,85,1,22,2100
1786859871570,888526,617,,Buya,Military fork|Jade scale mail|Merchant helm,1670,13,132,85,1,22,2100
1786859893593,888525,617,,Buya,Military fork|Jade scale mail|Merchant helm,878,8,140,82,1,22,2100
1786859921630,888532,617,,Buya,Military fork|Jade scale mail|Merchant helm,1272,10,134,83,1,22,2100
1786859953149,888530,617,,Buya,Military fork|Jade scale mail|Merchant helm,1918,14,136,92,1,22,2100
1786859980178,887161,617,,Buya,Military fork|Jade scale mail|Merchant helm,1180,11,140,84,1,22,2100
1786860000201,887157,617,,Buya,Military fork|Jade scale mail|Merchant helm,1652,12,142,90,1,22,2100
1786860022285,888529,617,,Buya,Military fork|Jade scale mail|Merchant helm,1130,11,132,85,1,22,2100
1786860044813,888531,617,,Buya,Military fork|Jade scale mail|Merchant helm,1372,10,134,90,1,22,2100
1786860069336,888527,617,,Buya,Military fork|Jade scale mail|Merchant helm,1658,12,140,90,1,22,2100
1786860130401,884327,617,,Buya,Military fork|Jade scale mail|Merchant helm,1577,13,134,91,1,22,2100
1786860151424,888524,617,,Buya,Military fork|Jade scale mail|Merchant helm,1168,11,140,85,1,22,2100
1786860175950,890679,617,,Buya,Military fork|Jade scale mail|Merchant helm,1018,9,134,83,1,22,2100
1786860237015,888528,617,,Buya,Military fork|Jade scale mail|Merchant helm,1810,13,140,92,1,23,2100
1786860262761,890675,617,,Buya,Military fork|Jade scale mail|Merchant helm,1670,12,134,92,1,23,2100
1786860291796,890674,617,,Buya,Military fork|Jade scale mail|Merchant helm,1798,13,160,91,1,23,2100
1786860320828,890685,617,,Buya,Military fork|Jade scale mail|Merchant helm,1648,12,134,91,1,23,2100
1786860356366,892560,617,,Buya,Military fork|Jade scale mail|Merchant helm,1762,13,138,92,1,23,2100
1786860377389,890677,617,,Buya,Military fork|Jade scale mail|Merchant helm,1372,11,140,81,1,23,2100
1786860411433,890684,617,,Buya,Military fork|Jade scale mail|Merchant helm,1654,12,144,91,1,23,2100
1786860437458,890680,617,,Buya,Military fork|Jade scale mail|Merchant helm,1652,12,138,91,1,23,2100
1786860468491,885572,617,,Buya,Military fork|Jade scale mail|Merchant helm,1920,14,142,92,1,23,2100
1786860504026,892562,617,,Buya,Military fork|Jade scale mail|Merchant helm,1940,14,140,92,1,23,2100
1786860542064,890681,617,,Buya,Military fork|Jade scale mail|Merchant helm,1536,11,142,92,1,23,2100
1786860583105,890683,617,,Buya,Military fork|Jade scale mail|Merchant helm,1530,11,134,92,1,23,2100
1786860614650,892563,617,,Buya,Military fork|Jade scale mail|Merchant helm,1642,12,138,91,1,23,2100
1786860634171,890676,617,,Buya,Military fork|Jade scale mail|Merchant helm,1036,10,144,84,1,23,2100
1786860661196,894026,617,,Buya,Military fork|Jade scale mail|Merchant helm,1812,13,138,93,1,23,2100
1786860693735,894024,617,,Buya,Military fork|Jade scale mail|Merchant helm,1006,11,134,85,1,23,2100
1786860742292,894025,617,,Buya,Military fork|Jade scale mail|Merchant helm,1952,15,70,92,1,23,2100
1786860796356,894027,617,,Buya,Military fork|Jade scale mail|Merchant helm,1502,20,69,95,1,23,2100
1786860827385,892558,617,,Buya,Military fork|Jade scale mail|Merchant helm,1782,13,142,91,1,23,2100
1786862467145,894921,,,Buya,,1561,8,213,89,0,24,2000
1786862488173,894029,,,Buya,Military fork|Royal war platemail|Earth helm,1860,9,204,81,0,24,2000
1786862503684,894030,,,Buya,Military fork|Royal war platemail|Earth helm,1159,6,210,71,0,24,2000
1786862516705,894922,,,Buya,Military fork|Royal war platemail|Earth helm,1647,8,207,87,0,24,2000
1786862536221,890682,617,,Buya,Military fork|Royal war platemail|Earth helm,1546,8,216,78,1,24,2000
1786862555240,892561,617,,Buya,Military fork|Royal war platemail|Earth helm,1671,8,216,87,1,24,2000
1786862564747,894919,617,,Buya,Military fork|Royal war platemail|Earth helm,1644,8,213,87,1,24,2000
1786862576759,894022,617,,Buya,Military fork|Royal war platemail|Earth helm,1117,6,201,72,1,24,2000
1786862582764,896774,,,Buya,Military fork|Royal war platemail|Earth helm,1665,8,210,86,0,24,2000
1786862599790,894028,617,,Buya,Military fork|Royal war platemail|Earth helm,1680,8,216,86,1,24,2000
1786862609806,894920,617,,Buya,Military fork|Royal war platemail|Earth helm,1110,6,207,74,1,24,2000
1786862632826,62258,,,Buya,Military fork|Royal war platemail|Earth helm,2898,14,207,92,0,24,3000
1786862654936,890678,617,,Buya,Military fork|Royal war platemail|Earth helm,1366,7,204,65,1,24,2000
1786862671960,906907,617,,Buya,Military fork|Royal war platemail|Earth helm,1503,8,118,79,1,24,2000
1786862686972,906909,617,,Buya,Military fork|Royal war platemail|Earth helm,1665,8,207,86,1,24,2000
1786862698987,906910,617,,Buya,Military fork|Royal war platemail|Earth helm,1159,6,201,87,1,24,2000
1786862727015,906908,617,,Buya,Military fork|Royal war platemail|Earth helm,1354,7,216,77,1,24,2000
1786862780588,906905,617,,Buya,Military fork|Royal war platemail|Earth helm,1659,8,213,87,1,24,2000
1786862789593,906911,617,,Buya,Military fork|Royal war platemail|Earth helm,2061,10,210,89,1,24,2000
1786862802614,894023,617,,Buya,Military fork|Royal war platemail|Earth helm,1156,6,103,86,1,24,2000
1786864214064,908711,,,Buya,,1656,8,204,87,0,25,2000
1786864232582,908712,,,Buya,Military fork|Royal war platemail|Earth helm,1665,8,210,86,0,25,2000
1786864252107,908713,,,Buya,Military fork|Royal war platemail|Earth helm,1884,9,204,89,0,25,2000
1786864255611,908719,,,Buya,Military fork|Royal war platemail|Earth helm,1668,8,201,86,0,25,2000
1786864276136,908709,,,Buya,Military fork|Royal war platemail|Earth helm,1665,8,216,87,0,25,2000
1786864280134,908720,,,Buya,Military fork|Royal war platemail|Earth helm,1795,9,103,87,0,25,2000
1786864299650,908717,,,Buya,Military fork|Royal war platemail|Earth helm,1677,8,213,87,0,25,2000
1786864340700,908721,,,Buya,Military fork|Royal war platemail|Earth helm,1464,7,210,85,0,25,2000
1786864344702,918851,617,,Buya,Military fork|Royal war platemail|Earth helm,1692,8,201,86,1,25,2000
1786864362723,918847,617,,Buya,Military fork|Royal war platemail|Earth helm,1168,6,207,87,1,25,2000
1786864378236,918852,617,,Buya,Military fork|Royal war platemail|Earth helm,1104,6,213,77,1,25,2000
1786864386247,908716,,,Buya,Military fork|Royal war platemail|Earth helm,1123,6,207,58,0,25,2000
1786864421296,906906,617,,Buya,Military fork|Royal war platemail|Earth helm,1698,8,213,86,1,25,2000
1786901589334,397550,125,,Mythic Waters 1,Military fork|Sky war platemail|Earth helm|Purple ring|Purple ring,604,3,134,70,1,28,4500
1786901636378,397549,125,,Mythic Waters 1,Military fork|Sky war platemail|Earth helm|Purple ring|Purple ring,697,7,122,97,1,28,4500
1786901640382,397561,125,,Mythic Waters 1,Military fork|Sky war platemail|Earth helm|Purple ring|Purple ring,580,6,125,69,1,28,4500
1786901645055,201274,,,Mythic Waters 1,Military fork|Sky war platemail|Earth helm|Purple ring|Purple ring,776,7,119,84,0,28,4500
1786901656107,397560,125,,Mythic Waters 1,Military fork|Sky war platemail|Earth helm|Purple ring|Purple ring,803,7,113,85,1,28,4500
1786901663616,397551,125,,Mythic Waters 1,Military fork|Sky war platemail|Earth helm|Purple ring|Purple ring,734,8,98,85,1,28,4500
1786901666620,201270,125,,Mythic Waters 1,Military fork|Sky war platemail|Earth helm|Purple ring|Purple ring,931,8,110,86,1,28,4500
1786901668121,397547,125,,Mythic Waters 1,Military fork|Sky war platemail|Earth helm|Purple ring|Purple ring,919,9,101,97,1,28,4500
1786901671122,397559,125,,Mythic Waters 1,Military fork|Sky war platemail|Earth helm|Purple ring|Purple ring,782,7,122,85,1,28,4500
1786901680632,397562,125,,Mythic Waters 1,Military fork|Sky war platemail|Earth helm|Purple ring|Purple ring,770,7,107,85,1,28,4500
1786901685635,201272,,,Mythic Waters 1,Military fork|Sky war platemail|Earth helm|Purple ring|Purple ring,696,6,128,82,0,28,4500
1786901964037,398277,125,,Mythic Waters 1,,392,4,71,82,1,28,4500
1786902010086,201273,,,Mythic Waters 1,,794,7,98,85,0,28,4500
1786902014587,398279,,,Mythic Waters 1,,690,6,101,82,0,28,4500
1786902063141,201271,125,,Mythic Waters 1,,907,8,116,87,1,28,4500
1786902066142,201276,125,,Mythic Waters 1,,672,6,125,82,1,28,4500
1786902086162,400368,125,,Mythic Waters 1,,583,4,128,69,1,28,4500
1786902090668,400366,125,,Mythic Waters 1,,580,5,104,84,1,28,4500
1786902100678,400367,125,,Mythic Waters 1,,978,9,125,96,1,28,4500
1786902106681,400370,125,,Mythic Waters 1,,936,9,98,97,1,28,4500
1786902114688,201275,125,,Mythic Waters 1,,752,7,62,84,1,28,4500
1786902120195,400395,125,,Mythic Waters 1,,734,7,80,85,1,28,4500
1786902150234,201277,125,,Mythic Waters 1,,861,8,119,84,1,28,4500
1786902176762,400730,125,,Mythic Waters 1,,2591,19,120,90,1,28,4500
1786902184973,400729,125,,Mythic Waters 1,,2516,28,92,97,1,28,
1786902203288,400394,125,,Mythic Waters 1,,2784,23,122,95,1,28,4500
1786902226316,400727,125,,Mythic Waters 1,,2308,21,121,96,1,28,4500
1786902242839,400731,125,,Mythic Waters 1,,2611,23,125,96,1,28,4500
1786902288563,400396,125,,Mythic Waters 1,,1914,16,118,94,1,28,4500
1786902352628,400397,125,,Mythic Waters 1,,2572,21,118,95,1,28,4725
1786902371145,401879,125,,Mythic Waters 1,,2355,19,110,95,1,29,4725
1786902378654,401878,125,,Mythic Waters 1,,955,8,113,86,1,29,4725
1786902385160,401883,125,,Mythic Waters 1,,791,7,110,82,1,29,4725
1786902455230,401880,,,Mythic Waters 1,,601,5,125,85,0,29,4725
1786902465743,401882,,,Mythic Waters 1,,508,5,116,85,0,29,4725
1786902535805,401877,125,,Mythic Waters 1,,883,8,113,87,1,29,4725
1786902575853,401881,125,,Mythic Waters 1,,800,7,128,84,1,29,4725
1786902621400,403028,125,,Mythic Waters 1,,1034,10,125,85,1,29,4725
1786902625907,403032,125,,Mythic Waters 1,,1218,12,101,97,1,29,4725
1786902629913,403030,125,,Mythic Waters 1,,1542,14,101,97,1,29,4725
1786902641417,403033,125,,Mythic Waters 1,,1010,10,107,85,1,29,4725
1786902648432,403412,125,,Mythic Waters 1,,788,7,104,85,1,29,4725
1786902658951,403411,125,,Mythic Waters 1,,797,7,119,84,1,29,4725
1786902687977,403415,125,,Mythic Waters 1,,812,7,107,85,1,29,4725
1786909456678,404962,,,Mythic Waters 1,,922,8,128,85,0,29,4500
1786909461183,404959,,,Mythic Waters 1,,630,6,116,86,0,29,4500
1786909466188,403413,,,Mythic Waters 1,,708,6,116,86,0,29,4500
1786909470194,404960,,,Mythic Waters 1,,672,6,101,86,0,29,4500
1786909476702,403409,,,Mythic Waters 1,,702,6,101,82,0,29,4500
1786909483205,403410,125,,Mythic Waters 1,,651,6,62,86,1,29,4500
1786909498224,404963,,,Mythic Waters 1,,806,7,104,83,0,29,4500
1786909520743,456424,125,,Mythic Waters 1,,865,8,122,85,1,29,4500
1786909526249,456422,125,,Mythic Waters 1,,909,8,125,85,1,29,4500
1786909528756,456423,125,,Mythic Waters 1,,842,5,104,69,1,29,4500
1786909530757,456421,125,,Mythic Waters 1,,1414,13,116,94,1,29,4500
1786909537263,404961,125,,Mythic Waters 1,,705,6,131,83,1,29,4500
1786909566286,198573,,,Mythic Owsla 1,,1092,9,125,88,0,29,5500
1786909576796,198575,,,Mythic Owsla 1,,1038,9,104,87,0,29,5500
1786909587305,198576,125,,Mythic Owsla 1,,1101,9,113,87,1,29,5500
1786909599319,200120,,,Mythic Owsla 1,,637,5,131,85,0,29,4500
1786909612333,200121,125,,Mythic Owsla 1,,726,6,113,82,1,29,4500
1786909690419,198577,125,,Mythic Owsla 1,,1071,9,128,87,1,29,5500
1786909691420,200118,125,,Mythic Owsla 1,,913,8,101,86,1,30,4500
1786909696928,197792,125,,Mythic Owsla 1,,854,7,125,85,1,30,4500
1786909726962,198574,125,,Mythic Owsla 1,,1026,9,119,88,1,30,5500
1786909732968,197794,125,,Mythic Owsla 1,,684,6,122,82,1,30,4500
1786909750986,457706,125,,Mythic Owsla 1,,577,5,128,54,1,30,4500
1786909756492,457703,125,,Mythic Owsla 1,,827,7,101,84,1,30,4500
1786909765510,457704,125,,Mythic Owsla 1,,761,7,116,85,1,30,4500
1786909775519,457727,125,,Mythic Owsla 1,,1065,9,119,87,1,30,5500
1786909776019,457725,125,,Mythic Owsla 1,,979,8,107,87,1,30,5500
1786909783025,457705,125,,Mythic Owsla 1,,848,7,131,84,1,30,4500
1786909786528,457726,125,,Mythic Owsla 1,,782,7,131,87,1,30,5500
1786909805549,456993,,,Mythic Waters 1,,937,8,113,86,0,30,4500
1786909810566,456992,,,Mythic Waters 1,,842,7,116,85,0,30,4500
1786909814069,456994,,,Mythic Waters 1,,455,4,128,49,0,30,4500
1786909817571,456991,,,Mythic Waters 1,,559,5,116,83,0,30,4500
1786909826579,456989,,,Mythic Waters 1,,833,7,119,84,0,30,4500
1786909854112,456995,125,,Mythic Waters 1,,571,5,89,84,1,30,4500
1786909866627,456990,125,,Mythic Waters 1,,705,6,125,82,1,30,4500
1786909886846,456996,125,,Mythic Waters 1,,797,7,110,84,1,30,4500
1786913274390,460063,,,Mythic Waters 1,Military fork|Sky war platemail|Earth helm|Purple ring|Purple ring,791,7,116,84,0,32,4725
1786913282900,460064,,,Mythic Waters 1,Military fork|Sky war platemail|Earth helm|Purple ring|Purple ring,812,7,119,84,0,32,4725
1786913294911,460062,,,Mythic Waters 1,Military fork|Sky war platemail|Earth helm|Purple ring|Purple ring,544,5,107,85,0,32,4725
1786913304428,460060,125,,Mythic Waters 1,Military fork|Sky war platemail|Earth helm|Purple ring|Purple ring,922,8,128,86,1,32,4725
1786913312442,460059,125,,Mythic Waters 1,Military fork|Sky war platemail|Earth helm|Purple ring|Purple ring,821,7,110,84,1,32,4725
1786913324448,460061,125,,Mythic Waters 1,Military fork|Sky war platemail|Earth helm|Purple ring|Purple ring,797,7,107,83,1,32,4725
1786913328953,490806,125,,Mythic Waters 1,Military fork|Sky war platemail|Earth helm|Purple ring|Purple ring,565,5,125,85,1,32,
1786913328953,490810,125,,Mythic Waters 1,Military fork|Sky war platemail|Earth helm|Purple ring|Purple ring,791,7,119,85,1,32,4725
1786913329956,490807,125,,Mythic Waters 1,Military fork|Sky war platemail|Earth helm|Purple ring|Purple ring,976,9,122,85,1,32,4725
1786913337959,490809,125,,Mythic Waters 1,Military fork|Sky war platemail|Earth helm|Purple ring|Purple ring,1238,13,113,96,1,32,4725
1786913347619,460058,125,,Mythic Waters 1,Military fork|Sky war platemail|Earth helm|Purple ring|Purple ring,833,7,128,85,1,32,4725
1786913393666,490999,125,,Rabbit Leap 1,Military fork|Sky war platemail|Earth helm|Purple ring|Purple ring,607,4,122,69,1,32,4725
1786913400172,491000,125,,Rabbit Leap 1,Military fork|Sky war platemail|Earth helm|Purple ring|Purple ring,574,5,122,55,1,32,4725
1786913405677,490998,125,,Rabbit Leap 1,Military fork|Sky war platemail|Earth helm|Purple ring|Purple ring,833,7,128,85,1,32,4725
1786913406679,490997,125,,Rabbit Leap 1,Military fork|Sky war platemail|Earth helm|Purple ring|Purple ring,657,6,89,84,1,32,4725
1786913779571,491876,,,Mythic Waters 1,Military fork|Sky war platemail|Earth helm|Purple ring|Purple ring,744,6,107,82,0,32,4725
1786913787579,491872,125,,Mythic Waters 1,Military fork|Sky war platemail|Earth helm|Purple ring|Purple ring,541,5,116,84,1,32,4725
1786913803598,494213,125,,Mythic Waters 1,Military fork|Sky war platemail|Earth helm|Purple ring|Purple ring,782,7,107,85,1,32,4725
1786913808101,494214,125,,Mythic Waters 1,Military fork|Sky war platemail|Earth helm|Purple ring|Purple ring,824,7,101,84,1,32,4725
1786913808604,494217,125,,Mythic Waters 1,Military fork|Sky war platemail|Earth helm|Purple ring|Purple ring,1316,12,116,96,1,32,4725
1786913812605,494215,125,,Mythic Waters 1,Military fork|Sky war platemail|Earth helm|Purple ring|Purple ring,913,7,128,69,1,32,4725
1786913827623,494303,125,,Mythic Waters 1,Military fork|Sky war platemail|Earth helm|Purple ring|Purple ring,803,7,122,85,1,32,4725
1786913831629,494300,125,,Mythic Waters 1,Military fork|Sky war platemail|Earth helm|Purple ring|Purple ring,565,5,113,84,1,32,4725
1786913835130,494299,125,,Mythic Waters 1,Military fork|Sky war platemail|Earth helm|Purple ring|Purple ring,862,8,110,84,1,32,4725
1786913836130,494302,125,,Mythic Waters 1,Military fork|Sky war platemail|Earth helm|Purple ring|Purple ring,1273,11,113,96,1,32,4725
1786913847145,491874,125,,Mythic Waters 1,Military fork|Sky war platemail|Earth helm|Purple ring|Purple ring,776,7,107,85,1,32,4725
1786913861661,491873,125,,Mythic Waters 1,Military fork|Sky war platemail|Earth helm|Purple ring|Purple ring,931,8,101,86,1,32,4725
1786913867665,491875,125,,Mythic Waters 1,Military fork|Sky war platemail|Earth helm|Purple ring|Purple ring,949,8,125,86,1,32,4725
1786913873671,491878,125,,Mythic Waters 1,Military fork|Sky war platemail|Earth helm|Purple ring|Purple ring,708,6,128,82,1,32,4725
1786913884184,494760,125,,Mythic Waters 1,Military fork|Sky war platemail|Earth helm|Purple ring|Purple ring,800,7,125,84,1,32,4725
1786913891190,494763,125,,Mythic Waters 1,Military fork|Sky war platemail|Earth helm|Purple ring|Purple ring,580,5,131,85,1,32,4725
1786913892191,494762,125,,Mythic Waters 1,Military fork|Sky war platemail|Earth helm|Purple ring|Purple ring,816,5,107,69,1,32,4725
1786913894691,494761,125,,Mythic Waters 1,Military fork|Sky war platemail|Earth helm|Purple ring|Purple ring,782,6,110,84,1,32,4725
1786913903206,495361,125,,Mythic Waters 1,Military fork|Sky war platemail|Earth helm|Purple ring|Purple ring,863,7,110,84,1,32,4725
1786913907209,495364,125,,Mythic Waters 1,Military fork|Sky war platemail|Earth helm|Purple ring|Purple ring,839,7,116,84,1,32,
1786913907209,495363,125,,Mythic Waters 1,Military fork|Sky war platemail|Earth helm|Purple ring|Purple ring,589,4,107,70,1,32,4725
1786913912712,495362,125,,Mythic Waters 1,Military fork|Sky war platemail|Earth helm|Purple ring|Purple ring,872,7,128,84,1,32,4725
1786913940738,482534,125,,Golden Warren 1,Military fork|Sky war platemail|Earth helm|Purple ring|Purple ring,809,7,104,85,1,32,4725
1786913947786,482535,125,,Golden Warren 1,Military fork|Sky war platemail|Earth helm|Purple ring|Purple ring,946,8,119,86,1,33,4725
1786913952798,485387,125,,Golden Warren 1,Military fork|Sky war platemail|Earth helm|Purple ring|Purple ring,901,8,125,86,1,33,4725
1786913960306,495491,125,,Golden Warren 1,Military fork|Sky war platemail|Earth helm|Purple ring|Purple ring,836,7,113,85,1,33,4725
1786913966808,495492,125,,Golden Warren 1,Military fork|Sky war platemail|Earth helm|Purple ring|Purple ring,875,7,116,84,1,33,4725
1786913972314,495493,125,,Golden Warren 1,Military fork|Sky war platemail|Earth helm|Purple ring|Purple ring,824,7,134,85,1,33,4725
1786913977822,495490,125,,Golden Warren 1,Military fork|Sky war platemail|Earth helm|Purple ring|Purple ring,598,6,113,84,1,33,4725
1786913984837,482536,125,,Golden Warren 1,Military fork|Sky war platemail|Earth helm|Purple ring|Purple ring,812,7,131,85,1,33,4725
1786913995848,485389,125,,Golden Warren 1,Military fork|Sky war platemail|Earth helm|Purple ring|Purple ring,982,8,125,85,1,33,4725
1786914038906,496981,125,,Rabbit Leap 1,Military fork|Sky war platemail|Earth helm|Purple ring|Purple ring,854,5,134,70,1,33,4725
1786914042908,496980,125,,Rabbit Leap 1,Military fork|Sky war platemail|Earth helm|Purple ring|Purple ring,803,7,113,85,1,33,4725
1786914047421,496979,125,,Rabbit Leap 1,Military fork|Sky war platemail|Earth helm|Purple ring|Purple ring,830,7,110,84,1,33,4725
1786914048421,496982,125,,Rabbit Leap 1,Military fork|Sky war platemail|Earth helm|Purple ring|Purple ring,827,7,128,85,1,33,4725
1786914088961,487515,21,,Rabbit Leap 1,Military fork|Sky war platemail|Earth helm|Purple ring|Purple ring,1235,10,125,89,1,33,6825
1786914090470,195953,21,,Rabbit Leap 1,Military fork|Sky war platemail|Earth helm|Purple ring|Purple ring,1229,10,128,90,1,33,6825
1786914095471,487518,21,,Rabbit Leap 1,Military fork|Sky war platemail|Earth helm|Purple ring|Purple ring,1315,11,113,90,1,33,6825
1786914123500,498134,125,,Rabbit Leap 1,Military fork|Sky war platemail|Earth helm|Purple ring|Purple ring,1003,8,113,87,1,33,5775
1786914125996,498136,125,,Rabbit Leap 1,Military fork|Sky war platemail|Earth helm|Purple ring|Purple ring,1053,8,250,88,1,33,5775
1786914128999,498135,125,,Rabbit Leap 1,Military fork|Sky war platemail|Earth helm|Purple ring|Purple ring,958,7,107,74,1,33,5775
1786914138006,487512,21,,Rabbit Leap 1,Military fork|Sky war platemail|Earth helm|Purple ring|Purple ring,1148,10,119,90,1,33,6825
1786914154021,498478,125,,Rabbit Leap 1,Military fork|Sky war platemail|Earth helm|Purple ring|Purple ring,1077,8,134,75,1,33,5775
1786914154526,498477,125,,Rabbit Leap 1,Military fork|Sky war platemail|Earth helm|Purple ring|Purple ring,699,6,116,87,1,33,5775
1786914158027,498479,125,,Rabbit Leap 1,Military fork|Sky war platemail|Earth helm|Purple ring|Purple ring,958,8,113,87,1,33,5775
1786914185567,189879,,,Wilderness,Military fork|Sky war platemail|Earth helm|Purple ring|Purple ring,1071,9,122,87,0,33,6825
1786914194074,186972,21,,Wilderness,Military fork|Sky war platemail|Earth helm|Purple ring|Purple ring,1336,11,143,89,1,33,6825
1786914354866,497500,,,Mythic Waters 1,Military fork|Sky war platemail|Earth helm|Purple ring|Purple ring,523,5,104,85,0,33,4725
1786914364376,491877,,,Mythic Waters 1,Military fork|Sky war platemail|Earth helm|Purple ring|Purple ring,854,7,122,85,0,33,4725
1786914372386,497502,,,Mythic Waters 1,Military fork|Sky war platemail|Earth helm|Purple ring|Purple ring,964,8,122,86,0,33,4725
1786914377395,460065,125,,Mythic Waters 1,Military fork|Sky war platemail|Earth helm|Purple ring|Purple ring,702,6,128,83,1,33,4725
1786914387403,497501,,,Mythic Waters 1,Military fork|Sky war platemail|Earth helm|Purple ring|Purple ring,896,7,134,85,0,33,4725
1786914395911,501511,125,,Mythic Waters 1,Military fork|Sky war platemail|Earth helm|Purple ring|Purple ring,601,5,128,68,1,33,4725
1786914398913,501508,125,,Mythic Waters 1,Military fork|Sky war platemail|Earth helm|Purple ring|Purple ring,919,8,113,85,1,33,4725
1786914400416,501510,125,,Mythic Waters 1,Military fork|Sky war platemail|Earth helm|Purple ring|Purple ring,1160,11,119,97,1,33,4725
1786914407922,501512,125,,Mythic Waters 1,Military fork|Sky war platemail|Earth helm|Purple ring|Purple ring,827,7,134,85,1,33,4725
1786922072532,566631,,,Buya,,148,4,79,84,0,33,550
1786922097058,566641,25,,Buya,Sword of power,166,7,26,85,1,33,550
1786922105567,566629,25,,Buya,Sword of power,211,7,71,85,1,33,550
1786922125593,566633,25,,Buya,Sword of power,149,4,82,83,1,33,550
1786922141610,566643,25,,Buya,Sword of power,145,6,22,82,1,33,550
1786922165628,566617,25,,Buya,Sword of power,173,5,24,67,1,33,550
1786922182647,566619,25,,Buya,Sword of power,173,7,24,82,1,33,550
1786922207677,566623,25,,Buya,Sword of power,142,6,22,81,1,33,550
1786922218196,566615,25,,Buya,Sword of power,151,5,23,64,1,33,550
1786922228206,566637,25,,Buya,Sword of power,174,5,74,86,1,33,550
1786922261241,566645,25,,Buya,Sword of power,170,6,26,66,1,33,550
1786922273251,566625,25,,Buya,Sword of power,147,6,26,80,1,33,550
1786922303785,566635,25,,Buya,Sword of power,141,6,25,82,1,33,550
1786922323807,566613,25,,Buya,Sword of power,166,6,23,69,1,33,550
1786922343951,566621,25,,Buya,Sword of power,149,6,25,82,1,33,550
1786922837146,571662,,,Buya,,178,7,28,86,0,33,550
1786923131107,576259,,,Buya,,155,6,25,81,0,33,550
1786923150127,576247,25,,Buya,Sword of power,148,6,23,84,1,33,550
1786923157135,576265,25,,Buya,Sword of power,171,5,27,85,1,33,550
1786923169145,576253,25,,Buya,Sword of power,143,6,23,81,1,33,550
1786923177157,576267,25,,Buya,Sword of power,179,6,25,70,1,33,550
1786923188164,576263,25,,Buya,Sword of power,155,6,23,83,1,33,550
1786923197671,576251,25,,Buya,Sword of power,178,7,28,83,1,33,550
1786923221696,576241,25,,Buya,Sword of power,240,4,76,66,1,33,550
1786923232709,576271,25,,Buya,Sword of power,152,6,25,80,1,33,550
1786923246229,576239,25,,Buya,Sword of power,178,6,25,66,1,33,550
